# Blender 4.1.1
# www.blender.org
mtllib player.mtl
o 立方体.001
v 0.450921 -0.095968 0.095336
v 0.455247 0.095968 0.109884
v 0.816361 -0.086570 -0.237217
v 0.844100 0.095968 -0.224318
v 0.414638 -0.095968 0.078464
v 0.393321 0.095968 0.081088
v 0.730199 -0.086570 -0.277282
v 0.702460 0.095968 -0.290181
v 0.434516 0.000000 0.139217
v 0.844100 0.000000 -0.224318
v 0.702460 0.000000 -0.290181
v 0.361233 0.000000 0.105140
v 0.434516 0.024826 0.139217
v 0.844100 0.047984 -0.224318
v 0.702460 0.047984 -0.290181
v 0.361233 0.024826 0.105140
v 0.816361 -0.057381 -0.237217
v 0.730199 -0.057381 -0.277282
v 0.361233 -0.024826 0.105140
v 0.434516 -0.024826 0.139217
v 0.656397 -0.095968 -0.034604
v 0.656397 0.095968 -0.034604
v 0.514757 -0.095968 -0.100467
v 0.514757 0.095968 -0.100467
v 0.514757 0.000000 -0.100467
v 0.656397 0.000000 -0.034604
v 0.514757 0.047984 -0.100467
v 0.656397 0.047984 -0.034604
v 0.656397 -0.047984 -0.034604
v 0.514757 -0.047984 -0.100467
v 0.750249 0.095968 -0.129461
v 0.608609 -0.095968 -0.195324
v 0.750249 0.000000 -0.129461
v 0.750249 0.047984 -0.129461
v 0.750249 -0.047984 -0.129461
v 0.750249 -0.095968 -0.129461
v 0.608609 0.095968 -0.195324
v 0.608609 0.000000 -0.195324
v 0.608609 0.047984 -0.195324
v 0.608609 -0.047984 -0.195324
v 0.474963 -0.095968 0.071036
v 0.434353 0.095968 0.039616
v 0.420906 0.000000 -0.005610
v 0.420906 0.047984 -0.005610
v 0.420906 -0.047984 -0.005610
v 0.496280 0.095968 0.068412
v 0.438679 -0.095968 0.054164
v 0.562546 0.000000 0.060253
v 0.562546 0.047984 0.060253
v 0.562546 -0.047984 0.060253
v 0.871007 0.087983 -0.326299
v 0.776503 0.087983 -0.370244
v 0.871007 0.055968 -0.326299
v 0.776503 0.055968 -0.370244
v 0.850354 0.039245 -0.294107
v 0.850354 0.008738 -0.294107
v 0.760303 0.039245 -0.335981
v 0.760303 0.008738 -0.335981
v 0.828987 -0.010009 -0.264080
v 0.746435 -0.010009 -0.302467
v 0.828987 -0.037975 -0.264080
v 0.746435 -0.037975 -0.302467
v 0.735008 0.119325 -0.165052
v 0.788104 0.119325 -0.218716
v 0.707972 0.119325 -0.255978
v 0.654876 0.119325 -0.202313
v 0.616212 0.110230 -0.158937
v 0.563317 0.110230 -0.105475
v 0.643146 0.110230 -0.068354
v 0.696042 0.110230 -0.121816
v 0.550793 0.102146 0.020725
v 0.598480 0.102146 -0.027473
v 0.526511 0.102146 -0.060939
v 0.478823 0.102146 -0.012741
v -0.237990 0.309128 0.199750
v -0.281170 -0.400158 0.084056
v -0.303746 0.309263 -0.302114
v -0.300430 -0.400158 -0.353869
v 0.237990 0.309128 0.199750
v 0.281170 -0.400158 0.084056
v 0.303746 0.309263 -0.302114
v 0.300430 -0.400158 -0.353869
v -0.327774 -0.226880 0.227115
v 0.400158 -0.085146 -0.373944
v -0.400158 -0.085146 -0.373944
v 0.327774 -0.226880 0.227115
v 0.330776 -0.400158 -0.119810
v -0.326535 0.316225 -0.119810
v 0.326535 0.316225 -0.119810
v -0.330776 -0.400158 -0.119810
v -0.442994 -0.151143 -0.119810
v 0.442994 -0.151143 -0.119810
v 0.000000 -0.400158 0.317156
v 0.000000 -0.400158 -0.424737
v 0.000000 0.360209 0.268022
v 0.000000 -0.256495 0.426152
v 0.000000 -0.076400 -0.509822
v 0.000000 -0.400158 -0.119810
v 0.000000 0.442602 -0.230626
v 0.400158 0.200079 -0.318664
v -0.351098 0.200079 0.247973
v -0.400158 0.200079 -0.318664
v 0.351098 0.200079 0.247973
v -0.442994 0.200079 -0.119810
v 0.442994 0.200079 -0.119810
v 0.000000 0.057332 0.518809
v 0.000000 0.200079 -0.486347
v -0.261710 -0.326174 0.120610
v -0.265562 -0.269168 -0.334295
v 0.261710 -0.326174 0.120610
v 0.265562 -0.269168 -0.334295
v 0.374753 -0.312666 -0.119810
v -0.374753 -0.312666 -0.119810
v 0.000000 -0.269168 -0.400158
v 0.000000 -0.362013 0.340150
v 0.000000 0.450149 -0.522239
v 0.166579 0.373404 -0.380124
v -0.166579 0.373404 -0.380124
v 0.000000 0.450291 -0.348016
v 0.000000 0.300111 -0.464338
v -0.419954 -0.112905 0.074506
v -0.423983 0.072377 0.126672
v -0.760297 -0.038019 -0.249641
v -0.786131 0.138377 -0.200948
v -0.386162 -0.109573 0.057966
v -0.366309 0.078064 0.098443
v -0.680052 -0.030107 -0.288918
v -0.654218 0.151384 -0.265514
v -0.404675 -0.027493 0.136475
v -0.786131 0.044299 -0.219900
v -0.654218 0.057306 -0.284466
v -0.336425 -0.020764 0.103069
v -0.404675 -0.003156 0.141378
v -0.786131 0.091338 -0.210424
v -0.654218 0.104345 -0.274990
v -0.336425 0.003574 0.107972
v -0.760297 -0.009404 -0.243877
v -0.680052 -0.001492 -0.283153
v -0.336425 -0.045101 0.098167
v -0.404675 -0.051830 0.131572
v -0.611319 -0.087244 -0.052875
v -0.611319 0.100911 -0.014970
v -0.479406 -0.074237 -0.117441
v -0.479406 0.113918 -0.079536
v -0.479406 0.019841 -0.098489
v -0.611319 0.006834 -0.033922
v -0.479406 0.066880 -0.089012
v -0.611319 0.053873 -0.024446
v -0.611319 -0.040205 -0.043398
v -0.479406 -0.027198 -0.107965
v -0.698725 0.119644 -0.107959
v -0.566812 -0.055504 -0.210430
v -0.698725 0.025567 -0.126911
v -0.698725 0.072605 -0.117435
v -0.698725 -0.021472 -0.136387
v -0.698725 -0.068511 -0.145863
v -0.566812 0.132651 -0.172525
v -0.566812 0.038573 -0.191477
v -0.566812 0.085612 -0.182001
v -0.566812 -0.008465 -0.200954
v -0.442344 -0.108106 0.050685
v -0.404524 0.086254 0.057788
v -0.392000 0.001108 -0.005500
v -0.392000 0.048147 0.003976
v -0.392000 -0.045931 -0.014976
v -0.462198 0.080567 0.086017
v -0.408553 -0.104774 0.034146
v -0.523913 -0.011899 0.059066
v -0.523913 0.035140 0.068543
v -0.523913 -0.058938 0.049590
v -0.811190 0.150690 -0.302497
v -0.723176 0.159368 -0.345577
v -0.811190 0.119305 -0.308820
v -0.723176 0.127983 -0.351899
v -0.791956 0.096554 -0.280564
v -0.791956 0.066648 -0.286589
v -0.708089 0.104823 -0.321614
v -0.708089 0.074917 -0.327638
v -0.772056 0.042340 -0.260856
v -0.695174 0.049921 -0.298486
v -0.772056 0.014924 -0.266378
v -0.695174 0.022505 -0.304009
v -0.684531 0.149570 -0.138236
v -0.733980 0.160168 -0.190844
v -0.659352 0.167527 -0.227372
v -0.609903 0.156929 -0.174764
v -0.573894 0.139447 -0.134039
v -0.524631 0.128889 -0.081629
v -0.598978 0.121558 -0.045239
v -0.648241 0.132116 -0.097648
v -0.512967 0.096041 0.040489
v -0.557379 0.105559 -0.006760
v -0.490352 0.112168 -0.039567
v -0.445940 0.102650 0.007682
v 0.251343 0.104961 0.292784
v 0.251343 0.096603 0.284426
v 0.251343 0.085682 0.279903
v 0.251343 0.079772 0.279321
v 0.251343 0.073862 0.279903
v 0.251343 0.062942 0.284426
v 0.252496 0.109485 0.303818
v 0.253605 0.107761 0.298245
v 0.254627 0.104961 0.293108
v 0.255523 0.101194 0.288605
v 0.256258 0.096603 0.284910
v 0.256804 0.091365 0.282164
v 0.257140 0.085682 0.280474
v 0.257254 0.079772 0.279903
v 0.257140 0.073862 0.280474
v 0.256804 0.068179 0.282164
v 0.256258 0.062942 0.284910
v 0.255523 0.058351 0.288605
v 0.254627 0.054583 0.293108
v 0.253605 0.051784 0.298245
v 0.252496 0.050060 0.303818
v 0.253605 0.109485 0.304155
v 0.255780 0.107761 0.298904
v 0.257784 0.104961 0.294065
v 0.259541 0.101194 0.289824
v 0.260983 0.096603 0.286343
v 0.262054 0.091365 0.283757
v 0.262714 0.085682 0.282164
v 0.262937 0.079772 0.281627
v 0.262714 0.073862 0.282164
v 0.262054 0.068179 0.283757
v 0.260983 0.062942 0.286343
v 0.259541 0.058351 0.289824
v 0.257784 0.054583 0.294065
v 0.255780 0.051784 0.298904
v 0.253605 0.050060 0.304155
v 0.254627 0.109485 0.304701
v 0.257784 0.107761 0.299976
v 0.260694 0.104961 0.295621
v 0.263245 0.101194 0.291804
v 0.265338 0.096603 0.288671
v 0.266893 0.091365 0.286343
v 0.267851 0.085682 0.284910
v 0.268174 0.079772 0.284426
v 0.267851 0.073862 0.284910
v 0.266893 0.068179 0.286343
v 0.265338 0.062942 0.288671
v 0.263245 0.058351 0.291804
v 0.260694 0.054583 0.295621
v 0.257784 0.051784 0.299976
v 0.254627 0.050060 0.304701
v 0.255523 0.109485 0.305436
v 0.259541 0.107761 0.301417
v 0.263245 0.104961 0.297714
v 0.266491 0.101194 0.294468
v 0.269155 0.096603 0.291804
v 0.271134 0.091365 0.289824
v 0.272353 0.085682 0.288605
v 0.272765 0.079772 0.288194
v 0.272353 0.073862 0.288605
v 0.271134 0.068179 0.289824
v 0.269155 0.062942 0.291804
v 0.266491 0.058351 0.294468
v 0.263245 0.054583 0.297714
v 0.259541 0.051784 0.301417
v 0.255523 0.050060 0.305436
v 0.256258 0.109485 0.306332
v 0.260983 0.107761 0.303174
v 0.265338 0.104961 0.300264
v 0.269155 0.101194 0.297714
v 0.272287 0.096603 0.295621
v 0.274615 0.091365 0.294065
v 0.276048 0.085682 0.293108
v 0.276532 0.079772 0.292784
v 0.276048 0.073862 0.293108
v 0.274615 0.068179 0.294065
v 0.272287 0.062942 0.295621
v 0.269155 0.058351 0.297714
v 0.265338 0.054583 0.300264
v 0.260983 0.051784 0.303174
v 0.256258 0.050060 0.306332
v 0.251343 0.110067 0.309615
v 0.256804 0.109485 0.307353
v 0.262054 0.107761 0.305178
v 0.266893 0.104961 0.303174
v 0.271134 0.101194 0.301417
v 0.274615 0.096603 0.299976
v 0.277201 0.091365 0.298904
v 0.278794 0.085682 0.298245
v 0.279332 0.079772 0.298022
v 0.278794 0.073862 0.298245
v 0.277201 0.068179 0.298904
v 0.274615 0.062942 0.299976
v 0.271134 0.058351 0.301417
v 0.266893 0.054583 0.303174
v 0.262054 0.051784 0.305178
v 0.256804 0.050060 0.307353
v 0.257140 0.109485 0.308462
v 0.262714 0.107761 0.307353
v 0.267851 0.104961 0.306332
v 0.272353 0.101194 0.305436
v 0.276048 0.096603 0.304701
v 0.278794 0.091365 0.304155
v 0.280485 0.085682 0.303818
v 0.281056 0.079772 0.303705
v 0.280485 0.073862 0.303818
v 0.278794 0.068179 0.304155
v 0.276048 0.062942 0.304701
v 0.272353 0.058351 0.305436
v 0.267851 0.054583 0.306332
v 0.262714 0.051784 0.307353
v 0.257140 0.050060 0.308462
v 0.257254 0.109485 0.309615
v 0.262937 0.107761 0.309615
v 0.268174 0.104961 0.309615
v 0.272765 0.101194 0.309615
v 0.276532 0.096603 0.309615
v 0.279332 0.091365 0.309615
v 0.281056 0.085682 0.309615
v 0.281638 0.079772 0.309615
v 0.281056 0.073862 0.309615
v 0.279332 0.068179 0.309615
v 0.276532 0.062942 0.309615
v 0.272765 0.058351 0.309615
v 0.268174 0.054583 0.309615
v 0.262937 0.051784 0.309615
v 0.257254 0.050060 0.309615
v 0.257140 0.109485 0.310768
v 0.262714 0.107761 0.311877
v 0.267851 0.104961 0.312899
v 0.272353 0.101194 0.313794
v 0.276048 0.096603 0.314529
v 0.278794 0.091365 0.315075
v 0.280485 0.085682 0.315412
v 0.281056 0.079772 0.315525
v 0.280485 0.073862 0.315412
v 0.278794 0.068179 0.315075
v 0.276048 0.062942 0.314529
v 0.272353 0.058351 0.313794
v 0.267851 0.054583 0.312899
v 0.262714 0.051784 0.311877
v 0.257140 0.050060 0.310768
v 0.256804 0.109485 0.311877
v 0.262054 0.107761 0.314052
v 0.266893 0.104961 0.316056
v 0.271134 0.101194 0.317813
v 0.274615 0.096603 0.319254
v 0.277201 0.091365 0.320326
v 0.278794 0.085682 0.320985
v 0.279332 0.079772 0.321208
v 0.278794 0.073862 0.320985
v 0.277201 0.068179 0.320326
v 0.274615 0.062942 0.319254
v 0.271134 0.058351 0.317813
v 0.266893 0.054583 0.316056
v 0.262054 0.051784 0.314052
v 0.256804 0.050060 0.311877
v 0.256258 0.109485 0.312899
v 0.260983 0.107761 0.316056
v 0.265338 0.104961 0.318966
v 0.269155 0.101194 0.321516
v 0.272287 0.096603 0.323609
v 0.274615 0.091365 0.325165
v 0.276048 0.085682 0.326122
v 0.276532 0.079772 0.326446
v 0.276048 0.073862 0.326122
v 0.274615 0.068179 0.325165
v 0.272287 0.062942 0.323609
v 0.269155 0.058351 0.321516
v 0.265338 0.054583 0.318966
v 0.260983 0.051784 0.316056
v 0.256258 0.050060 0.312899
v 0.255523 0.109485 0.313794
v 0.259541 0.107761 0.317813
v 0.263244 0.104961 0.321516
v 0.266491 0.101194 0.324762
v 0.269155 0.096603 0.327426
v 0.271134 0.091365 0.329406
v 0.272353 0.085682 0.330625
v 0.272765 0.079772 0.331036
v 0.272353 0.073862 0.330625
v 0.271134 0.068179 0.329406
v 0.269155 0.062942 0.327426
v 0.266491 0.058351 0.324762
v 0.263244 0.054583 0.321516
v 0.259541 0.051784 0.317813
v 0.255523 0.050060 0.313794
v 0.254627 0.109485 0.314529
v 0.257784 0.107761 0.319254
v 0.260694 0.104961 0.323609
v 0.263245 0.101194 0.327426
v 0.265338 0.096603 0.330559
v 0.266893 0.091365 0.332887
v 0.267851 0.085682 0.334320
v 0.268174 0.079772 0.334804
v 0.267851 0.073862 0.334320
v 0.266893 0.068179 0.332887
v 0.265338 0.062942 0.330559
v 0.263245 0.058351 0.327426
v 0.260694 0.054583 0.323609
v 0.257784 0.051784 0.319254
v 0.254627 0.050060 0.314529
v 0.253605 0.109485 0.315075
v 0.255780 0.107761 0.320326
v 0.257784 0.104961 0.325165
v 0.259541 0.101194 0.329406
v 0.260983 0.096603 0.332887
v 0.262054 0.091365 0.335473
v 0.262714 0.085682 0.337066
v 0.262937 0.079772 0.337603
v 0.262714 0.073862 0.337066
v 0.262054 0.068179 0.335473
v 0.260983 0.062942 0.332887
v 0.259541 0.058351 0.329406
v 0.257784 0.054583 0.325165
v 0.255780 0.051784 0.320326
v 0.253605 0.050060 0.315075
v 0.252496 0.109485 0.315412
v 0.253605 0.107761 0.320985
v 0.254627 0.104961 0.326122
v 0.255523 0.101194 0.330625
v 0.256258 0.096603 0.334320
v 0.256804 0.091365 0.337066
v 0.257140 0.085682 0.338756
v 0.257254 0.079772 0.339327
v 0.257140 0.073862 0.338756
v 0.256804 0.068179 0.337066
v 0.256258 0.062942 0.334320
v 0.255523 0.058351 0.330625
v 0.254627 0.054583 0.326122
v 0.253605 0.051784 0.320985
v 0.252496 0.050060 0.315412
v 0.251343 0.109485 0.315525
v 0.251343 0.107761 0.321208
v 0.251343 0.104961 0.326446
v 0.251343 0.101194 0.331036
v 0.251343 0.096603 0.334804
v 0.251343 0.091365 0.337603
v 0.251343 0.085682 0.339327
v 0.251343 0.079772 0.339909
v 0.251343 0.073862 0.339327
v 0.251343 0.068179 0.337603
v 0.251343 0.062942 0.334804
v 0.251343 0.058351 0.331036
v 0.251343 0.054583 0.326446
v 0.251343 0.051784 0.321208
v 0.251343 0.050060 0.315525
v 0.250190 0.109485 0.315412
v 0.249082 0.107761 0.320985
v 0.248060 0.104961 0.326122
v 0.247164 0.101194 0.330625
v 0.246429 0.096603 0.334320
v 0.245883 0.091365 0.337066
v 0.245547 0.085682 0.338756
v 0.245433 0.079772 0.339327
v 0.245547 0.073862 0.338756
v 0.245883 0.068179 0.337066
v 0.246429 0.062942 0.334320
v 0.247164 0.058351 0.330625
v 0.248060 0.054583 0.326122
v 0.249082 0.051784 0.320985
v 0.250190 0.050060 0.315412
v 0.249082 0.109485 0.315075
v 0.246907 0.107761 0.320326
v 0.244903 0.104961 0.325165
v 0.243146 0.101194 0.329406
v 0.241704 0.096603 0.332887
v 0.240633 0.091365 0.335473
v 0.239973 0.085682 0.337066
v 0.239750 0.079772 0.337603
v 0.239973 0.073862 0.337066
v 0.240633 0.068179 0.335473
v 0.241704 0.062942 0.332887
v 0.243146 0.058351 0.329406
v 0.244903 0.054583 0.325165
v 0.246907 0.051784 0.320326
v 0.249082 0.050060 0.315075
v 0.248060 0.109485 0.314529
v 0.244903 0.107761 0.319254
v 0.241993 0.104961 0.323609
v 0.239442 0.101194 0.327426
v 0.237349 0.096603 0.330559
v 0.235794 0.091365 0.332887
v 0.234836 0.085682 0.334320
v 0.234513 0.079772 0.334804
v 0.234836 0.073862 0.334320
v 0.235794 0.068179 0.332887
v 0.237349 0.062942 0.330559
v 0.239442 0.058351 0.327426
v 0.241993 0.054583 0.323609
v 0.244903 0.051784 0.319254
v 0.248060 0.050060 0.314529
v 0.247164 0.109485 0.313794
v 0.243146 0.107761 0.317813
v 0.239442 0.104961 0.321516
v 0.236196 0.101194 0.324762
v 0.233532 0.096603 0.327426
v 0.231553 0.091365 0.329406
v 0.230334 0.085682 0.330625
v 0.229922 0.079772 0.331036
v 0.230334 0.073862 0.330625
v 0.231553 0.068179 0.329406
v 0.233532 0.062942 0.327426
v 0.236196 0.058351 0.324762
v 0.239442 0.054583 0.321516
v 0.243146 0.051784 0.317813
v 0.247164 0.050060 0.313794
v 0.251343 0.049478 0.309615
v 0.246429 0.109485 0.312899
v 0.241704 0.107761 0.316056
v 0.237349 0.104961 0.318966
v 0.233532 0.101194 0.321516
v 0.230400 0.096603 0.323609
v 0.228072 0.091365 0.325165
v 0.226638 0.085682 0.326122
v 0.226154 0.079772 0.326446
v 0.226638 0.073862 0.326122
v 0.228072 0.068179 0.325165
v 0.230400 0.062942 0.323609
v 0.233532 0.058351 0.321516
v 0.237349 0.054583 0.318966
v 0.241704 0.051784 0.316056
v 0.246429 0.050060 0.312899
v 0.245883 0.109485 0.311877
v 0.240633 0.107761 0.314052
v 0.235794 0.104961 0.316056
v 0.231553 0.101194 0.317813
v 0.228072 0.096603 0.319254
v 0.225485 0.091365 0.320326
v 0.223893 0.085682 0.320985
v 0.223355 0.079772 0.321208
v 0.223893 0.073862 0.320985
v 0.225485 0.068179 0.320326
v 0.228072 0.062942 0.319254
v 0.231553 0.058351 0.317813
v 0.235794 0.054583 0.316056
v 0.240633 0.051784 0.314052
v 0.245883 0.050060 0.311877
v 0.245547 0.109485 0.310768
v 0.239973 0.107761 0.311877
v 0.234836 0.104961 0.312899
v 0.230334 0.101194 0.313794
v 0.226638 0.096603 0.314529
v 0.223893 0.091365 0.315075
v 0.222202 0.085682 0.315412
v 0.221631 0.079772 0.315525
v 0.222202 0.073862 0.315412
v 0.223893 0.068179 0.315075
v 0.226638 0.062942 0.314529
v 0.230334 0.058351 0.313794
v 0.234836 0.054583 0.312899
v 0.239973 0.051784 0.311877
v 0.245547 0.050060 0.310768
v 0.245433 0.109485 0.309615
v 0.239750 0.107761 0.309615
v 0.234513 0.104961 0.309615
v 0.229922 0.101194 0.309615
v 0.226154 0.096603 0.309615
v 0.223355 0.091365 0.309615
v 0.221631 0.085682 0.309615
v 0.221049 0.079772 0.309615
v 0.221631 0.073862 0.309615
v 0.223355 0.068179 0.309615
v 0.226154 0.062942 0.309615
v 0.229922 0.058351 0.309615
v 0.234513 0.054583 0.309615
v 0.239750 0.051784 0.309615
v 0.245433 0.050060 0.309615
v 0.245547 0.109485 0.308462
v 0.239973 0.107761 0.307353
v 0.234836 0.104961 0.306332
v 0.230334 0.101194 0.305436
v 0.226638 0.096603 0.304701
v 0.223893 0.091365 0.304155
v 0.222202 0.085682 0.303818
v 0.221631 0.079772 0.303705
v 0.222202 0.073862 0.303818
v 0.223893 0.068179 0.304155
v 0.226638 0.062942 0.304701
v 0.230334 0.058351 0.305436
v 0.234836 0.054583 0.306332
v 0.239973 0.051784 0.307353
v 0.245547 0.050060 0.308462
v 0.245883 0.109485 0.307353
v 0.240633 0.107761 0.305178
v 0.235794 0.104961 0.303174
v 0.231553 0.101194 0.301417
v 0.228072 0.096603 0.299976
v 0.225485 0.091365 0.298904
v 0.223893 0.085682 0.298245
v 0.223355 0.079772 0.298022
v 0.223893 0.073862 0.298245
v 0.225485 0.068179 0.298904
v 0.228072 0.062942 0.299976
v 0.231553 0.058351 0.301417
v 0.235794 0.054583 0.303174
v 0.240633 0.051784 0.305178
v 0.245883 0.050060 0.307353
v 0.246429 0.109485 0.306332
v 0.241704 0.107761 0.303174
v 0.237349 0.104961 0.300264
v 0.233532 0.101194 0.297714
v 0.230400 0.096603 0.295621
v 0.228072 0.091365 0.294065
v 0.226638 0.085682 0.293108
v 0.226155 0.079772 0.292784
v 0.226638 0.073862 0.293108
v 0.228072 0.068179 0.294065
v 0.230400 0.062942 0.295621
v 0.233532 0.058351 0.297714
v 0.237349 0.054583 0.300264
v 0.241704 0.051784 0.303174
v 0.246429 0.050060 0.306332
v 0.247164 0.109485 0.305436
v 0.243146 0.107761 0.301417
v 0.239442 0.104961 0.297714
v 0.236196 0.101194 0.294468
v 0.233532 0.096603 0.291804
v 0.231553 0.091365 0.289824
v 0.230334 0.085682 0.288605
v 0.229922 0.079772 0.288194
v 0.230334 0.073862 0.288605
v 0.231553 0.068179 0.289824
v 0.233532 0.062942 0.291804
v 0.236196 0.058351 0.294468
v 0.239442 0.054583 0.297714
v 0.243146 0.051784 0.301417
v 0.247164 0.050060 0.305436
v 0.248060 0.109485 0.304701
v 0.244903 0.107761 0.299976
v 0.241993 0.104961 0.295621
v 0.239442 0.101194 0.291804
v 0.237349 0.096603 0.288671
v 0.235794 0.091365 0.286344
v 0.234836 0.085682 0.284910
v 0.234513 0.079772 0.284426
v 0.234836 0.073862 0.284910
v 0.235794 0.068179 0.286344
v 0.237349 0.062942 0.288671
v 0.239442 0.058351 0.291804
v 0.241993 0.054583 0.295621
v 0.244903 0.051784 0.299976
v 0.248060 0.050060 0.304701
v 0.249082 0.109485 0.304155
v 0.246907 0.107761 0.298904
v 0.244903 0.104961 0.294066
v 0.243146 0.101194 0.289824
v 0.241704 0.096603 0.286344
v 0.240633 0.091365 0.283757
v 0.239973 0.085682 0.282164
v 0.239750 0.079772 0.281627
v 0.239973 0.073862 0.282164
v 0.240633 0.068179 0.283757
v 0.241704 0.062942 0.286344
v 0.243146 0.058351 0.289824
v 0.244903 0.054583 0.294066
v 0.246907 0.051784 0.298904
v 0.249082 0.050060 0.304155
v 0.250190 0.109485 0.303818
v 0.249082 0.107761 0.298245
v 0.248060 0.104961 0.293108
v 0.247164 0.101194 0.288605
v 0.246429 0.096603 0.284910
v 0.245883 0.091365 0.282164
v 0.245547 0.085682 0.280474
v 0.245433 0.079772 0.279903
v 0.245547 0.073862 0.280474
v 0.245883 0.068179 0.282164
v 0.246429 0.062942 0.284910
v 0.247164 0.058351 0.288605
v 0.248060 0.054583 0.293108
v 0.249082 0.051784 0.298245
v 0.250190 0.050060 0.303818
v 0.251343 0.109485 0.303705
v 0.251343 0.107761 0.298022
v 0.251343 0.101194 0.288194
v 0.251343 0.091365 0.281627
v 0.251343 0.068179 0.281627
v 0.251343 0.058351 0.288194
v 0.251343 0.054583 0.292784
v 0.251343 0.051784 0.298022
v 0.251343 0.050060 0.303705
v -0.253277 0.104961 0.292784
v -0.253277 0.096603 0.284426
v -0.253277 0.085682 0.279903
v -0.253277 0.079772 0.279321
v -0.253277 0.073862 0.279903
v -0.253277 0.062942 0.284426
v -0.252124 0.109485 0.303818
v -0.251015 0.107761 0.298245
v -0.249994 0.104961 0.293108
v -0.249098 0.101194 0.288605
v -0.248363 0.096603 0.284910
v -0.247817 0.091365 0.282164
v -0.247480 0.085682 0.280474
v -0.247367 0.079772 0.279903
v -0.247480 0.073862 0.280474
v -0.247817 0.068179 0.282164
v -0.248363 0.062942 0.284910
v -0.249098 0.058351 0.288605
v -0.249994 0.054583 0.293108
v -0.251015 0.051784 0.298245
v -0.252124 0.050060 0.303818
v -0.251015 0.109485 0.304155
v -0.248841 0.107761 0.298904
v -0.246836 0.104961 0.294065
v -0.245079 0.101194 0.289824
v -0.243638 0.096603 0.286343
v -0.242566 0.091365 0.283757
v -0.241907 0.085682 0.282164
v -0.241684 0.079772 0.281627
v -0.241907 0.073862 0.282164
v -0.242566 0.068179 0.283757
v -0.243638 0.062942 0.286343
v -0.245079 0.058351 0.289824
v -0.246836 0.054583 0.294065
v -0.248841 0.051784 0.298904
v -0.251015 0.050060 0.304155
v -0.249994 0.109485 0.304701
v -0.246836 0.107761 0.299976
v -0.243926 0.104961 0.295621
v -0.241376 0.101194 0.291804
v -0.239283 0.096603 0.288671
v -0.237728 0.091365 0.286343
v -0.236770 0.085682 0.284910
v -0.236446 0.079772 0.284426
v -0.236770 0.073862 0.284910
v -0.237728 0.068179 0.286343
v -0.239283 0.062942 0.288671
v -0.241376 0.058351 0.291804
v -0.243926 0.054583 0.295621
v -0.246836 0.051784 0.299976
v -0.249994 0.050060 0.304701
v -0.249098 0.109485 0.305436
v -0.245079 0.107761 0.301417
v -0.241376 0.104961 0.297714
v -0.238130 0.101194 0.294468
v -0.235466 0.096603 0.291804
v -0.233486 0.091365 0.289824
v -0.232267 0.085682 0.288605
v -0.231856 0.079772 0.288194
v -0.232267 0.073862 0.288605
v -0.233486 0.068179 0.289824
v -0.235466 0.062942 0.291804
v -0.238130 0.058351 0.294468
v -0.241376 0.054583 0.297714
v -0.245079 0.051784 0.301417
v -0.249098 0.050060 0.305436
v -0.248363 0.109485 0.306332
v -0.243638 0.107761 0.303174
v -0.239283 0.104961 0.300264
v -0.235466 0.101194 0.297714
v -0.232333 0.096603 0.295621
v -0.230006 0.091365 0.294065
v -0.228572 0.085682 0.293108
v -0.228088 0.079772 0.292784
v -0.228572 0.073862 0.293108
v -0.230006 0.068179 0.294065
v -0.232333 0.062942 0.295621
v -0.235466 0.058351 0.297714
v -0.239283 0.054583 0.300264
v -0.243638 0.051784 0.303174
v -0.248363 0.050060 0.306332
v -0.253277 0.110067 0.309615
v -0.247817 0.109485 0.307353
v -0.242566 0.107761 0.305178
v -0.237728 0.104961 0.303174
v -0.233486 0.101194 0.301417
v -0.230006 0.096603 0.299976
v -0.227419 0.091365 0.298904
v -0.225826 0.085682 0.298245
v -0.225289 0.079772 0.298022
v -0.225826 0.073862 0.298245
v -0.227419 0.068179 0.298904
v -0.230006 0.062942 0.299976
v -0.233486 0.058351 0.301417
v -0.237728 0.054583 0.303174
v -0.242566 0.051784 0.305178
v -0.247817 0.050060 0.307353
v -0.247480 0.109485 0.308462
v -0.241907 0.107761 0.307353
v -0.236770 0.104961 0.306332
v -0.232267 0.101194 0.305436
v -0.228572 0.096603 0.304701
v -0.225826 0.091365 0.304155
v -0.224136 0.085682 0.303818
v -0.223565 0.079772 0.303705
v -0.224136 0.073862 0.303818
v -0.225826 0.068179 0.304155
v -0.228572 0.062942 0.304701
v -0.232267 0.058351 0.305436
v -0.236770 0.054583 0.306332
v -0.241907 0.051784 0.307353
v -0.247480 0.050060 0.308462
v -0.247367 0.109485 0.309615
v -0.241684 0.107761 0.309615
v -0.236446 0.104961 0.309615
v -0.231856 0.101194 0.309615
v -0.228088 0.096603 0.309615
v -0.225289 0.091365 0.309615
v -0.223565 0.085682 0.309615
v -0.222983 0.079772 0.309615
v -0.223565 0.073862 0.309615
v -0.225289 0.068179 0.309615
v -0.228088 0.062942 0.309615
v -0.231856 0.058351 0.309615
v -0.236446 0.054583 0.309615
v -0.241684 0.051784 0.309615
v -0.247367 0.050060 0.309615
v -0.247480 0.109485 0.310768
v -0.241907 0.107761 0.311877
v -0.236770 0.104961 0.312899
v -0.232267 0.101194 0.313794
v -0.228572 0.096603 0.314529
v -0.225826 0.091365 0.315075
v -0.224136 0.085682 0.315412
v -0.223565 0.079772 0.315525
v -0.224136 0.073862 0.315412
v -0.225826 0.068179 0.315075
v -0.228572 0.062942 0.314529
v -0.232267 0.058351 0.313794
v -0.236770 0.054583 0.312899
v -0.241907 0.051784 0.311877
v -0.247480 0.050060 0.310768
v -0.247817 0.109485 0.311877
v -0.242566 0.107761 0.314052
v -0.237728 0.104961 0.316056
v -0.233486 0.101194 0.317813
v -0.230006 0.096603 0.319254
v -0.227419 0.091365 0.320326
v -0.225826 0.085682 0.320985
v -0.225289 0.079772 0.321208
v -0.225826 0.073862 0.320985
v -0.227419 0.068179 0.320326
v -0.230006 0.062942 0.319254
v -0.233486 0.058351 0.317813
v -0.237728 0.054583 0.316056
v -0.242566 0.051784 0.314052
v -0.247817 0.050060 0.311877
v -0.248363 0.109485 0.312899
v -0.243638 0.107761 0.316056
v -0.239283 0.104961 0.318966
v -0.235466 0.101194 0.321516
v -0.232333 0.096603 0.323609
v -0.230006 0.091365 0.325165
v -0.228572 0.085682 0.326122
v -0.228088 0.079772 0.326446
v -0.228572 0.073862 0.326122
v -0.230006 0.068179 0.325165
v -0.232333 0.062942 0.323609
v -0.235466 0.058351 0.321516
v -0.239283 0.054583 0.318966
v -0.243638 0.051784 0.316056
v -0.248363 0.050060 0.312899
v -0.249098 0.109485 0.313794
v -0.245079 0.107761 0.317813
v -0.241376 0.104961 0.321516
v -0.238130 0.101194 0.324762
v -0.235466 0.096603 0.327426
v -0.233486 0.091365 0.329406
v -0.232267 0.085682 0.330625
v -0.231856 0.079772 0.331036
v -0.232267 0.073862 0.330625
v -0.233486 0.068179 0.329406
v -0.235466 0.062942 0.327426
v -0.238130 0.058351 0.324762
v -0.241376 0.054583 0.321516
v -0.245079 0.051784 0.317813
v -0.249098 0.050060 0.313794
v -0.249994 0.109485 0.314529
v -0.246836 0.107761 0.319254
v -0.243926 0.104961 0.323609
v -0.241376 0.101194 0.327426
v -0.239283 0.096603 0.330559
v -0.237728 0.091365 0.332887
v -0.236770 0.085682 0.334320
v -0.236446 0.079772 0.334804
v -0.236770 0.073862 0.334320
v -0.237728 0.068179 0.332887
v -0.239283 0.062942 0.330559
v -0.241376 0.058351 0.327426
v -0.243926 0.054583 0.323609
v -0.246836 0.051784 0.319254
v -0.249994 0.050060 0.314529
v -0.251015 0.109485 0.315075
v -0.248841 0.107761 0.320326
v -0.246836 0.104961 0.325165
v -0.245079 0.101194 0.329406
v -0.243638 0.096603 0.332887
v -0.242566 0.091365 0.335473
v -0.241907 0.085682 0.337066
v -0.241684 0.079772 0.337603
v -0.241907 0.073862 0.337066
v -0.242566 0.068179 0.335473
v -0.243638 0.062942 0.332887
v -0.245079 0.058351 0.329406
v -0.246836 0.054583 0.325165
v -0.248841 0.051784 0.320326
v -0.251015 0.050060 0.315075
v -0.252124 0.109485 0.315412
v -0.251015 0.107761 0.320985
v -0.249994 0.104961 0.326122
v -0.249098 0.101194 0.330625
v -0.248363 0.096603 0.334320
v -0.247817 0.091365 0.337066
v -0.247481 0.085682 0.338756
v -0.247367 0.079772 0.339327
v -0.247481 0.073862 0.338756
v -0.247817 0.068179 0.337066
v -0.248363 0.062942 0.334320
v -0.249098 0.058351 0.330625
v -0.249994 0.054583 0.326122
v -0.251015 0.051784 0.320985
v -0.252124 0.050060 0.315412
v -0.253277 0.109485 0.315525
v -0.253277 0.107761 0.321208
v -0.253277 0.104961 0.326446
v -0.253277 0.101194 0.331036
v -0.253277 0.096603 0.334804
v -0.253277 0.091365 0.337603
v -0.253277 0.085682 0.339327
v -0.253277 0.079772 0.339909
v -0.253277 0.073862 0.339327
v -0.253277 0.068179 0.337603
v -0.253277 0.062942 0.334804
v -0.253277 0.058351 0.331036
v -0.253277 0.054583 0.326446
v -0.253277 0.051784 0.321208
v -0.253277 0.050060 0.315525
v -0.254430 0.109485 0.315412
v -0.255539 0.107761 0.320985
v -0.256561 0.104961 0.326122
v -0.257456 0.101194 0.330625
v -0.258191 0.096603 0.334320
v -0.258737 0.091365 0.337066
v -0.259074 0.085682 0.338756
v -0.259187 0.079772 0.339327
v -0.259074 0.073862 0.338756
v -0.258737 0.068179 0.337066
v -0.258191 0.062942 0.334320
v -0.257456 0.058351 0.330625
v -0.256561 0.054583 0.326122
v -0.255539 0.051784 0.320985
v -0.254430 0.050060 0.315412
v -0.255539 0.109485 0.315075
v -0.257714 0.107761 0.320326
v -0.259718 0.104961 0.325165
v -0.261475 0.101194 0.329406
v -0.262916 0.096603 0.332887
v -0.263988 0.091365 0.335473
v -0.264648 0.085682 0.337066
v -0.264870 0.079772 0.337603
v -0.264648 0.073862 0.337066
v -0.263988 0.068179 0.335473
v -0.262916 0.062942 0.332887
v -0.261475 0.058351 0.329406
v -0.259718 0.054583 0.325165
v -0.257714 0.051784 0.320326
v -0.255539 0.050060 0.315075
v -0.256561 0.109485 0.314529
v -0.259718 0.107761 0.319254
v -0.262628 0.104961 0.323609
v -0.265178 0.101194 0.327426
v -0.267271 0.096603 0.330559
v -0.268827 0.091365 0.332887
v -0.269784 0.085682 0.334320
v -0.270108 0.079772 0.334804
v -0.269784 0.073862 0.334320
v -0.268827 0.068179 0.332887
v -0.267271 0.062942 0.330559
v -0.265178 0.058351 0.327426
v -0.262628 0.054583 0.323609
v -0.259718 0.051784 0.319254
v -0.256561 0.050060 0.314529
v -0.257456 0.109485 0.313794
v -0.261475 0.107761 0.317813
v -0.265178 0.104961 0.321516
v -0.268424 0.101194 0.324762
v -0.271088 0.096603 0.327426
v -0.273068 0.091365 0.329406
v -0.274287 0.085682 0.330625
v -0.274698 0.079772 0.331036
v -0.274287 0.073862 0.330625
v -0.273068 0.068179 0.329406
v -0.271088 0.062942 0.327426
v -0.268424 0.058351 0.324762
v -0.265178 0.054583 0.321516
v -0.261475 0.051784 0.317813
v -0.257456 0.050060 0.313794
v -0.253277 0.049478 0.309615
v -0.258191 0.109485 0.312899
v -0.262916 0.107761 0.316056
v -0.267271 0.104961 0.318966
v -0.271088 0.101194 0.321516
v -0.274221 0.096603 0.323609
v -0.276549 0.091365 0.325165
v -0.277982 0.085682 0.326122
v -0.278466 0.079772 0.326446
v -0.277982 0.073862 0.326122
v -0.276549 0.068179 0.325165
v -0.274221 0.062942 0.323609
v -0.271088 0.058351 0.321516
v -0.267271 0.054583 0.318966
v -0.262916 0.051784 0.316056
v -0.258191 0.050060 0.312899
v -0.258737 0.109485 0.311877
v -0.263988 0.107761 0.314052
v -0.268827 0.104961 0.316056
v -0.273068 0.101194 0.317813
v -0.276549 0.096603 0.319254
v -0.279135 0.091365 0.320326
v -0.280728 0.085682 0.320985
v -0.281265 0.079772 0.321208
v -0.280728 0.073862 0.320985
v -0.279135 0.068179 0.320326
v -0.276549 0.062942 0.319254
v -0.273068 0.058351 0.317813
v -0.268827 0.054583 0.316056
v -0.263988 0.051784 0.314052
v -0.258737 0.050060 0.311877
v -0.259074 0.109485 0.310768
v -0.264648 0.107761 0.311877
v -0.269784 0.104961 0.312899
v -0.274287 0.101194 0.313794
v -0.277982 0.096603 0.314529
v -0.280728 0.091365 0.315075
v -0.282419 0.085682 0.315412
v -0.282989 0.079772 0.315525
v -0.282419 0.073862 0.315412
v -0.280728 0.068179 0.315075
v -0.277982 0.062942 0.314529
v -0.274287 0.058351 0.313794
v -0.269784 0.054583 0.312899
v -0.264648 0.051784 0.311877
v -0.259074 0.050060 0.310768
v -0.259187 0.109485 0.309615
v -0.264870 0.107761 0.309615
v -0.270108 0.104961 0.309615
v -0.274698 0.101194 0.309615
v -0.278466 0.096603 0.309615
v -0.281265 0.091365 0.309615
v -0.282989 0.085682 0.309615
v -0.283572 0.079772 0.309615
v -0.282989 0.073862 0.309615
v -0.281265 0.068179 0.309615
v -0.278466 0.062942 0.309615
v -0.274698 0.058351 0.309615
v -0.270108 0.054583 0.309615
v -0.264870 0.051784 0.309615
v -0.259187 0.050060 0.309615
v -0.259074 0.109485 0.308462
v -0.264648 0.107761 0.307353
v -0.269784 0.104961 0.306332
v -0.274287 0.101194 0.305436
v -0.277982 0.096603 0.304701
v -0.280728 0.091365 0.304155
v -0.282419 0.085682 0.303818
v -0.282989 0.079772 0.303705
v -0.282419 0.073862 0.303818
v -0.280728 0.068179 0.304155
v -0.277982 0.062942 0.304701
v -0.274287 0.058351 0.305436
v -0.269784 0.054583 0.306332
v -0.264648 0.051784 0.307353
v -0.259074 0.050060 0.308462
v -0.258737 0.109485 0.307353
v -0.263988 0.107761 0.305178
v -0.268827 0.104961 0.303174
v -0.273068 0.101194 0.301417
v -0.276549 0.096603 0.299976
v -0.279135 0.091365 0.298904
v -0.280728 0.085682 0.298245
v -0.281265 0.079772 0.298022
v -0.280728 0.073862 0.298245
v -0.279135 0.068179 0.298904
v -0.276549 0.062942 0.299976
v -0.273068 0.058351 0.301417
v -0.268827 0.054583 0.303174
v -0.263988 0.051784 0.305178
v -0.258737 0.050060 0.307353
v -0.258191 0.109485 0.306332
v -0.262916 0.107761 0.303174
v -0.267271 0.104961 0.300264
v -0.271088 0.101194 0.297714
v -0.274221 0.096603 0.295621
v -0.276549 0.091365 0.294065
v -0.277982 0.085682 0.293108
v -0.278466 0.079772 0.292784
v -0.277982 0.073862 0.293108
v -0.276549 0.068179 0.294065
v -0.274221 0.062942 0.295621
v -0.271088 0.058351 0.297714
v -0.267271 0.054583 0.300264
v -0.262916 0.051784 0.303174
v -0.258191 0.050060 0.306332
v -0.257456 0.109485 0.305436
v -0.261475 0.107761 0.301417
v -0.265178 0.104961 0.297714
v -0.268424 0.101194 0.294468
v -0.271088 0.096603 0.291804
v -0.273068 0.091365 0.289824
v -0.274287 0.085682 0.288605
v -0.274698 0.079772 0.288194
v -0.274287 0.073862 0.288605
v -0.273068 0.068179 0.289824
v -0.271088 0.062942 0.291804
v -0.268424 0.058351 0.294468
v -0.265178 0.054583 0.297714
v -0.261475 0.051784 0.301417
v -0.257456 0.050060 0.305436
v -0.256561 0.109485 0.304701
v -0.259718 0.107761 0.299976
v -0.262628 0.104961 0.295621
v -0.265178 0.101194 0.291804
v -0.267271 0.096603 0.288671
v -0.268827 0.091365 0.286344
v -0.269784 0.085682 0.284910
v -0.270108 0.079772 0.284426
v -0.269784 0.073862 0.284910
v -0.268827 0.068179 0.286344
v -0.267271 0.062942 0.288671
v -0.265178 0.058351 0.291804
v -0.262628 0.054583 0.295621
v -0.259718 0.051784 0.299976
v -0.256561 0.050060 0.304701
v -0.255539 0.109485 0.304155
v -0.257714 0.107761 0.298904
v -0.259718 0.104961 0.294066
v -0.261475 0.101194 0.289824
v -0.262916 0.096603 0.286344
v -0.263988 0.091365 0.283757
v -0.264648 0.085682 0.282164
v -0.264870 0.079772 0.281627
v -0.264648 0.073862 0.282164
v -0.263988 0.068179 0.283757
v -0.262916 0.062942 0.286344
v -0.261475 0.058351 0.289824
v -0.259718 0.054583 0.294066
v -0.257714 0.051784 0.298904
v -0.255539 0.050060 0.304155
v -0.254430 0.109485 0.303818
v -0.255539 0.107761 0.298245
v -0.256561 0.104961 0.293108
v -0.257456 0.101194 0.288605
v -0.258191 0.096603 0.284910
v -0.258737 0.091365 0.282164
v -0.259074 0.085682 0.280474
v -0.259187 0.079772 0.279903
v -0.259074 0.073862 0.280474
v -0.258737 0.068179 0.282164
v -0.258191 0.062942 0.284910
v -0.257456 0.058351 0.288605
v -0.256561 0.054583 0.293108
v -0.255539 0.051784 0.298245
v -0.254430 0.050060 0.303818
v -0.253277 0.109485 0.303705
v -0.253277 0.107761 0.298022
v -0.253277 0.101194 0.288194
v -0.253277 0.091365 0.281627
v -0.253277 0.068179 0.281627
v -0.253277 0.058351 0.288194
v -0.253277 0.054583 0.292784
v -0.253277 0.051784 0.298022
v -0.253277 0.050060 0.303705
v 0.000000 0.309695 0.232328
v 0.017882 0.308208 0.233553
v 0.035078 0.303805 0.237180
v 0.050925 0.296655 0.243071
v 0.064815 0.287031 0.250999
v 0.076215 0.275306 0.260659
v 0.084685 0.261928 0.271680
v 0.089901 0.247412 0.283639
v 0.091662 0.232316 0.296075
v 0.089901 0.217220 0.308512
v 0.084685 0.202704 0.320470
v 0.076215 0.189326 0.331491
v 0.064815 0.177601 0.341151
v 0.050925 0.167978 0.349079
v 0.035078 0.160827 0.354970
v 0.017882 0.156424 0.358598
v 0.000000 0.154937 0.359823
v -0.017882 0.156424 0.358598
v -0.035078 0.160827 0.354970
v -0.050925 0.167978 0.349079
v -0.064815 0.177601 0.341151
v -0.076215 0.189326 0.331491
v -0.084685 0.202704 0.320470
v -0.089901 0.217220 0.308512
v -0.091662 0.232316 0.296075
v -0.089901 0.247412 0.283639
v -0.084685 0.261928 0.271680
v -0.076215 0.275306 0.260659
v -0.064815 0.287031 0.250999
v -0.050925 0.296655 0.243071
v -0.035078 0.303805 0.237180
v -0.017882 0.308208 0.233553
v 0.000000 0.369380 0.462449
vn -0.7109 -0.0000 -0.7033
vn 0.7342 -0.0000 0.6790
vn 0.8729 -0.2525 0.4175
vn 0.3776 -0.4449 -0.8121
vn -0.0000 1.0000 -0.0000
vn -0.0000 -1.0000 -0.0000
vn 0.4216 -0.0000 -0.9068
vn 0.8803 -0.0000 0.4743
vn -0.2307 0.8370 0.4962
vn -0.8524 -0.0000 -0.5230
vn -0.9960 -0.0000 -0.0893
vn -0.4216 -0.0000 0.9068
vn 0.4689 0.7516 0.4639
vn 0.3525 0.5488 -0.7580
vn 0.7109 -0.0000 0.7033
vn -0.4075 0.5866 -0.6999
vn -0.1821 -0.9020 0.3916
vn -0.0315 0.9972 0.0677
vn -0.3879 -0.8380 -0.3838
vn 0.5291 0.4213 0.7366
vn 0.5589 -0.0000 0.8292
vn -0.4140 -0.4359 -0.7991
vn -0.5249 -0.0000 -0.8511
vn -0.6863 0.2606 -0.6790
vn 0.6728 0.6616 0.3310
vn 0.3841 -0.8966 0.2205
vn -0.0323 -0.9971 0.0695
vn -0.9669 -0.0000 -0.2551
vn -0.0323 0.9971 0.0695
vn -0.0554 0.9913 0.1192
vn 0.6208 -0.0000 0.7840
vn -0.0554 -0.9913 0.1192
vn -0.1347 -0.9476 0.2897
vn 0.3256 0.3544 0.8766
vn -0.9050 -0.0000 -0.4254
vn 0.2827 -0.7419 -0.6080
vn 0.4556 -0.7676 0.4508
vn -0.2662 -0.7755 0.5725
vn -0.2809 -0.9186 -0.2779
vn 0.2088 -0.8687 -0.4491
vn 0.2971 -0.9085 0.2940
vn 0.0392 -0.9957 -0.0842
vn -0.0827 -0.9806 0.1778
vn -0.1197 -0.9857 -0.1185
vn 0.5384 -0.6530 0.5327
vn -0.6354 0.4485 -0.6286
vn 0.8095 0.4819 0.3354
vn -0.4631 -0.5172 -0.7198
vn -0.7084 -0.0826 -0.7009
vn -0.3787 0.5191 -0.7663
vn 0.1197 -0.9857 0.1185
vn 0.7064 -0.5801 0.4055
vn 0.8405 -0.0000 0.5418
vn -0.8934 0.3769 0.2447
vn -0.2723 -0.8641 -0.4232
vn -0.4081 0.9123 0.0325
vn 0.3483 0.4335 -0.8311
vn 0.6954 0.6973 0.1738
vn -0.7284 0.6670 -0.1569
vn -0.3175 0.6048 0.7304
vn -0.4669 -0.7724 0.4305
vn -0.8079 -0.3413 -0.4805
vn 0.8519 -0.3599 0.3803
vn 0.2107 -0.4834 -0.8497
vn 0.8079 -0.3413 -0.4805
vn -0.8519 -0.3599 0.3803
vn -0.6954 0.6973 0.1738
vn 0.7284 0.6670 -0.1569
vn 0.2503 0.9552 0.1578
vn -0.3257 0.9389 0.1111
vn -0.2107 -0.4834 -0.8497
vn 0.4669 -0.7724 0.4305
vn 0.3175 0.6048 0.7304
vn -0.3483 0.4335 -0.8311
vn -0.3841 0.9195 -0.0831
vn -0.3221 0.0801 -0.9433
vn 0.5195 -0.2420 0.8195
vn 0.9861 -0.0000 -0.1662
vn -0.9512 -0.0667 0.3013
vn -0.5195 -0.2420 0.8195
vn -0.9861 -0.0000 -0.1662
vn 0.9512 -0.0667 0.3013
vn 0.3221 0.0801 -0.9433
vn 0.6243 -0.2079 0.7530
vn -0.2248 0.2023 -0.9532
vn -0.8731 -0.4388 0.2124
vn 0.9542 0.2725 -0.1237
vn 0.2248 0.2023 -0.9532
vn 0.8731 -0.4388 0.2124
vn -0.9542 0.2725 -0.1237
vn -0.6243 -0.2079 0.7530
vn 0.3841 0.9195 -0.0831
vn 0.5078 0.0393 -0.8606
vn 0.6371 0.7462 0.1931
vn -0.7015 0.7034 -0.1146
vn -0.3352 0.6495 0.6825
vn -0.4668 -0.5587 0.6855
vn -0.7442 -0.6052 -0.2826
vn 0.7651 -0.6333 0.1159
vn 0.2872 -0.3978 -0.8714
vn 0.7442 -0.6052 -0.2826
vn -0.7651 -0.6333 0.1159
vn -0.6371 0.7462 0.1931
vn 0.7015 0.7034 -0.1146
vn 0.3257 0.9389 0.1111
vn -0.2503 0.9552 0.1578
vn -0.2872 -0.3978 -0.8714
vn 0.4668 -0.5587 0.6855
vn 0.3352 0.6495 0.6825
vn -0.3707 0.1996 -0.9070
vn 0.4277 0.9020 0.0591
vn -0.3805 0.1760 -0.9079
vn 0.6274 -0.0722 0.7753
vn 0.9768 0.0408 -0.2104
vn -0.9702 -0.0000 0.2424
vn -0.6274 -0.0722 0.7753
vn -0.9768 0.0408 -0.2104
vn 0.9702 -0.0000 0.2424
vn 0.3805 0.1760 -0.9079
vn 0.6195 -0.4053 0.6723
vn -0.2368 0.1792 -0.9549
vn -0.9040 0.0270 0.4266
vn 0.7842 -0.3942 -0.4792
vn 0.2368 0.1792 -0.9549
vn 0.9040 0.0270 0.4266
vn -0.7842 -0.3942 -0.4792
vn -0.6195 -0.4053 0.6723
vn 0.4190 0.9080 -0.0007
vn 0.5331 -0.3046 -0.7893
vn -0.5331 -0.3046 -0.7893
vn -0.4190 0.9080 -0.0007
vn -0.4277 0.9020 0.0591
vn 0.3707 0.1996 -0.9070
vn -0.5078 0.0393 -0.8606
vn 0.4081 0.9123 0.0325
vn -0.7354 -0.1338 0.6643
vn 0.7577 0.1289 -0.6398
vn 0.8870 0.3123 -0.3401
vn 0.4011 0.2728 0.8745
vn -0.0000 -0.9803 -0.1975
vn -0.0000 0.9803 0.1975
vn 0.4467 -0.1767 0.8771
vn 0.8938 0.0886 -0.4397
vn -0.2467 -0.7196 -0.6491
vn -0.8683 -0.0980 0.4864
vn -0.9965 -0.0164 0.0815
vn -0.4467 0.1767 -0.8771
vn 0.4952 -0.6346 -0.5933
vn 0.3749 -0.6813 0.6287
vn 0.7354 0.1338 -0.6643
vn -0.4321 -0.7043 0.5632
vn -0.1950 0.9591 -0.2052
vn -0.0338 -0.9641 -0.2632
vn -0.4118 0.7372 0.5356
vn 0.5563 -0.2620 -0.7886
vn 0.5863 0.1600 -0.7941
vn -0.4388 0.2660 0.8583
vn -0.5521 -0.1647 0.8173
vn -0.7117 -0.3762 0.5932
vn 0.6987 -0.5640 -0.4402
vn 0.4079 0.9122 -0.0387
vn -0.0347 0.9911 0.1287
vn -0.9711 -0.0471 0.2339
vn -0.0347 -0.9636 -0.2650
vn -0.0595 -0.9480 -0.3125
vn 0.6477 0.1505 -0.7469
vn -0.0595 0.9951 0.0789
vn -0.1445 0.9848 -0.0968
vn 0.3468 -0.1729 -0.9219
vn -0.9161 -0.0792 0.3931
vn 0.3017 0.6036 0.7380
vn 0.4816 0.8285 -0.2858
vn -0.2843 0.8686 -0.4059
vn -0.2998 0.8406 0.4511
vn 0.2235 0.7604 0.6098
vn 0.3169 0.9423 -0.1081
vn 0.0420 0.9593 0.2792
vn -0.0888 0.9959 0.0193
vn -0.1284 0.9419 0.3104
vn 0.5657 0.7293 -0.3848
vn -0.6621 -0.5471 0.5121
vn 0.8287 -0.3872 -0.4042
vn -0.4893 0.3590 0.7948
vn -0.7331 -0.0554 0.6779
vn -0.4023 -0.6530 0.6417
vn 0.1284 0.9886 0.0785
vn 0.7311 0.6254 -0.2727
vn 0.8573 0.1017 -0.5046
vn -0.9056 -0.3032 -0.2967
vn -0.2907 0.7593 0.5822
vn 0.0097 0.9951 -0.0980
vn 0.0096 -0.9951 -0.0980
vn 0.0976 -0.0975 -0.9904
vn 0.0286 0.9566 -0.2902
vn 0.0938 -0.2890 -0.9527
vn 0.0464 0.8810 -0.4709
vn 0.0865 -0.4696 -0.8786
vn 0.0624 0.7715 -0.6332
vn 0.0759 -0.6326 -0.7708
vn 0.0759 0.6326 -0.7708
vn 0.0624 -0.7715 -0.6332
vn 0.0865 0.4696 -0.8786
vn 0.0464 -0.8810 -0.4709
vn 0.0938 0.2890 -0.9527
vn 0.0286 -0.9565 -0.2902
vn 0.0975 0.0976 -0.9904
vn 0.2779 0.2890 -0.9161
vn 0.0846 -0.9566 -0.2790
vn 0.2889 0.0975 -0.9524
vn 0.0286 0.9951 -0.0942
vn 0.0286 -0.9951 -0.0942
vn 0.2889 -0.0976 -0.9524
vn 0.0846 0.9565 -0.2790
vn 0.2779 -0.2890 -0.9161
vn 0.1374 0.8810 -0.4528
vn 0.2563 -0.4696 -0.8449
vn 0.1847 0.7715 -0.6088
vn 0.2248 -0.6326 -0.7411
vn 0.2248 0.6326 -0.7412
vn 0.1847 -0.7715 -0.6088
vn 0.2563 0.4696 -0.8448
vn 0.1374 -0.8810 -0.4528
vn 0.4162 -0.4696 -0.7786
vn 0.2999 0.7715 -0.5611
vn 0.3651 -0.6326 -0.6831
vn 0.3651 0.6326 -0.6831
vn 0.2999 -0.7715 -0.5611
vn 0.4162 0.4696 -0.7786
vn 0.2231 -0.8810 -0.4173
vn 0.4513 0.2890 -0.8443
vn 0.1374 -0.9566 -0.2571
vn 0.4692 0.0976 -0.8777
vn 0.0464 0.9951 -0.0869
vn 0.0464 -0.9951 -0.0869
vn 0.4691 -0.0975 -0.8777
vn 0.1375 0.9565 -0.2571
vn 0.4513 -0.2890 -0.8443
vn 0.2230 0.8810 -0.4173
vn 0.1850 -0.9566 -0.2254
vn 0.6314 0.0976 -0.7693
vn 0.0625 0.9951 -0.0761
vn 0.0625 -0.9951 -0.0761
vn 0.6314 -0.0975 -0.7693
vn 0.1850 0.9565 -0.2254
vn 0.6073 -0.2890 -0.7400
vn 0.3002 0.8810 -0.3658
vn 0.5601 -0.4696 -0.6825
vn 0.4036 0.7715 -0.4918
vn 0.4913 -0.6326 -0.5987
vn 0.4913 0.6326 -0.5987
vn 0.4036 -0.7715 -0.4918
vn 0.5601 0.4696 -0.6825
vn 0.3002 -0.8810 -0.3658
vn 0.6073 0.2890 -0.7400
vn 0.5987 -0.6326 -0.4914
vn 0.5987 0.6326 -0.4913
vn 0.4918 -0.7715 -0.4036
vn 0.6825 0.4696 -0.5601
vn 0.3658 -0.8810 -0.3002
vn 0.7400 0.2890 -0.6073
vn 0.2254 -0.9565 -0.1850
vn 0.7693 0.0976 -0.6314
vn 0.0761 0.9951 -0.0625
vn 0.0761 -0.9951 -0.0625
vn 0.7693 -0.0975 -0.6314
vn 0.2254 0.9565 -0.1850
vn 0.7400 -0.2890 -0.6073
vn 0.3658 0.8810 -0.3002
vn 0.6825 -0.4696 -0.5601
vn 0.4918 0.7715 -0.4036
vn 0.0869 0.9951 -0.0464
vn 0.0869 -0.9951 -0.0464
vn 0.8777 -0.0976 -0.4692
vn 0.2571 0.9565 -0.1375
vn 0.8443 -0.2890 -0.4513
vn 0.4173 0.8810 -0.2231
vn 0.7786 -0.4696 -0.4162
vn 0.5611 0.7715 -0.2999
vn 0.6831 -0.6326 -0.3651
vn 0.6831 0.6326 -0.3651
vn 0.5611 -0.7715 -0.2999
vn 0.7786 0.4696 -0.4162
vn 0.4173 -0.8810 -0.2231
vn 0.8443 0.2890 -0.4513
vn 0.2571 -0.9566 -0.1374
vn 0.8777 0.0976 -0.4692
vn 0.7412 0.6326 -0.2248
vn 0.6088 -0.7715 -0.1847
vn 0.8448 0.4696 -0.2563
vn 0.4528 -0.8810 -0.1374
vn 0.9161 0.2890 -0.2779
vn 0.2790 -0.9566 -0.0846
vn 0.9524 0.0976 -0.2889
vn 0.0942 0.9951 -0.0286
vn 0.0942 -0.9951 -0.0286
vn 0.9524 -0.0976 -0.2889
vn 0.2790 0.9565 -0.0846
vn 0.9161 -0.2890 -0.2779
vn 0.4528 0.8810 -0.1374
vn 0.8448 -0.4696 -0.2563
vn 0.6088 0.7715 -0.1847
vn 0.7412 -0.6326 -0.2248
vn 0.9904 -0.0975 -0.0975
vn 0.2902 0.9566 -0.0286
vn 0.9527 -0.2890 -0.0938
vn 0.4709 0.8810 -0.0464
vn 0.8786 -0.4696 -0.0865
vn 0.6332 0.7715 -0.0624
vn 0.7708 -0.6326 -0.0759
vn 0.7708 0.6326 -0.0759
vn 0.6332 -0.7715 -0.0624
vn 0.8786 0.4696 -0.0865
vn 0.4709 -0.8810 -0.0464
vn 0.9527 0.2890 -0.0938
vn 0.2902 -0.9565 -0.0286
vn 0.9904 0.0976 -0.0975
vn 0.0980 0.9951 -0.0097
vn 0.0980 -0.9951 -0.0097
vn 0.6332 -0.7715 0.0624
vn 0.8786 0.4696 0.0865
vn 0.4709 -0.8810 0.0464
vn 0.9527 0.2890 0.0938
vn 0.2902 -0.9565 0.0286
vn 0.9904 0.0976 0.0975
vn 0.0980 0.9951 0.0097
vn 0.0980 -0.9951 0.0097
vn 0.9904 -0.0976 0.0975
vn 0.2902 0.9566 0.0286
vn 0.9527 -0.2890 0.0938
vn 0.4709 0.8810 0.0464
vn 0.8786 -0.4696 0.0865
vn 0.6332 0.7715 0.0624
vn 0.7708 -0.6326 0.0759
vn 0.7708 0.6326 0.0759
vn 0.2790 0.9565 0.0846
vn 0.9161 -0.2890 0.2779
vn 0.4528 0.8810 0.1374
vn 0.8448 -0.4696 0.2563
vn 0.6088 0.7715 0.1847
vn 0.7412 -0.6326 0.2248
vn 0.7412 0.6326 0.2248
vn 0.6088 -0.7715 0.1847
vn 0.8448 0.4696 0.2563
vn 0.4528 -0.8810 0.1374
vn 0.9161 0.2890 0.2779
vn 0.2790 -0.9566 0.0846
vn 0.9524 0.0976 0.2889
vn 0.0942 0.9951 0.0286
vn 0.0942 -0.9951 0.0286
vn 0.9524 -0.0976 0.2889
vn 0.7786 0.4696 0.4162
vn 0.4173 -0.8810 0.2231
vn 0.8443 0.2890 0.4513
vn 0.2571 -0.9566 0.1374
vn 0.8777 0.0975 0.4692
vn 0.0869 0.9951 0.0464
vn 0.0869 -0.9951 0.0464
vn 0.8777 -0.0976 0.4692
vn 0.2571 0.9565 0.1374
vn 0.8443 -0.2890 0.4513
vn 0.4173 0.8810 0.2231
vn 0.7786 -0.4696 0.4162
vn 0.5611 0.7715 0.2999
vn 0.6831 -0.6326 0.3651
vn 0.6831 0.6326 0.3651
vn 0.5611 -0.7715 0.2999
vn 0.7400 -0.2890 0.6073
vn 0.3658 0.8810 0.3002
vn 0.6825 -0.4696 0.5601
vn 0.4918 0.7715 0.4036
vn 0.5987 -0.6326 0.4913
vn 0.5987 0.6326 0.4913
vn 0.4918 -0.7715 0.4036
vn 0.6825 0.4696 0.5601
vn 0.3658 -0.8810 0.3002
vn 0.7400 0.2890 0.6073
vn 0.2254 -0.9566 0.1850
vn 0.7693 0.0976 0.6314
vn 0.0761 0.9951 0.0625
vn 0.0761 -0.9951 0.0625
vn 0.7693 -0.0975 0.6314
vn 0.2254 0.9565 0.1850
vn 0.3002 -0.8810 0.3658
vn 0.6073 0.2890 0.7400
vn 0.1850 -0.9566 0.2254
vn 0.6314 0.0976 0.7693
vn 0.0625 0.9951 0.0761
vn 0.0625 -0.9951 0.0761
vn 0.6314 -0.0975 0.7693
vn 0.1850 0.9565 0.2254
vn 0.6073 -0.2890 0.7400
vn 0.3002 0.8810 0.3658
vn 0.5601 -0.4696 0.6825
vn 0.4036 0.7715 0.4918
vn 0.4914 -0.6326 0.5987
vn 0.4913 0.6326 0.5987
vn 0.4036 -0.7715 0.4918
vn 0.5601 0.4696 0.6825
vn 0.4162 -0.4696 0.7786
vn 0.2999 0.7715 0.5611
vn 0.3651 -0.6326 0.6831
vn 0.3651 0.6326 0.6831
vn 0.2999 -0.7715 0.5611
vn 0.4162 0.4696 0.7786
vn 0.2231 -0.8810 0.4173
vn 0.4513 0.2890 0.8443
vn 0.1374 -0.9566 0.2571
vn 0.4691 0.0975 0.8777
vn 0.0464 0.9951 0.0869
vn 0.0464 -0.9951 0.0869
vn 0.4691 -0.0976 0.8777
vn 0.1374 0.9565 0.2571
vn 0.4513 -0.2890 0.8443
vn 0.2230 0.8810 0.4173
vn 0.0846 -0.9566 0.2790
vn 0.2889 0.0975 0.9524
vn 0.0286 0.9951 0.0942
vn 0.0286 -0.9951 0.0942
vn 0.2889 -0.0975 0.9524
vn 0.0846 0.9565 0.2790
vn 0.2779 -0.2890 0.9161
vn 0.1374 0.8810 0.4528
vn 0.2563 -0.4696 0.8449
vn 0.1847 0.7715 0.6088
vn 0.2248 -0.6326 0.7412
vn 0.2248 0.6326 0.7412
vn 0.1847 -0.7715 0.6088
vn 0.2563 0.4696 0.8448
vn 0.1374 -0.8810 0.4528
vn 0.2779 0.2890 0.9161
vn 0.0624 0.7715 0.6332
vn 0.0759 -0.6326 0.7708
vn 0.0759 0.6326 0.7708
vn 0.0624 -0.7715 0.6332
vn 0.0865 0.4696 0.8786
vn 0.0464 -0.8810 0.4709
vn 0.0938 0.2890 0.9527
vn 0.0286 -0.9565 0.2902
vn 0.0975 0.0975 0.9904
vn 0.0097 0.9951 0.0980
vn 0.0096 -0.9951 0.0980
vn 0.0976 -0.0976 0.9904
vn 0.0286 0.9566 0.2902
vn 0.0938 -0.2890 0.9527
vn 0.0464 0.8810 0.4709
vn 0.0865 -0.4696 0.8786
vn -0.0975 0.0975 0.9904
vn -0.0097 0.9951 0.0980
vn -0.0096 -0.9951 0.0980
vn -0.0976 -0.0975 0.9904
vn -0.0286 0.9565 0.2902
vn -0.0938 -0.2890 0.9527
vn -0.0464 0.8810 0.4709
vn -0.0865 -0.4696 0.8786
vn -0.0624 0.7715 0.6332
vn -0.0759 -0.6326 0.7708
vn -0.0759 0.6326 0.7708
vn -0.0624 -0.7715 0.6332
vn -0.0865 0.4696 0.8786
vn -0.0464 -0.8810 0.4709
vn -0.0938 0.2890 0.9527
vn -0.0286 -0.9565 0.2902
vn -0.2248 -0.6326 0.7412
vn -0.2248 0.6326 0.7412
vn -0.1847 -0.7715 0.6088
vn -0.2563 0.4696 0.8449
vn -0.1374 -0.8810 0.4528
vn -0.2779 0.2890 0.9161
vn -0.0846 -0.9566 0.2790
vn -0.2889 0.0976 0.9524
vn -0.0286 0.9951 0.0942
vn -0.0286 -0.9951 0.0942
vn -0.2889 -0.0975 0.9524
vn -0.0846 0.9565 0.2790
vn -0.2779 -0.2890 0.9161
vn -0.1374 0.8810 0.4528
vn -0.2563 -0.4696 0.8448
vn -0.1847 0.7715 0.6088
vn -0.0464 0.9951 0.0869
vn -0.0464 -0.9951 0.0869
vn -0.4691 -0.0975 0.8777
vn -0.1374 0.9566 0.2571
vn -0.4513 -0.2890 0.8443
vn -0.2230 0.8810 0.4173
vn -0.4162 -0.4696 0.7786
vn -0.2999 0.7715 0.5611
vn -0.3651 -0.6326 0.6831
vn -0.3651 0.6326 0.6831
vn -0.2999 -0.7715 0.5611
vn -0.4162 0.4696 0.7786
vn -0.2231 -0.8810 0.4173
vn -0.4513 0.2890 0.8443
vn -0.1374 -0.9566 0.2571
vn -0.4692 0.0976 0.8777
vn -0.4913 0.6326 0.5987
vn -0.4036 -0.7715 0.4918
vn -0.5601 0.4696 0.6825
vn -0.3002 -0.8810 0.3658
vn -0.6073 0.2890 0.7400
vn -0.1850 -0.9565 0.2254
vn -0.6314 0.0975 0.7693
vn -0.0625 0.9951 0.0761
vn -0.0625 -0.9951 0.0761
vn -0.6314 -0.0976 0.7693
vn -0.1850 0.9565 0.2254
vn -0.6073 -0.2890 0.7400
vn -0.3002 0.8810 0.3658
vn -0.5601 -0.4696 0.6825
vn -0.4036 0.7715 0.4918
vn -0.4913 -0.6326 0.5987
vn -0.7693 -0.0975 0.6314
vn -0.2254 0.9566 0.1850
vn -0.7400 -0.2890 0.6073
vn -0.3658 0.8810 0.3002
vn -0.6825 -0.4696 0.5601
vn -0.4918 0.7715 0.4036
vn -0.5987 -0.6326 0.4913
vn -0.5987 0.6326 0.4913
vn -0.4918 -0.7715 0.4036
vn -0.6825 0.4696 0.5601
vn -0.3658 -0.8810 0.3002
vn -0.7400 0.2890 0.6073
vn -0.2254 -0.9566 0.1850
vn -0.7693 0.0975 0.6314
vn -0.0761 0.9951 0.0625
vn -0.0761 -0.9951 0.0625
vn -0.5611 -0.7715 0.2999
vn -0.7786 0.4696 0.4162
vn -0.4173 -0.8810 0.2231
vn -0.8443 0.2890 0.4513
vn -0.2571 -0.9566 0.1374
vn -0.8777 0.0975 0.4691
vn -0.0869 0.9951 0.0464
vn -0.0869 -0.9951 0.0464
vn -0.8777 -0.0975 0.4691
vn -0.2571 0.9565 0.1374
vn -0.8443 -0.2890 0.4513
vn -0.4173 0.8810 0.2230
vn -0.7786 -0.4696 0.4162
vn -0.5611 0.7715 0.2999
vn -0.6831 -0.6326 0.3651
vn -0.6831 0.6326 0.3651
vn -0.9161 -0.2890 0.2779
vn -0.4528 0.8810 0.1374
vn -0.8448 -0.4696 0.2563
vn -0.6088 0.7715 0.1847
vn -0.7412 -0.6326 0.2248
vn -0.7412 0.6326 0.2248
vn -0.6088 -0.7715 0.1847
vn -0.8448 0.4696 0.2563
vn -0.4528 -0.8810 0.1374
vn -0.9161 0.2890 0.2779
vn -0.2790 -0.9565 0.0846
vn -0.9524 0.0975 0.2889
vn -0.0942 0.9951 0.0286
vn -0.0942 -0.9951 0.0286
vn -0.9524 -0.0975 0.2889
vn -0.2790 0.9565 0.0846
vn -0.4709 -0.8810 0.0464
vn -0.9527 0.2890 0.0938
vn -0.2902 -0.9565 0.0286
vn -0.9904 0.0975 0.0976
vn -0.0980 0.9951 0.0097
vn -0.0980 -0.9951 0.0097
vn -0.9904 -0.0975 0.0975
vn -0.2902 0.9565 0.0286
vn -0.9527 -0.2890 0.0938
vn -0.4709 0.8810 0.0464
vn -0.8786 -0.4696 0.0865
vn -0.6332 0.7715 0.0624
vn -0.7708 -0.6326 0.0759
vn -0.7708 0.6326 0.0759
vn -0.6332 -0.7715 0.0624
vn -0.8786 0.4696 0.0865
vn -0.4709 0.8810 -0.0464
vn -0.8786 -0.4696 -0.0865
vn -0.6332 0.7715 -0.0624
vn -0.7708 -0.6326 -0.0759
vn -0.7708 0.6326 -0.0759
vn -0.6332 -0.7715 -0.0624
vn -0.8786 0.4696 -0.0865
vn -0.4709 -0.8810 -0.0464
vn -0.9527 0.2890 -0.0938
vn -0.2902 -0.9565 -0.0286
vn -0.9904 0.0975 -0.0975
vn -0.0980 0.9951 -0.0097
vn -0.0980 -0.9951 -0.0097
vn -0.9904 -0.0975 -0.0975
vn -0.2902 0.9566 -0.0286
vn -0.9527 -0.2890 -0.0938
vn -0.9161 0.2890 -0.2779
vn -0.2790 -0.9565 -0.0846
vn -0.9524 0.0975 -0.2889
vn -0.0942 0.9951 -0.0286
vn -0.0942 -0.9951 -0.0286
vn -0.9524 -0.0975 -0.2889
vn -0.2790 0.9565 -0.0846
vn -0.9161 -0.2890 -0.2779
vn -0.4528 0.8810 -0.1374
vn -0.8448 -0.4696 -0.2563
vn -0.6088 0.7715 -0.1847
vn -0.7412 -0.6326 -0.2248
vn -0.7412 0.6326 -0.2248
vn -0.6088 -0.7715 -0.1847
vn -0.8448 0.4696 -0.2563
vn -0.4528 -0.8810 -0.1374
vn -0.7786 -0.4696 -0.4162
vn -0.5611 0.7715 -0.2999
vn -0.6831 -0.6326 -0.3651
vn -0.6831 0.6326 -0.3651
vn -0.5611 -0.7715 -0.2999
vn -0.7786 0.4696 -0.4162
vn -0.4173 -0.8810 -0.2231
vn -0.8443 0.2890 -0.4513
vn -0.2571 -0.9566 -0.1374
vn -0.8777 0.0975 -0.4692
vn -0.0869 0.9951 -0.0464
vn -0.0869 -0.9951 -0.0464
vn -0.8777 -0.0975 -0.4691
vn -0.2571 0.9565 -0.1375
vn -0.8443 -0.2890 -0.4513
vn -0.4173 0.8810 -0.2230
vn -0.2254 -0.9566 -0.1850
vn -0.7693 0.0976 -0.6314
vn -0.0761 0.9951 -0.0625
vn -0.0761 -0.9951 -0.0625
vn -0.7693 -0.0975 -0.6314
vn -0.2254 0.9566 -0.1850
vn -0.7400 -0.2890 -0.6073
vn -0.3658 0.8810 -0.3002
vn -0.6825 -0.4696 -0.5601
vn -0.4918 0.7715 -0.4036
vn -0.5987 -0.6326 -0.4913
vn -0.5987 0.6326 -0.4913
vn -0.4918 -0.7715 -0.4036
vn -0.6825 0.4696 -0.5601
vn -0.3658 -0.8810 -0.3002
vn -0.7400 0.2890 -0.6073
vn -0.4036 0.7715 -0.4918
vn -0.4913 -0.6326 -0.5987
vn -0.4913 0.6326 -0.5987
vn -0.4036 -0.7715 -0.4918
vn -0.5601 0.4696 -0.6825
vn -0.3002 -0.8810 -0.3658
vn -0.6073 0.2890 -0.7400
vn -0.1850 -0.9565 -0.2254
vn -0.6314 0.0975 -0.7693
vn -0.0625 0.9951 -0.0761
vn -0.0625 -0.9951 -0.0761
vn -0.6314 -0.0975 -0.7693
vn -0.1850 0.9565 -0.2254
vn -0.6073 -0.2890 -0.7400
vn -0.3002 0.8810 -0.3658
vn -0.5601 -0.4696 -0.6825
vn -0.4692 0.0976 -0.8777
vn -0.0464 0.9951 -0.0869
vn -0.0464 -0.9951 -0.0869
vn -0.4691 -0.0975 -0.8777
vn -0.1374 0.9566 -0.2571
vn -0.4513 -0.2890 -0.8443
vn -0.2230 0.8810 -0.4173
vn -0.4162 -0.4696 -0.7786
vn -0.2999 0.7715 -0.5611
vn -0.3651 -0.6326 -0.6831
vn -0.3651 0.6326 -0.6831
vn -0.2999 -0.7715 -0.5611
vn -0.4162 0.4696 -0.7786
vn -0.2230 -0.8810 -0.4173
vn -0.4513 0.2890 -0.8443
vn -0.1374 -0.9565 -0.2571
vn -0.2248 -0.6326 -0.7412
vn -0.2248 0.6326 -0.7412
vn -0.1847 -0.7715 -0.6088
vn -0.2563 0.4696 -0.8448
vn -0.1374 -0.8810 -0.4528
vn -0.2779 0.2890 -0.9161
vn -0.0846 -0.9566 -0.2790
vn -0.2889 0.0975 -0.9524
vn -0.0286 0.9951 -0.0942
vn -0.0286 -0.9951 -0.0942
vn -0.2889 -0.0975 -0.9524
vn -0.0846 0.9565 -0.2790
vn -0.2779 -0.2890 -0.9161
vn -0.1374 0.8810 -0.4528
vn -0.2563 -0.4696 -0.8448
vn -0.1847 0.7715 -0.6088
vn -0.0096 -0.9951 -0.0980
vn -0.0976 -0.0975 -0.9904
vn -0.0286 0.9566 -0.2902
vn -0.0938 -0.2890 -0.9527
vn -0.0464 0.8810 -0.4709
vn -0.0865 -0.4696 -0.8786
vn -0.0624 0.7715 -0.6332
vn -0.0759 -0.6326 -0.7708
vn -0.0759 0.6326 -0.7708
vn -0.0624 -0.7715 -0.6332
vn -0.0865 0.4696 -0.8786
vn -0.0464 -0.8810 -0.4709
vn -0.0938 0.2890 -0.9527
vn -0.0286 -0.9565 -0.2902
vn -0.0976 0.0975 -0.9904
vn -0.0097 0.9951 -0.0980
vn 0.0976 -0.0976 -0.9904
vn 0.0975 0.0975 -0.9904
vn 0.2248 -0.6326 -0.7412
vn 0.4691 0.0976 -0.8777
vn 0.1374 0.9565 -0.2571
vn 0.1850 -0.9565 -0.2254
vn 0.5987 -0.6326 -0.4913
vn 0.2254 0.9566 -0.1850
vn 0.8777 -0.0976 -0.4691
vn 0.2571 0.9565 -0.1374
vn 0.2571 -0.9565 -0.1375
vn 0.8777 0.0976 -0.4691
vn 0.4528 -0.8810 -0.1373
vn 0.2790 -0.9565 -0.0846
vn 0.9524 0.0975 -0.2889
vn 0.9524 -0.0975 -0.2889
vn 0.9904 0.0975 -0.0975
vn 0.9904 -0.0976 0.0976
vn 0.2790 -0.9565 0.0846
vn 0.4173 -0.8810 0.2230
vn 0.8777 0.0976 0.4691
vn 0.8777 -0.0975 0.4692
vn 0.7693 -0.0976 0.6314
vn 0.2254 0.9566 0.1850
vn 0.1850 -0.9565 0.2254
vn 0.4913 -0.6325 0.5987
vn 0.2889 0.0976 0.9524
vn 0.0975 0.0976 0.9904
vn 0.0976 -0.0975 0.9904
vn -0.0286 0.9566 0.2902
vn -0.2563 0.4696 0.8448
vn -0.0846 -0.9565 0.2790
vn -0.1374 0.9565 0.2571
vn -0.4691 0.0976 0.8777
vn -0.1850 -0.9566 0.2254
vn -0.6314 -0.0975 0.7693
vn -0.2254 0.9565 0.1850
vn -0.2571 -0.9566 0.1375
vn -0.8777 -0.0975 0.4692
vn -0.4528 -0.8810 0.1373
vn -0.2790 -0.9566 0.0846
vn -0.9904 -0.0975 0.0976
vn -0.2902 0.9566 0.0286
vn -0.6332 0.7715 0.0623
vn -0.6332 -0.7715 0.0623
vn -0.6332 0.7715 -0.0623
vn -0.6332 -0.7715 -0.0623
vn -0.9904 -0.0975 -0.0976
vn -0.9524 0.0976 -0.2889
vn -0.4528 -0.8810 -0.1373
vn -0.2571 0.9565 -0.1374
vn -0.4173 0.8810 -0.2231
vn -0.2254 0.9565 -0.1850
vn -0.1850 -0.9566 -0.2254
vn -0.1374 0.9565 -0.2571
vn -0.1374 -0.9566 -0.2571
vn -0.2563 0.4696 -0.8449
vn -0.0846 -0.9565 -0.2790
vn -0.0976 0.0976 -0.9904
vn 0.0975 -0.0975 -0.9904
vn 0.0286 0.9565 -0.2902
vn 0.0286 -0.9566 -0.2902
vn 0.0976 0.0976 -0.9904
vn 0.0846 -0.9565 -0.2790
vn 0.2889 0.0976 -0.9524
vn 0.2889 -0.0975 -0.9524
vn 0.0846 0.9566 -0.2790
vn 0.1373 0.8810 -0.4528
vn 0.2563 -0.4696 -0.8448
vn 0.2563 0.4696 -0.8449
vn 0.1374 -0.9565 -0.2571
vn 0.4691 0.0975 -0.8777
vn 0.4691 -0.0976 -0.8777
vn 0.1374 0.9566 -0.2571
vn 0.2231 0.8810 -0.4173
vn 0.6314 0.0975 -0.7693
vn 0.6314 -0.0976 -0.7693
vn 0.7693 0.0975 -0.6314
vn 0.7693 -0.0976 -0.6314
vn 0.2790 0.9566 -0.0846
vn 0.4528 0.8810 -0.1373
vn 0.8449 -0.4696 -0.2563
vn 0.2902 0.9565 -0.0286
vn 0.2902 -0.9566 -0.0286
vn 0.2902 -0.9566 0.0286
vn 0.9904 0.0976 0.0976
vn 0.2902 0.9565 0.0286
vn 0.2571 -0.9565 0.1374
vn 0.8777 -0.0976 0.4691
vn 0.2571 0.9565 0.1375
vn 0.4173 0.8810 0.2230
vn 0.2254 -0.9565 0.1850
vn 0.6314 0.0975 0.7693
vn 0.6314 -0.0976 0.7693
vn 0.4913 -0.6326 0.5987
vn 0.4913 0.6325 0.5987
vn 0.4691 0.0976 0.8777
vn 0.4691 -0.0975 0.8777
vn 0.1374 0.9566 0.2571
vn 0.0846 -0.9565 0.2790
vn 0.2889 -0.0976 0.9524
vn 0.0846 0.9566 0.2790
vn 0.1373 0.8810 0.4528
vn 0.2563 -0.4696 0.8448
vn 0.2563 0.4696 0.8449
vn 0.0286 -0.9566 0.2902
vn 0.0976 0.0975 0.9904
vn 0.0975 -0.0976 0.9904
vn 0.0286 0.9565 0.2902
vn -0.0976 0.0975 0.9904
vn -0.0975 -0.0975 0.9904
vn -0.0286 -0.9566 0.2902
vn -0.2889 0.0975 0.9524
vn -0.2889 -0.0976 0.9524
vn -0.0846 0.9566 0.2790
vn -0.4691 -0.0976 0.8777
vn -0.2231 0.8810 0.4173
vn -0.2230 -0.8810 0.4173
vn -0.1374 -0.9565 0.2571
vn -0.4691 0.0975 0.8777
vn -0.5987 0.6326 0.4914
vn -0.2254 -0.9565 0.1850
vn -0.4173 -0.8810 0.2230
vn -0.8777 0.0975 0.4692
vn -0.4173 0.8810 0.2231
vn -0.4528 0.8810 0.1373
vn -0.2790 0.9566 0.0846
vn -0.2902 -0.9566 0.0286
vn -0.2902 -0.9566 -0.0286
vn -0.9904 0.0975 -0.0976
vn -0.2902 0.9565 -0.0286
vn -0.9524 -0.0976 -0.2889
vn -0.4528 0.8810 -0.1373
vn -0.2571 -0.9565 -0.1374
vn -0.8777 0.0975 -0.4691
vn -0.8777 -0.0975 -0.4692
vn -0.2254 -0.9565 -0.1850
vn -0.7693 0.0975 -0.6314
vn -0.7693 -0.0976 -0.6314
vn -0.5987 0.6326 -0.4914
vn -0.4691 0.0975 -0.8777
vn -0.4691 -0.0976 -0.8777
vn -0.2231 0.8810 -0.4173
vn -0.0846 0.9566 -0.2790
vn -0.1373 0.8810 -0.4528
vn -0.2563 -0.4696 -0.8449
vn -0.0976 -0.0976 -0.9904
vn -0.0286 0.9565 -0.2902
vn -0.0286 -0.9566 -0.2902
vn 0.0972 0.9634 -0.2499
vn 0.2862 0.9310 -0.2265
vn 0.4597 0.8693 -0.1815
vn 0.6102 0.7834 -0.1181
vn 0.7327 0.6794 -0.0400
vn 0.8250 0.5629 0.0492
vn 0.8865 0.4390 0.1462
vn 0.9171 0.3117 0.2485
vn 0.9171 0.1842 0.3535
vn 0.8865 0.0595 0.4589
vn 0.8250 -0.0595 0.5619
vn 0.7327 -0.1693 0.6592
vn 0.6102 -0.2658 0.7464
vn 0.4597 -0.3445 0.8185
vn 0.2862 -0.4005 0.8705
vn 0.0972 -0.4296 0.8978
vn -0.0972 -0.4296 0.8978
vn -0.2862 -0.4005 0.8705
vn -0.4597 -0.3445 0.8185
vn -0.6102 -0.2658 0.7464
vn -0.7327 -0.1693 0.6592
vn -0.8250 -0.0595 0.5619
vn -0.8865 0.0595 0.4589
vn -0.9171 0.1842 0.3535
vn -0.9171 0.3117 0.2485
vn -0.8865 0.4390 0.1462
vn -0.8250 0.5629 0.0492
vn -0.7327 0.6794 -0.0400
vn -0.6102 0.7834 -0.1181
vn -0.4597 0.8693 -0.1815
vn -0.0000 -0.6358 -0.7718
vn -0.2862 0.9310 -0.2265
vn -0.0972 0.9634 -0.2499
vn 0.0975 -0.0976 -0.9904
vn 0.0976 0.0975 -0.9904
vn 0.5987 0.6326 -0.4914
vn 0.2571 0.9566 -0.1374
vn 0.9904 -0.0976 -0.0975
vn 0.6332 0.7715 -0.0623
vn 0.6332 -0.7715 -0.0623
vn 0.6332 -0.7715 0.0623
vn 0.6332 0.7715 0.0623
vn 0.2790 0.9566 0.0846
vn 0.8777 0.0976 0.4692
vn 0.7693 0.0975 0.6314
vn 0.3651 0.6326 0.6830
vn 0.1374 -0.9565 0.2571
vn 0.2231 0.8810 0.4173
vn 0.0976 0.0976 0.9904
vn 0.0975 -0.0975 0.9904
vn -0.2563 -0.4696 0.8449
vn -0.6314 0.0976 0.7693
vn -0.2571 -0.9565 0.1374
vn -0.2571 0.9565 0.1375
vn -0.9904 0.0975 0.0975
vn -0.4173 -0.8810 -0.2230
vn -0.2571 -0.9565 -0.1375
vn -0.1374 0.9565 -0.2572
vt 0.671997 0.306542
vt 0.681347 0.241706
vt 0.691399 0.303158
vt 0.683444 0.198536
vt 0.673268 0.220183
vt 0.666636 0.198746
vt 0.679917 0.067277
vt 0.664548 0.037717
vt 0.687570 0.034615
vt 0.686667 0.011957
vt 0.729256 0.049859
vt 0.739800 0.039260
vt 0.743073 0.050750
vt 0.661022 0.057258
vt 0.641356 0.041833
vt 0.693755 0.034721
vt 0.702885 0.012586
vt 0.699815 0.035079
vt 0.694314 0.067018
vt 0.708916 0.066142
vt 0.731492 0.236848
vt 0.716448 0.208549
vt 0.724909 0.199952
vt 0.712099 0.299453
vt 0.732822 0.296141
vt 0.695070 0.011957
vt 0.703902 0.240682
vt 0.691395 0.223941
vt 0.693858 0.223615
vt 0.743678 0.234944
vt 0.754403 0.293259
vt 0.735331 0.197720
vt 0.725755 0.038392
vt 0.730996 0.024951
vt 0.713817 0.148401
vt 0.725939 0.105500
vt 0.729102 0.146728
vt 0.748397 0.409139
vt 0.761951 0.351118
vt 0.778727 0.438375
vt 0.709067 0.414610
vt 0.720936 0.356550
vt 0.728729 0.411885
vt 0.683648 0.150477
vt 0.696308 0.107242
vt 0.698678 0.149542
vt 0.741281 0.353725
vt 0.711166 0.106453
vt 0.667300 0.151090
vt 0.628989 0.151924
vt 0.656072 0.143180
vt 0.776887 0.116041
vt 0.779590 0.164681
vt 0.681549 0.107795
vt 0.680475 0.362731
vt 0.700679 0.359579
vt 0.768182 0.210113
vt 0.616603 0.166811
vt 0.633695 0.192543
vt 0.621786 0.206104
vt 0.701691 0.196816
vt 0.727269 0.476306
vt 0.688915 0.442612
vt 0.748217 0.473316
vt 0.737743 0.474819
vt 0.779414 0.453245
vt 0.666922 0.108117
vt 0.659170 0.079609
vt 0.673179 0.222093
vt 0.674070 0.220406
vt 0.673693 0.222256
vt 0.660456 0.244195
vt 0.694141 0.215945
vt 0.690740 0.215601
vt 0.711196 0.229667
vt 0.718006 0.228102
vt 0.709384 0.207988
vt 0.655404 0.190102
vt 0.629485 0.173567
vt 0.655954 0.165631
vt 0.630481 0.127636
vt 0.656731 0.119946
vt 0.618759 0.121053
vt 0.656461 0.100770
vt 0.634580 0.085449
vt 0.638145 0.061658
vt 0.632330 0.107030
vt 0.659981 0.015143
vt 0.693919 0.467384
vt 0.633711 0.192519
vt 0.181098 0.180286
vt 0.229088 0.241698
vt 0.200884 0.291879
vt 0.447258 0.223009
vt 0.328894 0.261858
vt 0.301827 0.220793
vt 0.139589 0.066887
vt 0.011957 0.044789
vt 0.136482 0.011957
vt 0.732442 0.599541
vt 0.616603 0.546386
vt 0.709014 0.500220
vt 0.136482 0.348616
vt 0.204806 0.341248
vt 0.433180 0.646495
vt 0.301827 0.586573
vt 0.433180 0.524797
vt 0.433180 0.390599
vt 0.303413 0.424862
vt 0.311433 0.367721
vt 0.743305 0.882130
vt 0.823551 0.942140
vt 0.741774 0.939633
vt 0.428529 0.776322
vt 0.339198 0.702945
vt 0.426998 0.718819
vt 0.447258 0.131468
vt 0.352783 0.057063
vt 0.447258 0.058932
vt 0.508775 0.716312
vt 0.653974 0.955507
vt 0.011957 0.315783
vt 0.139589 0.293685
vt 0.656523 0.687547
vt 0.766016 0.741869
vt 0.200884 0.068694
vt 0.204806 0.019324
vt 0.032880 0.097084
vt 0.012531 0.180286
vt 0.032880 0.263489
vt 0.839689 0.644341
vt 0.840183 0.574126
vt 0.541732 0.057063
vt 0.562947 0.424862
vt 0.554927 0.367721
vt 0.564534 0.586573
vt 0.812315 0.500220
vt 0.565622 0.261858
vt 0.592689 0.220793
vt 0.584319 0.124297
vt 0.433180 0.435916
vt 0.514720 0.794550
vt 0.430520 0.892669
vt 0.616603 0.765783
vt 0.622665 0.910997
vt 0.745296 0.765783
vt 0.829496 0.863902
vt 0.301827 0.892669
vt 0.307889 0.747455
vt 0.310196 0.124297
vt 0.433180 0.374655
vt 0.560583 0.337432
vt 0.447258 0.013274
vt 0.551063 0.011957
vt 0.671031 0.978515
vt 0.741586 0.972395
vt 0.426810 0.686058
vt 0.504673 0.670409
vt 0.343453 0.011957
vt 0.356255 0.679937
vt 0.819449 0.988043
vt 0.305777 0.337432
vt 0.382120 0.282363
vt 0.624702 0.624955
vt 0.339410 0.635135
vt 0.526950 0.635135
vt 0.512396 0.282363
vt 0.447258 0.257611
vt 0.229088 0.118874
vt 0.219802 0.180286
vt 0.498917 0.890983
vt 0.813693 0.767469
vt 0.277913 0.180286
vt 0.447258 0.313519
vt 0.116490 0.532574
vt 0.106842 0.591845
vt 0.097472 0.535818
vt 0.106151 0.633825
vt 0.115916 0.611969
vt 0.123667 0.633039
vt 0.112025 0.762690
vt 0.128282 0.792345
vt 0.104889 0.796197
vt 0.106307 0.818317
vt 0.062482 0.781633
vt 0.052513 0.792923
vt 0.049236 0.781719
vt 0.131190 0.773048
vt 0.150615 0.789254
vt 0.098446 0.796224
vt 0.089634 0.818067
vt 0.092117 0.795983
vt 0.097317 0.763219
vt 0.082428 0.764302
vt 0.058416 0.599730
vt 0.073387 0.625863
vt 0.065051 0.634194
vt 0.077197 0.539502
vt 0.056842 0.542814
vt 0.097709 0.818523
vt 0.095067 0.610366
vt 0.085183 0.595505
vt 0.046408 0.601718
vt 0.035689 0.545713
vt 0.054584 0.636582
vt 0.065915 0.792841
vt 0.061340 0.805769
vt 0.076432 0.683621
vt 0.064727 0.725829
vt 0.061053 0.685524
vt 0.041901 0.435519
vt 0.028436 0.490764
vt 0.012633 0.409299
vt 0.080575 0.430091
vt 0.068722 0.485366
vt 0.061242 0.432794
vt 0.106899 0.680958
vt 0.094750 0.723633
vt 0.091691 0.682201
vt 0.048741 0.488173
vt 0.079687 0.724657
vt 0.123509 0.680029
vt 0.160962 0.681003
vt 0.134685 0.688345
vt 0.015328 0.719458
vt 0.011957 0.672154
vt 0.109739 0.722833
vt 0.108445 0.479254
vt 0.088612 0.482366
vt 0.022602 0.627109
vt 0.172954 0.666823
vt 0.155910 0.640820
vt 0.167581 0.627825
vt 0.087746 0.636232
vt 0.063054 0.372529
vt 0.100474 0.404472
vt 0.042473 0.375486
vt 0.052764 0.373999
vt 0.011957 0.395190
vt 0.124591 0.722260
vt 0.132645 0.750914
vt 0.115767 0.610764
vt 0.115327 0.611982
vt 0.115389 0.610794
vt 0.126240 0.591102
vt 0.097324 0.610690
vt 0.094734 0.617729
vt 0.097977 0.618011
vt 0.078247 0.606465
vt 0.071621 0.608074
vt 0.080255 0.626338
vt 0.134951 0.642301
vt 0.160005 0.659478
vt 0.134567 0.666131
vt 0.159839 0.704840
vt 0.134428 0.711085
vt 0.171419 0.711964
vt 0.134918 0.730083
vt 0.156453 0.746406
vt 0.153338 0.769747
vt 0.158355 0.725149
vt 0.133047 0.813851
vt 0.095724 0.380963
vt 0.155894 0.640842
vt 0.231447 0.566937
vt 0.228968 0.565086
vt 0.231759 0.566420
vt 0.256173 0.564991
vt 0.253707 0.566859
vt 0.253391 0.566345
vt 0.242590 0.570685
vt 0.243752 0.569451
vt 0.243835 0.570638
vt 0.234238 0.567642
vt 0.233865 0.568393
vt 0.245116 0.570498
vt 0.244949 0.569333
vt 0.236064 0.568369
vt 0.235723 0.569282
vt 0.246205 0.569129
vt 0.246440 0.570235
vt 0.237290 0.569877
vt 0.237595 0.568847
vt 0.247885 0.569840
vt 0.247573 0.568812
vt 0.238966 0.569155
vt 0.238738 0.570262
vt 0.249100 0.568323
vt 0.249448 0.569234
vt 0.240064 0.570516
vt 0.240223 0.569350
vt 0.251299 0.568331
vt 0.250921 0.567584
vt 0.241420 0.569459
vt 0.241346 0.570647
vt 0.242586 0.569486
vt 0.241480 0.568339
vt 0.253163 0.565789
vt 0.242582 0.568359
vt 0.229030 0.564997
vt 0.231984 0.565863
vt 0.256110 0.564902
vt 0.243685 0.568331
vt 0.234527 0.566884
vt 0.244817 0.568236
vt 0.236348 0.567474
vt 0.246016 0.568076
vt 0.237837 0.567857
vt 0.247324 0.567823
vt 0.239147 0.568100
vt 0.248810 0.567430
vt 0.240347 0.568252
vt 0.250627 0.566828
vt 0.245869 0.567067
vt 0.236564 0.566602
vt 0.238027 0.566900
vt 0.247127 0.566868
vt 0.239287 0.567090
vt 0.248588 0.566560
vt 0.240444 0.567205
vt 0.250372 0.566081
vt 0.241526 0.567274
vt 0.252932 0.565242
vt 0.242579 0.567288
vt 0.229295 0.564429
vt 0.232211 0.565314
vt 0.255841 0.564336
vt 0.243632 0.567266
vt 0.234777 0.566135
vt 0.244712 0.567190
vt 0.252790 0.564666
vt 0.241559 0.566252
vt 0.242575 0.566260
vt 0.229341 0.564324
vt 0.232349 0.564738
vt 0.255796 0.564231
vt 0.243591 0.566244
vt 0.234956 0.565384
vt 0.244638 0.566188
vt 0.236735 0.565744
vt 0.245749 0.566089
vt 0.238180 0.565967
vt 0.246967 0.565937
vt 0.239400 0.566111
vt 0.248411 0.565703
vt 0.240511 0.566202
vt 0.250187 0.565331
vt 0.246867 0.565030
vt 0.238274 0.565060
vt 0.239481 0.565162
vt 0.248274 0.564863
vt 0.240571 0.565224
vt 0.250028 0.564588
vt 0.241582 0.565261
vt 0.252635 0.564098
vt 0.242571 0.565266
vt 0.229521 0.563683
vt 0.232500 0.564169
vt 0.255610 0.563591
vt 0.243561 0.565254
vt 0.235110 0.564641
vt 0.244572 0.565210
vt 0.236867 0.564903
vt 0.245661 0.565140
vt 0.229550 0.563568
vt 0.232561 0.563585
vt 0.255581 0.563476
vt 0.252570 0.563515
vt 0.243537 0.564286
vt 0.235200 0.563897
vt 0.244534 0.564259
vt 0.236966 0.564068
vt 0.245600 0.564211
vt 0.238351 0.564167
vt 0.246784 0.564138
vt 0.239535 0.564232
vt 0.248169 0.564028
vt 0.240602 0.564273
vt 0.249933 0.563845
vt 0.241600 0.564293
vt 0.242568 0.564296
vt 0.239565 0.563315
vt 0.246732 0.563255
vt 0.248110 0.563200
vt 0.240618 0.563334
vt 0.249858 0.563105
vt 0.241609 0.563341
vt 0.252487 0.562935
vt 0.242565 0.563344
vt 0.229640 0.562888
vt 0.232640 0.563004
vt 0.255486 0.562797
vt 0.243521 0.563334
vt 0.235270 0.563156
vt 0.244512 0.563320
vt 0.237019 0.563239
vt 0.245564 0.563294
vt 0.238397 0.563284
vt 0.242561 0.562395
vt 0.243511 0.562392
vt 0.232629 0.562420
vt 0.235279 0.562416
vt 0.244497 0.562388
vt 0.237047 0.562412
vt 0.245548 0.562384
vt 0.238398 0.562409
vt 0.246724 0.562379
vt 0.239574 0.562405
vt 0.248076 0.562373
vt 0.240626 0.562402
vt 0.249844 0.562365
vt 0.241612 0.562399
vt 0.252493 0.562350
vt 0.229651 0.562768
vt 0.255474 0.562678
vt 0.248102 0.561546
vt 0.240612 0.561470
vt 0.249851 0.561625
vt 0.241602 0.561457
vt 0.252479 0.561765
vt 0.242558 0.561447
vt 0.229651 0.562077
vt 0.232639 0.561835
vt 0.255469 0.561986
vt 0.243514 0.561450
vt 0.235267 0.561676
vt 0.244504 0.561456
vt 0.237015 0.561585
vt 0.245555 0.561474
vt 0.238391 0.561534
vt 0.246726 0.561504
vt 0.239561 0.561495
vt 0.232558 0.561255
vt 0.235194 0.560937
vt 0.243522 0.560499
vt 0.244519 0.560518
vt 0.236959 0.560757
vt 0.245582 0.560558
vt 0.238338 0.560651
vt 0.246773 0.560622
vt 0.239528 0.560579
vt 0.248152 0.560717
vt 0.240591 0.560531
vt 0.249919 0.560885
vt 0.241588 0.560506
vt 0.252556 0.561185
vt 0.242555 0.560492
vt 0.229642 0.561957
vt 0.255478 0.561866
vt 0.239463 0.559649
vt 0.240553 0.559581
vt 0.248247 0.559882
vt 0.250008 0.560143
vt 0.241564 0.559538
vt 0.252613 0.560601
vt 0.242551 0.559525
vt 0.229552 0.561276
vt 0.232497 0.560672
vt 0.255562 0.561185
vt 0.243539 0.559531
vt 0.235099 0.560195
vt 0.244550 0.559567
vt 0.236858 0.559922
vt 0.245641 0.559628
vt 0.238266 0.559760
vt 0.246838 0.559730
vt 0.244609 0.558590
vt 0.236717 0.559083
vt 0.245719 0.558680
vt 0.238164 0.558854
vt 0.246934 0.558824
vt 0.239378 0.558702
vt 0.248383 0.559042
vt 0.240487 0.558604
vt 0.250135 0.559395
vt 0.241535 0.558552
vt 0.252761 0.560033
vt 0.242548 0.558528
vt 0.229526 0.561160
vt 0.232346 0.560104
vt 0.255587 0.561069
vt 0.243560 0.558545
vt 0.234967 0.559448
vt 0.250336 0.558648
vt 0.241491 0.557530
vt 0.252896 0.559458
vt 0.242544 0.557501
vt 0.229347 0.560529
vt 0.232206 0.559530
vt 0.255762 0.560436
vt 0.243598 0.557523
vt 0.234760 0.558703
vt 0.244673 0.557591
vt 0.236550 0.558232
vt 0.245828 0.557705
vt 0.238005 0.557926
vt 0.247087 0.557894
vt 0.239262 0.557728
vt 0.248544 0.558190
vt 0.240416 0.557606
vt 0.244771 0.556547
vt 0.245964 0.556700
vt 0.237806 0.556972
vt 0.247278 0.556939
vt 0.239119 0.556724
vt 0.248758 0.557318
vt 0.240311 0.556562
vt 0.250582 0.557901
vt 0.241439 0.556467
vt 0.253121 0.558909
vt 0.242540 0.556430
vt 0.229300 0.560423
vt 0.231977 0.558983
vt 0.255809 0.560330
vt 0.243642 0.556459
vt 0.234510 0.557957
vt 0.236329 0.557362
vt 0.250867 0.557145
vt 0.253343 0.558352
vt 0.241372 0.555348
vt 0.242537 0.555304
vt 0.229033 0.559855
vt 0.231752 0.558428
vt 0.256072 0.559760
vt 0.243701 0.555340
vt 0.234219 0.557203
vt 0.244897 0.555448
vt 0.236043 0.556470
vt 0.246149 0.555646
vt 0.237570 0.555988
vt 0.247507 0.555953
vt 0.238926 0.555671
vt 0.249038 0.556424
vt 0.240177 0.555465
vt 0.237255 0.554960
vt 0.247815 0.554923
vt 0.238687 0.554566
vt 0.249374 0.555511
vt 0.240022 0.554315
vt 0.251237 0.556396
vt 0.241289 0.554162
vt 0.253651 0.557835
vt 0.242532 0.554107
vt 0.228971 0.559765
vt 0.231440 0.557913
vt 0.256133 0.559670
vt 0.243776 0.554154
vt 0.233844 0.556457
vt 0.245044 0.554297
vt 0.235701 0.555559
vt 0.246380 0.554539
vt 0.241182 0.552885
vt 0.242528 0.552816
vt 0.228637 0.559305
vt 0.231116 0.557396
vt 0.256464 0.559207
vt 0.253971 0.557315
vt 0.243874 0.552876
vt 0.233410 0.555707
vt 0.245245 0.553055
vt 0.235249 0.554625
vt 0.246674 0.553365
vt 0.236891 0.553896
vt 0.248172 0.553856
vt 0.238385 0.553393
vt 0.249819 0.554574
vt 0.239812 0.553074
vt 0.251665 0.555643
vt 0.248636 0.552731
vt 0.236419 0.552773
vt 0.238014 0.552146
vt 0.250347 0.553620
vt 0.239551 0.551737
vt 0.252196 0.554909
vt 0.241046 0.551495
vt 0.254374 0.556852
vt 0.242523 0.551409
vt 0.228563 0.559237
vt 0.230710 0.556935
vt 0.256537 0.559139
vt 0.244000 0.551485
vt 0.232874 0.554977
vt 0.245497 0.551716
vt 0.234715 0.553674
vt 0.247037 0.552114
vt 0.228192 0.558923
vt 0.230276 0.556484
vt 0.256906 0.558823
vt 0.254805 0.556398
vt 0.244164 0.549948
vt 0.232255 0.554258
vt 0.245821 0.550248
vt 0.234065 0.552696
vt 0.247500 0.550762
vt 0.235813 0.551575
vt 0.249233 0.551528
vt 0.237541 0.550796
vt 0.250990 0.552637
vt 0.239217 0.550271
vt 0.252810 0.554186
vt 0.240872 0.549960
vt 0.242517 0.549850
vt 0.236918 0.549307
vt 0.249965 0.550264
vt 0.251778 0.551642
vt 0.238782 0.548638
vt 0.253534 0.553498
vt 0.240646 0.548235
vt 0.255309 0.556020
vt 0.242511 0.548093
vt 0.228115 0.558883
vt 0.229769 0.556110
vt 0.256983 0.558781
vt 0.244377 0.548222
vt 0.231527 0.553575
vt 0.246244 0.548612
vt 0.233270 0.551707
vt 0.248113 0.549268
vt 0.235073 0.550316
vt 0.244661 0.546251
vt 0.229208 0.555794
vt 0.230652 0.552955
vt 0.246796 0.546773
vt 0.232285 0.550725
vt 0.248880 0.547655
vt 0.234131 0.548986
vt 0.250898 0.548927
vt 0.236140 0.547700
vt 0.252755 0.550653
vt 0.238217 0.546803
vt 0.254405 0.552872
vt 0.240348 0.546266
vt 0.255868 0.555700
vt 0.242504 0.546078
vt 0.227876 0.558815
vt 0.257221 0.558712
vt 0.252107 0.547504
vt 0.253958 0.549685
vt 0.237451 0.544683
vt 0.255402 0.552327
vt 0.239947 0.543964
vt 0.256477 0.555455
vt 0.242496 0.543715
vt 0.227670 0.558789
vt 0.228597 0.555552
vt 0.257427 0.558684
vt 0.245046 0.543946
vt 0.229650 0.552418
vt 0.247547 0.544647
vt 0.231076 0.549765
vt 0.249924 0.545828
vt 0.232911 0.547571
vt 0.235083 0.545880
vt 0.248584 0.542131
vt 0.228481 0.552014
vt 0.229585 0.548882
vt 0.251324 0.543789
vt 0.231373 0.546144
vt 0.253635 0.546065
vt 0.233668 0.543851
vt 0.255442 0.548791
vt 0.236397 0.542174
vt 0.256569 0.551915
vt 0.239405 0.541212
vt 0.257130 0.555298
vt 0.242486 0.540891
vt 0.227495 0.558813
vt 0.227943 0.555400
vt 0.257603 0.558707
vt 0.245569 0.541191
vt 0.257899 0.551683
vt 0.234960 0.539214
vt 0.238668 0.537864
vt 0.257824 0.555247
vt 0.242474 0.537490
vt 0.227363 0.558918
vt 0.227249 0.555355
vt 0.257735 0.558811
vt 0.246282 0.537837
vt 0.227149 0.551791
vt 0.250000 0.539161
vt 0.227784 0.548177
vt 0.253254 0.541473
vt 0.229236 0.544637
vt 0.255761 0.544544
vt 0.231722 0.541549
vt 0.257238 0.548073
vt 0.227149 0.573110
vt 0.229624 0.576021
vt 0.227823 0.576747
vt 0.253424 0.583208
vt 0.248798 0.582650
vt 0.251491 0.580942
vt 0.229326 0.580278
vt 0.231432 0.578755
vt 0.255922 0.580185
vt 0.253806 0.578677
vt 0.233762 0.581005
vt 0.231845 0.583284
vt 0.255594 0.575929
vt 0.257400 0.576644
vt 0.236467 0.582693
vt 0.234986 0.585562
vt 0.258049 0.573002
vt 0.256707 0.572779
vt 0.238628 0.587192
vt 0.239481 0.583682
vt 0.257239 0.569366
vt 0.257938 0.569410
vt 0.242638 0.584091
vt 0.242650 0.587621
vt 0.227234 0.569518
vt 0.227333 0.565926
vt 0.227933 0.569469
vt 0.257814 0.565819
vt 0.246669 0.587164
vt 0.245791 0.583660
vt 0.228489 0.572878
vt 0.250299 0.585508
vt 0.237523 0.580211
vt 0.240054 0.580894
vt 0.255530 0.572373
vt 0.256579 0.569215
vt 0.242627 0.581132
vt 0.227468 0.566033
vt 0.228591 0.569313
vt 0.257680 0.565927
vt 0.245199 0.580876
vt 0.229663 0.572464
vt 0.247724 0.580175
vt 0.231117 0.575120
vt 0.250102 0.578960
vt 0.232981 0.577298
vt 0.252246 0.577230
vt 0.235138 0.579013
vt 0.254095 0.575039
vt 0.249028 0.577131
vt 0.232322 0.574150
vt 0.234194 0.575881
vt 0.251024 0.575822
vt 0.236198 0.577176
vt 0.252883 0.574078
vt 0.238307 0.578044
vt 0.254524 0.571834
vt 0.240441 0.578598
vt 0.255964 0.568974
vt 0.242619 0.578752
vt 0.227648 0.566057
vt 0.229206 0.569068
vt 0.257500 0.565952
vt 0.244796 0.578583
vt 0.230666 0.571918
vt 0.246925 0.578014
vt 0.253645 0.571214
vt 0.255397 0.568659
vt 0.240734 0.576606
vt 0.242612 0.576721
vt 0.227861 0.566030
vt 0.229770 0.568749
vt 0.257287 0.565927
vt 0.244489 0.576593
vt 0.231540 0.571291
vt 0.246360 0.576194
vt 0.233300 0.573157
vt 0.248237 0.575510
vt 0.235143 0.574537
vt 0.250065 0.574484
vt 0.236978 0.575549
vt 0.251898 0.573092
vt 0.238860 0.576221
vt 0.235877 0.573274
vt 0.249321 0.573226
vt 0.237593 0.574059
vt 0.251080 0.572099
vt 0.239283 0.574583
vt 0.252914 0.570530
vt 0.240951 0.574872
vt 0.254885 0.568287
vt 0.242606 0.574957
vt 0.228106 0.565962
vt 0.230279 0.568373
vt 0.257041 0.565860
vt 0.244259 0.574861
vt 0.232266 0.570603
vt 0.245925 0.574560
vt 0.234111 0.572158
vt 0.247612 0.574024
vt 0.241116 0.573329
vt 0.242600 0.573393
vt 0.228187 0.565922
vt 0.230716 0.567920
vt 0.256960 0.565821
vt 0.254446 0.567837
vt 0.244084 0.573319
vt 0.232902 0.569885
vt 0.245588 0.573087
vt 0.234759 0.571181
vt 0.247127 0.572666
vt 0.236460 0.572080
vt 0.248731 0.572037
vt 0.238068 0.572698
vt 0.250425 0.571126
vt 0.239610 0.573108
vt 0.252273 0.569817
vt 0.248264 0.570914
vt 0.236919 0.570954
vt 0.238444 0.571438
vt 0.249885 0.570173
vt 0.239861 0.571764
vt 0.251735 0.569084
vt 0.241243 0.571933
vt 0.254035 0.567376
vt 0.242595 0.571981
vt 0.228557 0.565609
vt 0.231123 0.567457
vt 0.256588 0.565510
vt 0.243946 0.571924
vt 0.233435 0.569148
vt 0.245328 0.571745
vt 0.235292 0.570225
vt 0.246742 0.571409
vt 0.256511 0.565446
vt 0.228634 0.565544
vt 0.231437 0.492666
vt 0.228969 0.490798
vt 0.231753 0.492151
vt 0.256215 0.490907
vt 0.253732 0.492755
vt 0.253420 0.492237
vt 0.243819 0.496460
vt 0.242574 0.495302
vt 0.243744 0.495264
vt 0.234222 0.493387
vt 0.233846 0.494135
vt 0.245100 0.496325
vt 0.244940 0.495154
vt 0.236044 0.494124
vt 0.235698 0.495035
vt 0.246197 0.494958
vt 0.246434 0.496072
vt 0.237275 0.495639
vt 0.237578 0.494612
vt 0.247576 0.494652
vt 0.247870 0.495681
vt 0.238708 0.496041
vt 0.238954 0.494929
vt 0.249113 0.494176
vt 0.249453 0.495090
vt 0.240040 0.496305
vt 0.240209 0.495135
vt 0.251311 0.494205
vt 0.250942 0.493454
vt 0.241405 0.495255
vt 0.241320 0.496450
vt 0.242569 0.496493
vt 0.241472 0.494135
vt 0.253197 0.491680
vt 0.242579 0.494165
vt 0.229032 0.490709
vt 0.231981 0.491595
vt 0.256153 0.490817
vt 0.243685 0.494144
vt 0.234514 0.492631
vt 0.244816 0.494054
vt 0.236333 0.493230
vt 0.246020 0.493903
vt 0.237834 0.493619
vt 0.247328 0.493657
vt 0.239140 0.493875
vt 0.248832 0.493280
vt 0.240342 0.494036
vt 0.250656 0.492696
vt 0.245885 0.492895
vt 0.238029 0.492664
vt 0.247140 0.492701
vt 0.239283 0.492869
vt 0.248599 0.492404
vt 0.240446 0.492993
vt 0.250411 0.491945
vt 0.241531 0.493065
vt 0.252970 0.491131
vt 0.242583 0.493088
vt 0.229305 0.490140
vt 0.232213 0.491048
vt 0.255884 0.490246
vt 0.243635 0.493073
vt 0.234765 0.491883
vt 0.244721 0.493010
vt 0.236573 0.492356
vt 0.252832 0.490556
vt 0.241569 0.492044
vt 0.242587 0.492061
vt 0.229357 0.490035
vt 0.232355 0.490474
vt 0.255834 0.490141
vt 0.243606 0.492052
vt 0.234969 0.491135
vt 0.244650 0.492003
vt 0.236741 0.491500
vt 0.245768 0.491914
vt 0.238181 0.491733
vt 0.246996 0.491768
vt 0.239407 0.491888
vt 0.248438 0.491547
vt 0.240525 0.491986
vt 0.250213 0.491195
vt 0.246897 0.490860
vt 0.238287 0.490826
vt 0.239499 0.490937
vt 0.248307 0.490705
vt 0.240584 0.491011
vt 0.250056 0.490445
vt 0.241602 0.491051
vt 0.252733 0.489969
vt 0.242591 0.491065
vt 0.229418 0.489655
vt 0.232458 0.489888
vt 0.255775 0.489760
vt 0.243580 0.491059
vt 0.235132 0.490385
vt 0.244599 0.491027
vt 0.236879 0.490659
vt 0.245684 0.490962
vt 0.229557 0.488994
vt 0.232576 0.489308
vt 0.255641 0.489098
vt 0.252619 0.489388
vt 0.242595 0.490097
vt 0.243564 0.490090
vt 0.235223 0.489635
vt 0.244565 0.490072
vt 0.236981 0.489825
vt 0.245636 0.490032
vt 0.238375 0.489931
vt 0.246816 0.489965
vt 0.239555 0.490008
vt 0.248211 0.489870
vt 0.240625 0.490056
vt 0.249970 0.489694
vt 0.241626 0.490082
vt 0.238419 0.489047
vt 0.239597 0.489089
vt 0.246779 0.489080
vt 0.248154 0.489038
vt 0.240650 0.489116
vt 0.249918 0.488947
vt 0.241644 0.489131
vt 0.252597 0.488796
vt 0.242599 0.489141
vt 0.229574 0.488875
vt 0.232603 0.488717
vt 0.255625 0.488978
vt 0.243554 0.489138
vt 0.235281 0.488889
vt 0.244548 0.489131
vt 0.237044 0.488994
vt 0.245601 0.489112
vt 0.242603 0.488191
vt 0.243556 0.488195
vt 0.235295 0.488146
vt 0.244544 0.488197
vt 0.237077 0.488163
vt 0.245586 0.488200
vt 0.238432 0.488169
vt 0.246773 0.488202
vt 0.239619 0.488176
vt 0.248129 0.488207
vt 0.240661 0.488181
vt 0.249910 0.488204
vt 0.241649 0.488188
vt 0.252553 0.488208
vt 0.229627 0.488176
vt 0.232652 0.488129
vt 0.255577 0.488280
vt 0.248162 0.487377
vt 0.239607 0.487264
vt 0.240661 0.487248
vt 0.249913 0.487460
vt 0.241650 0.487244
vt 0.252601 0.487619
vt 0.242606 0.487242
vt 0.229625 0.488051
vt 0.232609 0.487540
vt 0.255581 0.488155
vt 0.243563 0.487252
vt 0.235298 0.487402
vt 0.244552 0.487264
vt 0.237050 0.487333
vt 0.245605 0.487288
vt 0.238433 0.487292
vt 0.246779 0.487325
vt 0.235260 0.486653
vt 0.243577 0.486301
vt 0.244576 0.486325
vt 0.237010 0.486504
vt 0.245646 0.486370
vt 0.238394 0.486408
vt 0.246825 0.486442
vt 0.239574 0.486346
vt 0.248208 0.486548
vt 0.240644 0.486309
vt 0.249957 0.486712
vt 0.241643 0.486293
vt 0.252627 0.487026
vt 0.242610 0.486287
vt 0.229570 0.487352
vt 0.232588 0.486946
vt 0.255642 0.487456
vt 0.239525 0.485418
vt 0.240614 0.485357
vt 0.250066 0.485966
vt 0.241629 0.485327
vt 0.252690 0.486440
vt 0.242614 0.485320
vt 0.229569 0.486954
vt 0.232529 0.486360
vt 0.255646 0.487058
vt 0.243599 0.485335
vt 0.235157 0.485906
vt 0.244613 0.485373
vt 0.236919 0.485670
vt 0.245702 0.485442
vt 0.238321 0.485517
vt 0.246905 0.485551
vt 0.248306 0.485716
vt 0.243632 0.484347
vt 0.244677 0.484399
vt 0.235014 0.485161
vt 0.236787 0.484828
vt 0.245787 0.484495
vt 0.238231 0.484611
vt 0.247003 0.484646
vt 0.239448 0.484470
vt 0.248445 0.484875
vt 0.240558 0.484382
vt 0.250215 0.485221
vt 0.241604 0.484339
vt 0.252792 0.485863
vt 0.242618 0.484323
vt 0.229534 0.486566
vt 0.232432 0.485782
vt 0.255684 0.486670
vt 0.250410 0.484478
vt 0.241571 0.483319
vt 0.252932 0.485297
vt 0.242622 0.483297
vt 0.229468 0.486191
vt 0.232296 0.485215
vt 0.255752 0.486296
vt 0.243673 0.483328
vt 0.234825 0.484416
vt 0.244749 0.483398
vt 0.236626 0.483973
vt 0.245903 0.483521
vt 0.238081 0.483681
vt 0.247160 0.483717
vt 0.239340 0.483495
vt 0.248613 0.484021
vt 0.240494 0.483381
vt 0.244852 0.482358
vt 0.246045 0.482516
vt 0.237892 0.482726
vt 0.247357 0.482763
vt 0.239206 0.482489
vt 0.248832 0.483150
vt 0.240400 0.482340
vt 0.250652 0.483736
vt 0.241524 0.482253
vt 0.253161 0.484756
vt 0.242626 0.482227
vt 0.229413 0.486089
vt 0.232071 0.484671
vt 0.255808 0.486194
vt 0.243728 0.482261
vt 0.234589 0.483671
vt 0.236414 0.483100
vt 0.250938 0.482985
vt 0.253387 0.484205
vt 0.241468 0.481134
vt 0.242631 0.481110
vt 0.229144 0.485525
vt 0.231850 0.484119
vt 0.256082 0.485632
vt 0.243793 0.481143
vt 0.234309 0.482918
vt 0.244984 0.481262
vt 0.236137 0.482206
vt 0.246238 0.481462
vt 0.237664 0.481740
vt 0.247592 0.481779
vt 0.239020 0.481434
vt 0.249116 0.482258
vt 0.240276 0.481243
vt 0.237359 0.480711
vt 0.247906 0.480754
vt 0.238799 0.480333
vt 0.249455 0.481349
vt 0.240120 0.480083
vt 0.251309 0.482241
vt 0.241396 0.479956
vt 0.253700 0.483695
vt 0.242636 0.479904
vt 0.229077 0.485438
vt 0.231541 0.483606
vt 0.256148 0.485546
vt 0.243875 0.479966
vt 0.233944 0.482172
vt 0.245150 0.480103
vt 0.235805 0.481294
vt 0.246468 0.480363
vt 0.241295 0.478675
vt 0.242641 0.478616
vt 0.228744 0.484979
vt 0.231221 0.483089
vt 0.256486 0.485090
vt 0.254024 0.483180
vt 0.243986 0.478686
vt 0.233518 0.481422
vt 0.245359 0.478863
vt 0.235364 0.480358
vt 0.246767 0.479197
vt 0.237001 0.479646
vt 0.248272 0.479691
vt 0.238510 0.479164
vt 0.249903 0.480416
vt 0.239921 0.478842
vt 0.251740 0.481494
vt 0.247153 0.477941
vt 0.248736 0.478571
vt 0.238134 0.477905
vt 0.250429 0.479469
vt 0.239675 0.477507
vt 0.252274 0.480767
vt 0.241170 0.477286
vt 0.254431 0.482722
vt 0.242646 0.477210
vt 0.228667 0.484915
vt 0.230818 0.482628
vt 0.256564 0.485026
vt 0.244122 0.477298
vt 0.232991 0.480690
vt 0.245615 0.477531
vt 0.234846 0.479407
vt 0.236546 0.478522
vt 0.228295 0.484600
vt 0.230387 0.482175
vt 0.256938 0.484714
vt 0.254865 0.482273
vt 0.244300 0.475761
vt 0.232379 0.479968
vt 0.245941 0.476083
vt 0.234195 0.478426
vt 0.247623 0.476596
vt 0.235953 0.477325
vt 0.249338 0.477379
vt 0.237674 0.476557
vt 0.251088 0.478494
vt 0.239361 0.476056
vt 0.252892 0.480050
vt 0.241005 0.475748
vt 0.242653 0.475652
vt 0.237071 0.475079
vt 0.251892 0.477508
vt 0.238926 0.474399
vt 0.253618 0.479369
vt 0.240799 0.474038
vt 0.255373 0.481901
vt 0.242660 0.473905
vt 0.228214 0.484562
vt 0.229883 0.481799
vt 0.257019 0.484677
vt 0.244519 0.474053
vt 0.231657 0.479281
vt 0.246389 0.474429
vt 0.233399 0.477434
vt 0.248239 0.475124
vt 0.235235 0.476073
vt 0.250067 0.476132
vt 0.244825 0.472072
vt 0.230785 0.478654
vt 0.246940 0.472636
vt 0.232434 0.476447
vt 0.249030 0.473509
vt 0.234298 0.474734
vt 0.251014 0.474801
vt 0.236293 0.473458
vt 0.252864 0.476529
vt 0.238390 0.472601
vt 0.254496 0.478749
vt 0.240509 0.472054
vt 0.255925 0.481563
vt 0.242668 0.471885
vt 0.227861 0.484430
vt 0.229333 0.481456
vt 0.257373 0.484548
vt 0.252226 0.473401
vt 0.254064 0.475574
vt 0.237630 0.470469
vt 0.255489 0.478213
vt 0.240126 0.469759
vt 0.256532 0.481324
vt 0.242677 0.469527
vt 0.227789 0.484421
vt 0.228729 0.481213
vt 0.257445 0.484539
vt 0.245226 0.469780
vt 0.229796 0.478110
vt 0.247717 0.470510
vt 0.231242 0.475482
vt 0.250091 0.471688
vt 0.233097 0.473325
vt 0.235246 0.471629
vt 0.248770 0.468037
vt 0.228630 0.477693
vt 0.229763 0.474586
vt 0.251484 0.469693
vt 0.231559 0.471872
vt 0.253776 0.471961
vt 0.233869 0.469622
vt 0.255551 0.474690
vt 0.236597 0.467988
vt 0.256659 0.477806
vt 0.239597 0.467009
vt 0.257188 0.481162
vt 0.242688 0.466702
vt 0.227546 0.484470
vt 0.228074 0.481045
vt 0.257688 0.484590
vt 0.245777 0.467034
vt 0.257971 0.477584
vt 0.235094 0.464955
vt 0.238870 0.463619
vt 0.257865 0.481121
vt 0.242702 0.463275
vt 0.227500 0.484478
vt 0.227396 0.480999
vt 0.257733 0.484599
vt 0.246531 0.463650
vt 0.227319 0.477461
vt 0.250297 0.465016
vt 0.227981 0.473866
vt 0.253399 0.467479
vt 0.229473 0.470366
vt 0.255874 0.470472
vt 0.231972 0.467393
vt 0.257338 0.473984
vt 0.227149 0.498806
vt 0.229563 0.501710
vt 0.227772 0.502408
vt 0.250329 0.511456
vt 0.251464 0.506824
vt 0.253378 0.509015
vt 0.229215 0.505925
vt 0.231319 0.504455
vt 0.255848 0.506032
vt 0.253755 0.504545
vt 0.233593 0.506752
vt 0.231661 0.508928
vt 0.255534 0.501814
vt 0.257319 0.502527
vt 0.234690 0.511394
vt 0.236300 0.508461
vt 0.257971 0.498930
vt 0.256658 0.498700
vt 0.238402 0.513108
vt 0.239324 0.509524
vt 0.257892 0.495382
vt 0.257212 0.495336
vt 0.242515 0.509975
vt 0.242501 0.513576
vt 0.227257 0.495260
vt 0.227391 0.491771
vt 0.227936 0.495219
vt 0.257785 0.491893
vt 0.246604 0.513141
vt 0.245710 0.509550
vt 0.228464 0.498587
vt 0.248742 0.508511
vt 0.237403 0.505991
vt 0.239937 0.506715
vt 0.255498 0.498285
vt 0.256563 0.495182
vt 0.242527 0.506981
vt 0.227503 0.491827
vt 0.228587 0.495070
vt 0.257673 0.491948
vt 0.245120 0.506736
vt 0.229627 0.498181
vt 0.247660 0.506032
vt 0.231057 0.500832
vt 0.250068 0.504838
vt 0.232883 0.503026
vt 0.252203 0.503103
vt 0.235005 0.504778
vt 0.254047 0.500924
vt 0.246892 0.503901
vt 0.248974 0.502979
vt 0.232271 0.499875
vt 0.234114 0.501624
vt 0.250984 0.501691
vt 0.236113 0.502927
vt 0.252841 0.499958
vt 0.238187 0.503866
vt 0.254498 0.497737
vt 0.240350 0.504413
vt 0.255957 0.494918
vt 0.242537 0.504587
vt 0.227564 0.491834
vt 0.229196 0.494810
vt 0.257612 0.491955
vt 0.244725 0.504430
vt 0.230632 0.497641
vt 0.255404 0.494573
vt 0.240657 0.502428
vt 0.242545 0.502555
vt 0.227739 0.491806
vt 0.229751 0.494470
vt 0.257438 0.491925
vt 0.244435 0.502443
vt 0.231512 0.497019
vt 0.246307 0.502026
vt 0.233263 0.498893
vt 0.248199 0.501372
vt 0.235066 0.500297
vt 0.250042 0.500357
vt 0.236901 0.501327
vt 0.251857 0.498968
vt 0.238787 0.501996
vt 0.253622 0.497107
vt 0.234066 0.497902
vt 0.235821 0.499032
vt 0.249297 0.499086
vt 0.237540 0.499829
vt 0.251061 0.497970
vt 0.239220 0.500377
vt 0.252901 0.496418
vt 0.240895 0.500676
vt 0.254896 0.494195
vt 0.242552 0.500778
vt 0.228100 0.491676
vt 0.230262 0.494097
vt 0.257078 0.491792
vt 0.244210 0.500689
vt 0.232239 0.496335
vt 0.245887 0.500404
vt 0.247572 0.499869
vt 0.241069 0.499141
vt 0.242559 0.499214
vt 0.228180 0.491636
vt 0.230700 0.493645
vt 0.256997 0.491751
vt 0.254461 0.493740
vt 0.244049 0.499153
vt 0.232878 0.495621
vt 0.245563 0.498926
vt 0.234734 0.496927
vt 0.247103 0.498513
vt 0.236420 0.497842
vt 0.248708 0.497892
vt 0.238020 0.498477
vt 0.250401 0.496990
vt 0.239557 0.498902
vt 0.252268 0.495699
vt 0.248242 0.496760
vt 0.236895 0.496714
vt 0.238404 0.497218
vt 0.249884 0.496032
vt 0.239830 0.497545
vt 0.251739 0.494961
vt 0.241205 0.497743
vt 0.254055 0.493276
vt 0.242564 0.497799
vt 0.228553 0.491323
vt 0.231111 0.493184
vt 0.256628 0.491435
vt 0.243924 0.497754
vt 0.233413 0.494888
vt 0.245300 0.497567
vt 0.235259 0.495973
vt 0.246729 0.497251
vt 0.256552 0.491369
vt 0.228629 0.491258
vt 0.857869 0.114145
vt 0.852902 0.063051
vt 0.867231 0.112278
vt 0.876088 0.108570
vt 0.884124 0.103132
vt 0.891031 0.096133
vt 0.896518 0.087811
vt 0.900337 0.078471
vt 0.902300 0.068479
vt 0.902300 0.058249
vt 0.900329 0.048209
vt 0.896479 0.038783
vt 0.890932 0.030353
vt 0.883944 0.023244
vt 0.875819 0.017707
vt 0.866886 0.013918
vt 0.857480 0.011986
vt 0.847934 0.011957
vt 0.838573 0.013824
vt 0.829715 0.017532
vt 0.821679 0.022970
vt 0.814773 0.029969
vt 0.809285 0.038291
vt 0.805466 0.047631
vt 0.803504 0.057623
vt 0.803504 0.067853
vt 0.805475 0.077893
vt 0.809325 0.087319
vt 0.814871 0.095749
vt 0.821859 0.102858
vt 0.829984 0.108396
vt 0.838918 0.112184
vt 0.207943 0.379689
vt 0.212947 0.376126
vt 0.241891 0.376632
vt 0.848323 0.114116
vt 0.218507 0.373708
vt 0.224410 0.372529
vt 0.230428 0.372634
vt 0.236331 0.374020
vt 0.246895 0.380371
vt 0.203688 0.384262
vt 0.251151 0.385093
vt 0.200344 0.389668
vt 0.254494 0.390616
vt 0.256797 0.396728
vt 0.198041 0.395699
vt 0.257971 0.403194
vt 0.196867 0.408697
vt 0.257971 0.409766
vt 0.198041 0.415163
vt 0.256797 0.416192
vt 0.254494 0.422223
vt 0.200344 0.421275
vt 0.251151 0.427629
vt 0.207943 0.431520
vt 0.246895 0.432202
vt 0.212947 0.435259
vt 0.241891 0.435765
vt 0.236331 0.438183
vt 0.218507 0.437871
vt 0.230428 0.439362
vt 0.224410 0.439257
vt 0.203688 0.426798
vt 0.196867 0.402125
s 0
usemtl マテリアル.006
f 31/1/1 14/2/1 34/3/1
f 15/4/2 52/5/2 8/6/2
f 44/7/3 6/8/3 16/9/3
f 6/8/4 13/10/4 16/9/4
f 47/11/5 1/12/5 41/13/5
f 42/14/6 2/15/6 6/8/6
f 12/16/7 20/17/7 19/18/7
f 43/19/8 19/18/8 45/20/8
f 17/21/9 62/22/9 18/23/9
f 33/24/10 17/21/10 35/25/10
f 16/9/7 9/26/7 12/16/7
f 43/19/8 16/9/8 12/16/8
f 10/27/11 55/28/11 56/29/11
f 34/3/1 10/27/1 33/24/1
f 35/25/10 3/30/10 36/31/10
f 17/21/12 7/32/12 3/30/12
f 45/20/13 5/33/13 47/11/13
f 5/33/14 20/17/14 1/34/14
f 40/35/15 23/36/15 32/37/15
f 50/38/16 21/39/16 41/40/16
f 49/41/1 26/42/1 48/43/1
f 39/44/15 25/45/15 38/46/15
f 48/43/1 29/47/1 50/38/1
f 38/46/15 30/48/15 40/35/15
f 37/49/17 70/50/17 67/51/17
f 32/37/5 21/52/5 36/53/5
f 37/49/15 27/54/15 39/44/15
f 49/41/1 22/55/1 28/56/1
f 8/6/15 39/44/15 15/4/15
f 7/32/18 36/53/18 3/57/18
f 31/58/19 64/59/19 4/60/19
f 11/61/20 40/35/20 18/23/20
f 15/4/15 38/46/15 11/61/15
f 18/23/21 32/37/21 7/32/21
f 29/47/1 36/31/1 21/39/1
f 28/56/1 33/24/1 26/42/1
f 26/42/1 35/25/1 29/47/1
f 22/55/1 34/3/1 28/56/1
f 13/62/22 46/63/22 49/41/22
f 20/64/23 48/43/23 50/38/23
f 13/62/23 48/43/23 9/65/23
f 20/64/24 41/40/24 1/66/24
f 23/36/25 45/20/25 47/11/25
f 27/54/15 43/19/15 25/45/15
f 25/45/15 45/20/15 30/48/15
f 24/67/26 74/68/26 42/14/26
f 23/36/5 41/13/5 21/52/5
f 24/67/15 44/7/15 27/54/15
f 51/69/12 54/70/12 53/71/12
f 4/72/27 52/5/27 51/69/27
f 4/72/28 53/71/28 14/2/28
f 14/2/29 54/70/29 15/4/29
f 55/28/12 58/73/12 56/29/12
f 10/27/30 58/73/30 11/61/30
f 11/61/31 57/74/31 15/4/31
f 14/2/32 57/74/32 55/28/32
f 59/75/12 62/22/12 61/76/12
f 10/27/33 60/77/33 59/75/33
f 18/23/34 60/77/34 11/61/34
f 17/21/35 59/75/35 61/76/35
f 65/78/6 63/79/6 66/80/6
f 31/58/36 66/80/36 63/79/36
f 8/6/37 66/80/37 37/49/37
f 8/6/38 64/59/38 65/78/38
f 67/51/6 69/81/6 68/82/6
f 22/83/39 70/50/39 31/58/39
f 22/83/40 68/82/40 69/81/40
f 37/49/41 68/82/41 24/67/41
f 73/84/6 71/85/6 74/68/6
f 46/86/42 74/68/42 71/85/42
f 24/67/43 72/87/43 73/84/43
f 22/83/44 71/85/44 72/87/44
f 31/1/1 4/72/1 14/2/1
f 15/4/2 54/70/2 52/5/2
f 44/7/45 42/14/45 6/8/45
f 6/8/4 2/88/4 13/10/4
f 47/11/5 5/33/5 1/12/5
f 42/14/6 46/86/6 2/15/6
f 12/16/7 9/26/7 20/17/7
f 43/19/8 12/16/8 19/18/8
f 17/21/9 61/76/9 62/22/9
f 33/24/46 10/27/46 17/21/46
f 16/9/7 13/10/7 9/26/7
f 43/19/8 44/7/8 16/9/8
f 10/27/11 14/2/11 55/28/11
f 34/3/1 14/2/1 10/27/1
f 35/25/10 17/21/10 3/30/10
f 17/21/12 18/23/12 7/32/12
f 45/20/47 19/18/47 5/33/47
f 5/33/14 19/18/14 20/17/14
f 40/35/15 30/48/15 23/36/15
f 50/38/1 29/47/1 21/39/1
f 49/41/1 28/56/1 26/42/1
f 39/44/15 27/54/15 25/45/15
f 48/43/1 26/42/1 29/47/1
f 38/46/15 25/45/15 30/48/15
f 37/49/17 31/58/17 70/50/17
f 32/37/5 23/36/5 21/52/5
f 37/49/15 24/67/15 27/54/15
f 49/41/48 46/63/48 22/55/48
f 8/6/15 37/49/15 39/44/15
f 7/32/18 32/37/18 36/53/18
f 31/58/19 63/79/19 64/59/19
f 11/61/15 38/46/15 40/35/15
f 15/4/15 39/44/15 38/46/15
f 18/23/21 40/35/21 32/37/21
f 29/47/1 35/25/1 36/31/1
f 28/56/1 34/3/1 33/24/1
f 26/42/1 33/24/1 35/25/1
f 22/55/1 31/1/1 34/3/1
f 13/62/49 2/89/49 46/63/49
f 20/64/23 9/65/23 48/43/23
f 13/62/23 49/41/23 48/43/23
f 20/64/50 50/38/50 41/40/50
f 23/36/15 30/48/15 45/20/15
f 27/54/15 44/7/15 43/19/15
f 25/45/15 43/19/15 45/20/15
f 24/67/51 73/84/51 74/68/51
f 23/36/5 47/11/5 41/13/5
f 24/67/52 42/14/52 44/7/52
f 51/69/12 52/5/12 54/70/12
f 4/72/27 8/6/27 52/5/27
f 4/72/28 51/69/28 53/71/28
f 14/2/29 53/71/29 54/70/29
f 55/28/12 57/74/12 58/73/12
f 10/27/30 56/29/30 58/73/30
f 11/61/31 58/73/31 57/74/31
f 14/2/32 15/4/32 57/74/32
f 59/75/12 60/77/12 62/22/12
f 10/27/33 11/61/33 60/77/33
f 18/23/53 62/22/53 60/77/53
f 17/21/54 10/27/54 59/75/54
f 65/78/6 64/90/6 63/79/6
f 31/58/36 37/49/36 66/80/36
f 8/6/37 65/78/37 66/80/37
f 8/6/38 4/60/38 64/59/38
f 67/51/6 70/50/6 69/81/6
f 22/83/39 69/81/39 70/50/39
f 22/83/40 24/67/40 68/82/40
f 37/49/41 67/51/41 68/82/41
f 73/84/6 72/87/6 71/85/6
f 46/86/42 42/14/42 74/68/42
f 24/67/43 22/83/43 72/87/43
f 22/83/55 46/86/55 71/85/55
f 99/91/56 118/92/56 77/93/56
f 107/94/57 81/95/57 100/96/57
f 89/97/58 103/98/58 105/99/58
f 98/100/6 78/101/6 94/102/6
f 104/103/59 77/93/59 102/104/59
f 95/105/60 101/106/60 106/107/60
f 115/108/61 83/109/61 108/110/61
f 91/111/62 109/112/62 113/113/62
f 92/114/63 110/115/63 112/116/63
f 97/117/64 111/118/64 114/119/64
f 111/120/65 92/114/65 112/116/65
f 108/121/66 91/111/66 113/113/66
f 101/122/67 88/123/67 104/103/67
f 76/124/6 98/100/6 93/125/6
f 81/126/68 105/99/68 100/127/68
f 79/128/69 99/91/69 95/129/69
f 75/130/70 99/91/70 88/123/70
f 80/131/6 98/100/6 87/132/6
f 109/133/71 97/117/71 114/119/71
f 86/134/72 115/108/72 110/135/72
f 103/136/73 95/105/73 106/107/73
f 98/100/6 82/137/6 87/132/6
f 77/138/74 107/94/74 102/139/74
f 99/91/75 77/93/75 88/123/75
f 85/140/76 107/94/76 97/117/76
f 86/134/77 106/107/77 96/141/77
f 84/142/78 105/143/78 92/114/78
f 101/144/79 91/111/79 83/145/79
f 106/107/80 83/109/80 96/141/80
f 104/146/81 85/147/81 91/111/81
f 92/114/82 103/148/82 86/149/82
f 107/94/83 84/150/83 97/117/83
f 110/135/84 93/151/84 80/152/84
f 109/133/85 94/153/85 78/154/85
f 76/155/86 113/113/86 90/156/86
f 111/120/87 87/157/87 82/158/87
f 94/153/88 111/118/88 82/159/88
f 112/116/89 80/160/89 87/157/89
f 90/156/90 109/112/90 78/161/90
f 93/151/91 108/110/91 76/162/91
f 99/91/92 89/97/92 81/126/92
f 107/94/93 117/163/93 81/95/93
f 89/97/94 79/128/94 103/98/94
f 98/100/6 90/164/6 78/101/6
f 104/103/95 88/123/95 77/93/95
f 95/105/96 75/165/96 101/106/96
f 115/108/97 96/141/97 83/109/97
f 91/111/98 85/147/98 109/112/98
f 92/114/99 86/149/99 110/115/99
f 97/117/100 84/150/100 111/118/100
f 111/120/101 84/142/101 92/114/101
f 108/121/102 83/145/102 91/111/102
f 101/122/103 75/130/103 88/123/103
f 76/124/6 90/164/6 98/100/6
f 81/126/104 89/97/104 105/99/104
f 79/128/105 89/97/105 99/91/105
f 75/130/106 95/129/106 99/91/106
f 80/131/6 93/125/6 98/100/6
f 109/133/107 85/140/107 97/117/107
f 86/134/108 96/141/108 115/108/108
f 103/136/109 79/166/109 95/105/109
f 98/100/6 94/102/6 82/137/6
f 107/94/110 118/167/110 120/168/110
f 99/91/111 117/169/111 119/170/111
f 85/140/112 102/139/112 107/94/112
f 86/134/113 103/136/113 106/107/113
f 84/142/114 100/171/114 105/143/114
f 101/144/115 104/146/115 91/111/115
f 106/107/116 101/106/116 83/109/116
f 104/146/117 102/172/117 85/147/117
f 92/114/118 105/143/118 103/148/118
f 107/94/119 100/96/119 84/150/119
f 110/135/120 115/108/120 93/151/120
f 109/133/121 114/119/121 94/153/121
f 76/155/122 108/121/122 113/113/122
f 111/120/123 112/116/123 87/157/123
f 94/153/124 114/119/124 111/118/124
f 112/116/125 110/115/125 80/160/125
f 90/156/126 113/113/126 109/112/126
f 93/151/127 115/108/127 108/110/127
f 119/170/128 117/169/128 116/173/128
f 120/168/129 116/174/129 117/163/129
f 118/167/130 116/174/130 120/168/130
f 119/170/131 116/173/131 118/92/131
f 99/91/132 119/170/132 118/92/132
f 107/94/133 120/168/133 117/163/133
f 107/94/134 77/138/134 118/167/134
f 99/91/135 81/126/135 117/169/135
f 151/175/136 134/176/136 154/177/136
f 135/178/137 172/179/137 128/180/137
f 164/181/138 126/182/138 136/183/138
f 126/182/139 133/184/139 136/183/139
f 167/185/140 121/186/140 161/187/140
f 162/188/141 122/189/141 126/182/141
f 132/190/142 140/191/142 139/192/142
f 163/193/143 139/192/143 165/194/143
f 137/195/144 182/196/144 138/197/144
f 153/198/145 137/195/145 155/199/145
f 136/183/142 129/200/142 132/190/142
f 163/193/143 136/183/143 132/190/143
f 134/176/146 176/201/146 130/202/146
f 154/177/136 130/202/136 153/198/136
f 155/199/145 123/203/145 156/204/145
f 137/195/147 127/205/147 123/203/147
f 165/194/148 125/206/148 167/185/148
f 125/206/149 140/191/149 121/207/149
f 160/208/150 143/209/150 152/210/150
f 170/211/151 141/212/151 161/213/151
f 169/214/136 146/215/136 168/216/136
f 159/217/150 145/218/150 158/219/150
f 168/216/136 149/220/136 170/211/136
f 158/219/150 150/221/150 160/208/150
f 157/222/152 190/223/152 187/224/152
f 152/210/140 141/225/140 156/226/140
f 157/222/150 147/227/150 159/217/150
f 169/214/136 142/228/136 148/229/136
f 128/180/150 159/217/150 135/178/150
f 127/205/153 156/226/153 123/230/153
f 151/231/154 184/232/154 124/233/154
f 131/234/155 160/208/155 138/197/155
f 135/178/150 158/219/150 131/234/150
f 138/197/156 152/210/156 127/205/156
f 149/220/136 156/204/136 141/212/136
f 148/229/136 153/198/136 146/215/136
f 146/215/136 155/199/136 149/220/136
f 142/228/136 154/177/136 148/229/136
f 133/235/157 166/236/157 169/214/157
f 140/237/158 168/216/158 170/211/158
f 133/235/158 168/216/158 129/238/158
f 140/237/159 161/213/159 121/239/159
f 143/209/160 165/194/160 167/185/160
f 147/227/150 163/193/150 145/218/150
f 145/218/150 165/194/150 150/221/150
f 144/240/161 194/241/161 162/188/161
f 143/209/140 161/187/140 141/225/140
f 144/240/150 164/181/150 147/227/150
f 171/242/147 174/243/147 173/244/147
f 124/245/162 172/179/162 171/242/162
f 134/176/163 171/242/163 173/244/163
f 134/176/164 174/243/164 135/178/164
f 175/246/147 178/247/147 176/201/147
f 130/202/165 178/247/165 131/234/165
f 131/234/166 177/248/166 135/178/166
f 134/176/167 177/248/167 175/246/167
f 179/249/147 182/196/147 181/250/147
f 130/202/168 180/251/168 179/249/168
f 138/197/169 180/251/169 131/234/169
f 137/195/170 179/249/170 181/250/170
f 185/252/141 183/253/141 186/254/141
f 151/231/171 186/254/171 183/253/171
f 128/180/172 186/254/172 157/222/172
f 128/180/173 184/232/173 185/252/173
f 187/224/141 189/255/141 188/256/141
f 142/257/174 190/223/174 151/231/174
f 142/257/175 188/256/175 189/255/175
f 157/222/176 188/256/176 144/240/176
f 193/258/141 191/259/141 194/241/141
f 166/260/177 194/241/177 191/259/177
f 144/240/178 192/261/178 193/258/178
f 142/257/179 191/259/179 192/261/179
f 151/175/136 124/245/136 134/176/136
f 135/178/137 174/243/137 172/179/137
f 164/181/180 162/188/180 126/182/180
f 126/182/139 122/262/139 133/184/139
f 167/185/140 125/206/140 121/186/140
f 162/188/141 166/260/141 122/189/141
f 132/190/142 129/200/142 140/191/142
f 163/193/143 132/190/143 139/192/143
f 137/195/144 181/250/144 182/196/144
f 153/198/181 130/202/181 137/195/181
f 136/183/142 133/184/142 129/200/142
f 163/193/143 164/181/143 136/183/143
f 134/176/146 175/246/146 176/201/146
f 154/177/136 134/176/136 130/202/136
f 155/199/145 137/195/145 123/203/145
f 137/195/147 138/197/147 127/205/147
f 165/194/182 139/192/182 125/206/182
f 125/206/149 139/192/149 140/191/149
f 160/208/150 150/221/150 143/209/150
f 170/211/136 149/220/136 141/212/136
f 169/214/136 148/229/136 146/215/136
f 159/217/150 147/227/150 145/218/150
f 168/216/136 146/215/136 149/220/136
f 158/219/150 145/218/150 150/221/150
f 157/222/152 151/231/152 190/223/152
f 152/210/140 143/209/140 141/225/140
f 157/222/150 144/240/150 147/227/150
f 169/214/183 166/236/183 142/228/183
f 128/180/150 157/222/150 159/217/150
f 127/205/153 152/210/153 156/226/153
f 151/231/154 183/253/154 184/232/154
f 131/234/150 158/219/150 160/208/150
f 135/178/150 159/217/150 158/219/150
f 138/197/156 160/208/156 152/210/156
f 149/220/136 155/199/136 156/204/136
f 148/229/136 154/177/136 153/198/136
f 146/215/136 153/198/136 155/199/136
f 142/228/136 151/175/136 154/177/136
f 133/235/184 122/263/184 166/236/184
f 140/237/158 129/238/158 168/216/158
f 133/235/158 169/214/158 168/216/158
f 140/237/185 170/211/185 161/213/185
f 143/209/150 150/221/150 165/194/150
f 147/227/150 164/181/150 163/193/150
f 145/218/150 163/193/150 165/194/150
f 144/240/186 193/258/186 194/241/186
f 143/209/140 167/185/140 161/187/140
f 144/240/187 162/188/187 164/181/187
f 171/242/147 172/179/147 174/243/147
f 124/245/162 128/180/162 172/179/162
f 134/176/163 124/245/163 171/242/163
f 134/176/164 173/244/164 174/243/164
f 175/246/147 177/248/147 178/247/147
f 130/202/165 176/201/165 178/247/165
f 131/234/166 178/247/166 177/248/166
f 134/176/167 135/178/167 177/248/167
f 179/249/147 180/251/147 182/196/147
f 130/202/168 131/234/168 180/251/168
f 138/197/188 182/196/188 180/251/188
f 137/195/189 130/202/189 179/249/189
f 185/252/141 184/264/141 183/253/141
f 151/231/171 157/222/171 186/254/171
f 128/180/172 185/252/172 186/254/172
f 128/180/173 124/233/173 184/232/173
f 187/224/141 190/223/141 189/255/141
f 142/257/174 189/255/174 190/223/174
f 142/257/175 144/240/175 188/256/175
f 157/222/176 187/224/176 188/256/176
f 193/258/141 192/261/141 191/259/141
f 166/260/177 162/188/177 194/241/177
f 144/240/178 142/257/178 192/261/178
f 142/257/190 166/260/190 191/259/190
f 668/265/191 276/266/191 201/267/191
f 502/268/192 676/269/192 215/270/192
f 198/271/193 209/272/193 199/273/193
f 668/265/194 202/274/194 669/275/194
f 672/276/195 209/272/195 210/277/195
f 669/275/196 203/278/196 195/279/196
f 672/276/197 211/280/197 200/281/197
f 670/282/198 203/278/198 204/283/198
f 673/284/199 211/280/199 212/285/199
f 670/282/200 205/286/200 196/287/200
f 673/284/201 213/288/201 674/289/201
f 671/290/202 205/286/202 206/291/202
f 675/292/203 213/288/203 214/293/203
f 671/290/204 207/294/204 197/295/204
f 676/269/205 214/293/205 215/270/205
f 198/271/206 207/294/206 208/296/206
f 206/291/207 222/297/207 207/294/207
f 214/293/208 230/298/208 215/270/208
f 208/296/209 222/297/209 223/299/209
f 201/267/210 276/300/210 216/301/210
f 502/302/211 215/270/211 230/298/211
f 208/296/212 224/303/212 209/272/212
f 202/274/213 216/301/213 217/304/213
f 210/277/214 224/303/214 225/305/214
f 203/278/215 217/304/215 218/306/215
f 210/277/216 226/307/216 211/280/216
f 204/283/217 218/306/217 219/308/217
f 212/285/218 226/307/218 227/309/218
f 204/283/219 220/310/219 205/286/219
f 212/285/220 228/311/220 213/288/220
f 206/291/221 220/310/221 221/312/221
f 213/288/222 229/313/222 214/293/222
f 225/305/223 241/314/223 226/307/223
f 219/308/224 233/315/224 234/316/224
f 227/309/225 241/314/225 242/317/225
f 219/308/226 235/318/226 220/310/226
f 227/309/227 243/319/227 228/311/227
f 221/312/228 235/318/228 236/320/228
f 229/313/229 243/319/229 244/321/229
f 221/312/230 237/322/230 222/297/230
f 230/298/231 244/321/231 245/323/231
f 223/299/232 237/322/232 238/324/232
f 216/301/233 276/325/233 231/326/233
f 502/327/234 230/298/234 245/323/234
f 223/299/235 239/328/235 224/303/235
f 216/301/236 232/329/236 217/304/236
f 225/305/237 239/328/237 240/330/237
f 217/304/238 233/315/238 218/306/238
f 244/321/239 260/331/239 245/323/239
f 238/324/240 252/332/240 253/333/240
f 231/326/241 276/334/241 246/335/241
f 502/336/242 245/323/242 260/331/242
f 238/324/243 254/337/243 239/328/243
f 232/329/244 246/335/244 247/338/244
f 240/330/245 254/337/245 255/339/245
f 233/315/246 247/338/246 248/340/246
f 241/314/247 255/339/247 256/341/247
f 234/316/248 248/340/248 249/342/248
f 242/317/249 256/341/249 257/343/249
f 234/316/250 250/344/250 235/318/250
f 242/317/251 258/345/251 243/319/251
f 235/318/252 251/346/252 236/320/252
f 243/319/253 259/347/253 244/321/253
f 236/320/254 252/332/254 237/322/254
f 256/341/255 272/348/255 257/343/255
f 250/344/256 264/349/256 265/350/256
f 258/345/257 272/348/257 273/351/257
f 251/346/258 265/350/258 266/352/258
f 259/347/259 273/351/259 274/353/259
f 251/346/260 267/354/260 252/332/260
f 260/331/261 274/353/261 275/355/261
f 253/333/262 267/354/262 268/356/262
f 246/335/263 276/357/263 261/358/263
f 502/359/264 260/331/264 275/355/264
f 253/333/265 269/360/265 254/337/265
f 246/335/266 262/361/266 247/338/266
f 255/339/267 269/360/267 270/362/267
f 247/338/268 263/363/268 248/340/268
f 255/339/269 271/364/269 256/341/269
f 248/340/270 264/349/270 249/342/270
f 261/358/271 276/365/271 277/366/271
f 502/367/272 275/355/272 291/368/272
f 268/356/273 285/369/273 269/360/273
f 262/361/274 277/366/274 278/370/274
f 269/360/275 286/371/275 270/362/275
f 263/363/276 278/370/276 279/372/276
f 271/364/277 286/371/277 287/373/277
f 263/363/278 280/374/278 264/349/278
f 272/348/279 287/373/279 288/375/279
f 264/349/280 281/376/280 265/350/280
f 273/351/281 288/375/281 289/377/281
f 265/350/282 282/378/282 266/352/282
f 273/351/283 290/379/283 274/353/283
f 267/354/284 282/378/284 283/380/284
f 274/353/285 291/368/285 275/355/285
f 268/356/286 283/380/286 284/381/286
f 280/374/287 296/382/287 281/376/287
f 289/377/288 303/383/288 304/384/288
f 281/376/289 297/385/289 282/378/289
f 290/379/290 304/384/290 305/386/290
f 283/380/291 297/385/291 298/387/291
f 291/368/292 305/386/292 306/388/292
f 283/380/293 299/389/293 284/381/293
f 277/366/294 276/390/294 292/391/294
f 502/392/295 291/368/295 306/388/295
f 285/369/296 299/389/296 300/393/296
f 277/366/297 293/394/297 278/370/297
f 285/369/298 301/395/298 286/371/298
f 278/370/299 294/396/299 279/372/299
f 287/373/300 301/395/300 302/397/300
f 279/372/301 295/398/301 280/374/301
f 288/375/302 302/397/302 303/383/302
f 300/393/303 314/399/303 315/400/303
f 293/394/304 307/401/304 308/402/304
f 300/393/305 316/403/305 301/395/305
f 294/396/306 308/402/306 309/404/306
f 301/395/307 317/405/307 302/397/307
f 294/396/308 310/406/308 295/398/308
f 302/397/309 318/407/309 303/383/309
f 296/382/310 310/406/310 311/408/310
f 304/384/311 318/407/311 319/409/311
f 297/385/312 311/408/312 312/410/312
f 304/384/313 320/411/313 305/386/313
f 298/387/314 312/410/314 313/412/314
f 305/386/315 321/413/315 306/388/315
f 298/387/316 314/399/316 299/389/316
f 292/391/317 276/414/317 307/401/317
f 502/415/318 306/388/318 321/413/318
f 318/407/319 334/416/319 319/409/319
f 311/408/320 327/417/320 312/410/320
f 320/411/321 334/416/321 335/418/321
f 312/410/322 328/419/322 313/412/322
f 321/413/323 335/418/323 336/420/323
f 314/399/324 328/419/324 329/421/324
f 307/401/325 276/422/325 322/423/325
f 502/424/326 321/413/326 336/420/326
f 314/399/327 330/425/327 315/400/327
f 307/401/328 323/426/328 308/402/328
f 316/403/329 330/425/329 331/427/329
f 308/402/330 324/428/330 309/404/330
f 317/405/331 331/427/331 332/429/331
f 310/406/332 324/428/332 325/430/332
f 318/407/333 332/429/333 333/431/333
f 310/406/334 326/432/334 311/408/334
f 323/426/335 337/433/335 338/434/335
f 331/427/336 345/435/336 346/436/336
f 324/428/337 338/434/337 339/437/337
f 331/427/338 347/438/338 332/429/338
f 325/430/339 339/437/339 340/439/339
f 332/429/340 348/440/340 333/431/340
f 326/432/341 340/439/341 341/441/341
f 333/431/342 349/442/342 334/416/342
f 327/417/343 341/441/343 342/443/343
f 334/416/344 350/444/344 335/418/344
f 327/417/345 343/445/345 328/419/345
f 335/418/346 351/446/346 336/420/346
f 329/421/347 343/445/347 344/447/347
f 322/423/348 276/448/348 337/433/348
f 502/449/349 336/420/349 351/446/349
f 329/421/350 345/435/350 330/425/350
f 342/443/351 356/450/351 357/451/351
f 350/444/352 364/452/352 365/453/352
f 342/443/353 358/454/353 343/445/353
f 351/446/354 365/453/354 366/455/354
f 344/447/355 358/454/355 359/456/355
f 337/433/356 276/457/356 352/458/356
f 502/459/357 351/446/357 366/455/357
f 344/447/358 360/460/358 345/435/358
f 337/433/359 353/461/359 338/434/359
f 346/436/360 360/460/360 361/462/360
f 338/434/361 354/463/361 339/437/361
f 346/436/362 362/464/362 347/438/362
f 340/439/363 354/463/363 355/465/363
f 348/440/364 362/464/364 363/466/364
f 340/439/365 356/450/365 341/441/365
f 348/440/366 364/452/366 349/442/366
f 360/460/367 376/467/367 361/462/367
f 353/461/368 369/468/368 354/463/368
f 362/464/369 376/467/369 377/469/369
f 355/465/370 369/468/370 370/470/370
f 363/466/371 377/469/371 378/471/371
f 355/465/372 371/472/372 356/450/372
f 363/466/373 379/473/373 364/452/373
f 356/450/374 372/474/374 357/451/374
f 365/453/375 379/473/375 380/475/375
f 358/454/376 372/474/376 373/476/376
f 365/453/377 381/477/377 366/455/377
f 358/454/378 374/478/378 359/456/378
f 352/458/379 276/479/379 367/480/379
f 502/481/380 366/455/380 381/477/380
f 360/460/381 374/478/381 375/482/381
f 353/461/382 367/480/382 368/483/382
f 379/473/383 395/484/383 380/475/383
f 372/474/384 388/485/384 373/476/384
f 381/477/385 395/484/385 396/486/385
f 374/478/386 388/485/386 389/487/386
f 367/480/387 276/488/387 382/489/387
f 502/490/388 381/477/388 396/486/388
f 374/478/389 390/491/389 375/482/389
f 367/480/390 383/492/390 368/483/390
f 376/467/391 390/491/391 391/493/391
f 369/468/392 383/492/392 384/494/392
f 376/467/393 392/495/393 377/469/393
f 369/468/394 385/496/394 370/470/394
f 377/469/395 393/497/395 378/471/395
f 371/472/396 385/496/396 386/498/396
f 379/473/397 393/497/397 394/499/397
f 372/474/398 386/498/398 387/500/398
f 392/495/399 406/501/399 407/502/399
f 384/494/400 400/503/400 385/496/400
f 392/495/401 408/504/401 393/497/401
f 386/498/402 400/503/402 401/505/402
f 394/499/403 408/504/403 409/506/403
f 386/498/404 402/507/404 387/500/404
f 394/499/405 410/508/405 395/484/405
f 388/485/406 402/507/406 403/509/406
f 395/484/407 411/510/407 396/486/407
f 389/487/408 403/509/408 404/511/408
f 382/489/409 276/512/409 397/513/409
f 502/514/410 396/486/410 411/510/410
f 389/487/411 405/515/411 390/491/411
f 383/492/412 397/513/412 398/516/412
f 390/491/413 406/501/413 391/493/413
f 384/494/414 398/516/414 399/517/414
f 411/510/415 425/518/415 426/519/415
f 404/511/416 418/520/416 419/521/416
f 397/513/417 276/522/417 412/523/417
f 502/524/418 411/510/418 426/519/418
f 404/511/419 420/525/419 405/515/419
f 397/513/420 413/526/420 398/516/420
f 405/515/421 421/527/421 406/501/421
f 398/516/422 414/528/422 399/517/422
f 407/502/423 421/527/423 422/529/423
f 399/517/424 415/530/424 400/503/424
f 408/504/425 422/529/425 423/531/425
f 400/503/426 416/532/426 401/505/426
f 409/506/427 423/531/427 424/533/427
f 401/505/428 417/534/428 402/507/428
f 410/508/429 424/533/429 425/518/429
f 403/509/430 417/534/430 418/520/430
f 414/528/431 430/535/431 415/530/431
f 422/529/432 438/536/432 423/531/432
f 416/532/433 430/535/433 431/537/433
f 424/533/434 438/536/434 439/538/434
f 417/534/435 431/537/435 432/539/435
f 424/533/436 440/540/436 425/518/436
f 418/520/437 432/539/437 433/541/437
f 425/518/438 441/542/438 426/519/438
f 419/521/439 433/541/439 434/543/439
f 412/523/440 276/544/440 427/545/440
f 502/546/441 426/519/441 441/542/441
f 419/521/442 435/547/442 420/525/442
f 413/526/443 427/545/443 428/548/443
f 420/525/444 436/549/444 421/527/444
f 414/528/445 428/548/445 429/550/445
f 421/527/446 437/551/446 422/529/446
f 434/543/447 448/552/447 449/553/447
f 427/545/448 276/554/448 442/555/448
f 502/556/449 441/542/449 456/557/449
f 434/543/450 450/558/450 435/547/450
f 427/545/451 443/559/451 428/548/451
f 435/547/452 451/560/452 436/549/452
f 428/548/453 444/561/453 429/550/453
f 437/551/454 451/560/454 452/562/454
f 430/535/455 444/561/455 445/563/455
f 438/536/456 452/562/456 453/564/456
f 430/535/457 446/565/457 431/537/457
f 438/536/458 454/566/458 439/538/458
f 431/537/459 447/567/459 432/539/459
f 440/540/460 454/566/460 455/568/460
f 433/541/461 447/567/461 448/552/461
f 441/542/462 455/568/462 456/557/462
f 452/562/463 468/569/463 453/564/463
f 446/565/464 460/570/464 461/571/464
f 453/564/465 469/572/465 454/566/465
f 446/565/466 462/573/466 447/567/466
f 454/566/467 470/574/467 455/568/467
f 448/552/468 462/573/468 463/575/468
f 455/568/469 471/576/469 456/557/469
f 449/553/470 463/575/470 464/577/470
f 442/555/471 276/578/471 457/579/471
f 502/580/472 456/557/472 471/576/472
f 449/553/473 465/581/473 450/558/473
f 443/559/474 457/579/474 458/582/474
f 450/558/475 466/583/475 451/560/475
f 444/561/476 458/582/476 459/584/476
f 452/562/477 466/583/477 467/585/477
f 445/563/478 459/584/478 460/570/478
f 457/579/479 276/586/479 472/587/479
f 502/588/480 471/576/480 486/589/480
f 464/577/481 480/590/481 465/581/481
f 457/579/482 473/591/482 458/582/482
f 465/581/483 481/592/483 466/583/483
f 458/582/484 474/593/484 459/584/484
f 467/585/485 481/592/485 482/594/485
f 459/584/486 475/595/486 460/570/486
f 467/585/487 483/596/487 468/569/487
f 461/571/488 475/595/488 476/597/488
f 469/572/489 483/596/489 484/598/489
f 461/571/490 477/599/490 462/573/490
f 470/574/491 484/598/491 485/600/491
f 463/575/492 477/599/492 478/601/492
f 471/576/493 485/600/493 486/589/493
f 464/577/494 478/601/494 479/602/494
f 475/595/495 491/603/495 476/597/495
f 484/598/496 498/604/496 499/605/496
f 476/597/497 492/606/497 477/599/497
f 485/600/498 499/605/498 500/607/498
f 478/601/499 492/606/499 493/608/499
f 485/600/500 501/609/500 486/589/500
f 479/602/501 493/608/501 494/610/501
f 472/587/502 276/611/502 487/612/502
f 502/613/503 486/589/503 501/609/503
f 479/602/504 495/614/504 480/590/504
f 473/591/505 487/612/505 488/615/505
f 480/590/506 496/616/506 481/592/506
f 473/591/507 489/617/507 474/593/507
f 482/594/508 496/616/508 497/618/508
f 474/593/509 490/619/509 475/595/509
f 483/596/510 497/618/510 498/604/510
f 494/610/511 511/620/511 495/614/511
f 488/615/512 503/621/512 504/622/512
f 495/614/513 512/623/513 496/616/513
f 489/617/514 504/622/514 505/624/514
f 497/618/515 512/623/515 513/625/515
f 490/619/516 505/624/516 506/626/516
f 497/618/517 514/627/517 498/604/517
f 491/603/518 506/626/518 507/628/518
f 498/604/519 515/629/519 499/605/519
f 491/603/520 508/630/520 492/606/520
f 499/605/521 516/631/521 500/607/521
f 493/608/522 508/630/522 509/632/522
f 500/607/523 517/633/523 501/609/523
f 494/610/524 509/632/524 510/634/524
f 487/612/525 276/635/525 503/621/525
f 502/636/526 501/609/526 517/633/526
f 515/629/527 529/637/527 530/638/527
f 507/628/528 523/639/528 508/630/528
f 516/631/529 530/638/529 531/640/529
f 509/632/530 523/639/530 524/641/530
f 516/631/531 532/642/531 517/633/531
f 510/634/532 524/641/532 525/643/532
f 503/621/533 276/644/533 518/645/533
f 502/646/534 517/633/534 532/642/534
f 510/634/535 526/647/535 511/620/535
f 504/622/536 518/645/536 519/648/536
f 511/620/537 527/649/537 512/623/537
f 504/622/538 520/650/538 505/624/538
f 513/625/539 527/649/539 528/651/539
f 505/624/540 521/652/540 506/626/540
f 514/627/541 528/651/541 529/637/541
f 506/626/542 522/653/542 507/628/542
f 526/647/543 542/654/543 527/649/543
f 520/650/544 534/655/544 535/656/544
f 528/651/545 542/654/545 543/657/545
f 521/652/546 535/656/546 536/658/546
f 529/637/547 543/657/547 544/659/547
f 521/652/548 537/660/548 522/653/548
f 529/637/549 545/661/549 530/638/549
f 522/653/550 538/662/550 523/639/550
f 530/638/551 546/663/551 531/640/551
f 524/641/552 538/662/552 539/664/552
f 531/640/553 547/665/553 532/642/553
f 525/643/554 539/664/554 540/666/554
f 518/645/555 276/667/555 533/668/555
f 502/669/556 532/642/556 547/665/556
f 525/643/557 541/670/557 526/647/557
f 519/648/558 533/668/558 534/655/558
f 545/661/559 561/671/559 546/663/559
f 539/664/560 553/672/560 554/673/560
f 547/665/561 561/671/561 562/674/561
f 540/666/562 554/673/562 555/675/562
f 533/668/563 276/676/563 548/677/563
f 502/678/564 547/665/564 562/674/564
f 540/666/565 556/679/565 541/670/565
f 533/668/566 549/680/566 534/655/566
f 541/670/567 557/681/567 542/654/567
f 535/656/568 549/680/568 550/682/568
f 542/654/569 558/683/569 543/657/569
f 535/656/570 551/684/570 536/658/570
f 543/657/571 559/685/571 544/659/571
f 537/660/572 551/684/572 552/686/572
f 545/661/573 559/685/573 560/687/573
f 538/662/574 552/686/574 553/672/574
f 549/688/575 565/689/575 550/690/575
f 558/691/576 572/692/576 573/693/576
f 551/694/577 565/689/577 566/695/577
f 559/696/578 573/693/578 574/697/578
f 551/694/579 567/698/579 552/699/579
f 559/696/580 575/700/580 560/701/580
f 552/699/581 568/702/581 553/703/581
f 561/704/582 575/700/582 576/705/582
f 554/706/583 568/702/583 569/707/583
f 561/704/584 577/708/584 562/709/584
f 554/706/585 570/710/585 555/711/585
f 548/712/586 276/713/586 563/714/586
f 502/715/587 562/709/587 577/708/587
f 556/716/588 570/710/588 571/717/588
f 549/688/589 563/714/589 564/718/589
f 556/716/590 572/692/590 557/719/590
f 569/707/591 583/720/591 584/721/591
f 577/708/592 591/722/592 592/723/592
f 570/710/593 584/721/593 585/724/593
f 563/714/594 276/725/594 578/726/594
f 502/727/595 577/708/595 592/723/595
f 570/710/596 586/728/596 571/717/596
f 563/714/597 579/729/597 564/718/597
f 571/717/598 587/730/598 572/692/598
f 564/718/599 580/731/599 565/689/599
f 572/692/600 588/732/600 573/693/600
f 565/689/601 581/733/601 566/695/601
f 574/697/602 588/732/602 589/734/602
f 566/695/603 582/735/603 567/698/603
f 575/700/604 589/734/604 590/736/604
f 568/702/605 582/735/605 583/720/605
f 576/705/606 590/736/606 591/722/606
f 587/730/607 603/737/607 588/732/607
f 581/733/608 595/738/608 596/739/608
f 588/732/609 604/740/609 589/734/609
f 582/735/610 596/739/610 597/741/610
f 589/734/611 605/742/611 590/736/611
f 583/720/612 597/741/612 598/743/612
f 590/736/613 606/744/613 591/722/613
f 583/720/614 599/745/614 584/721/614
f 592/723/615 606/744/615 607/746/615
f 585/724/616 599/745/616 600/747/616
f 578/726/617 276/748/617 593/749/617
f 502/750/618 592/723/618 607/746/618
f 585/724/619 601/751/619 586/728/619
f 578/726/620 594/752/620 579/729/620
f 587/730/621 601/751/621 602/753/621
f 580/731/622 594/752/622 595/738/622
f 607/746/623 621/754/623 622/755/623
f 600/747/624 614/756/624 615/757/624
f 593/749/625 276/758/625 608/759/625
f 502/760/626 607/746/626 622/755/626
f 600/747/627 616/761/627 601/751/627
f 593/749/628 609/762/628 594/752/628
f 601/751/629 617/763/629 602/753/629
f 594/752/630 610/764/630 595/738/630
f 603/737/631 617/763/631 618/765/631
f 595/738/632 611/766/632 596/739/632
f 604/740/633 618/765/633 619/767/633
f 596/739/634 612/768/634 597/741/634
f 605/742/635 619/767/635 620/769/635
f 597/741/636 613/770/636 598/743/636
f 606/744/637 620/769/637 621/754/637
f 599/745/638 613/770/638 614/756/638
f 610/764/639 626/771/639 611/766/639
f 618/765/640 634/772/640 619/767/640
f 612/768/641 626/771/641 627/773/641
f 620/769/642 634/772/642 635/774/642
f 612/768/643 628/775/643 613/770/643
f 620/769/644 636/776/644 621/754/644
f 614/756/645 628/775/645 629/777/645
f 622/755/646 636/776/646 637/778/646
f 615/757/647 629/777/647 630/779/647
f 608/759/648 276/780/648 623/781/648
f 502/782/649 622/755/649 637/778/649
f 615/757/650 631/783/650 616/761/650
f 608/759/651 624/784/651 609/762/651
f 616/761/652 632/785/652 617/763/652
f 610/764/653 624/784/653 625/786/653
f 618/765/654 632/785/654 633/787/654
f 630/779/655 644/788/655 645/789/655
f 623/781/656 276/790/656 638/791/656
f 502/792/657 637/778/657 652/793/657
f 630/779/658 646/794/658 631/783/658
f 624/784/659 638/791/659 639/795/659
f 631/783/660 647/796/660 632/785/660
f 624/784/661 640/797/661 625/786/661
f 633/787/662 647/796/662 648/798/662
f 625/786/663 641/799/663 626/771/663
f 633/787/664 649/800/664 634/772/664
f 627/773/665 641/799/665 642/801/665
f 635/774/666 649/800/666 650/802/666
f 627/773/667 643/803/667 628/775/667
f 636/776/668 650/802/668 651/804/668
f 629/777/669 643/803/669 644/788/669
f 636/776/670 652/793/670 637/778/670
f 648/798/671 664/805/671 649/800/671
f 642/801/672 656/806/672 657/807/672
f 650/802/673 664/805/673 665/808/673
f 642/801/674 658/809/674 643/803/674
f 651/804/675 665/808/675 666/810/675
f 644/788/676 658/809/676 659/811/676
f 652/793/677 666/810/677 667/812/677
f 645/789/678 659/811/678 660/813/678
f 638/791/679 276/814/679 653/815/679
f 502/816/680 652/793/680 667/812/680
f 645/789/681 661/817/681 646/794/681
f 638/791/682 654/818/682 639/795/682
f 646/794/683 662/819/683 647/796/683
f 639/795/684 655/820/684 640/797/684
f 648/798/685 662/819/685 663/821/685
f 640/797/686 656/806/686 641/799/686
f 502/822/687 667/812/687 676/269/687
f 660/813/688 199/273/688 661/817/688
f 654/818/689 668/265/689 669/275/689
f 661/817/690 672/276/690 662/819/690
f 655/820/691 669/275/691 195/279/691
f 662/819/692 200/281/692 663/821/692
f 656/806/693 195/279/693 670/282/693
f 663/821/694 673/284/694 664/805/694
f 657/807/695 670/282/695 196/287/695
f 664/805/696 674/289/696 665/808/696
f 658/809/697 196/287/697 671/290/697
f 665/808/698 675/292/698 666/810/698
f 659/811/699 671/290/699 197/295/699
f 666/810/700 676/269/700 667/812/700
f 660/813/701 197/295/701 198/271/701
f 653/815/702 276/823/702 668/265/702
f 1150/824/191 758/825/191 683/826/191
f 984/827/192 1158/828/192 697/829/192
f 681/830/703 690/831/703 691/832/703
f 1150/824/194 684/833/194 1151/834/194
f 1154/835/195 691/832/195 692/836/195
f 1151/834/196 685/837/196 677/838/196
f 1154/835/197 693/839/197 682/840/197
f 1152/841/198 685/837/198 686/842/198
f 682/840/199 694/843/199 1155/844/199
f 678/845/200 686/842/200 687/846/200
f 1155/844/201 695/847/201 1156/848/201
f 1153/849/202 687/846/202 688/850/202
f 1157/851/203 695/847/203 696/852/203
f 1153/849/204 689/853/204 679/854/204
f 1158/828/205 696/852/205 697/829/205
f 679/854/704 690/831/704 680/855/704
f 688/850/207 704/856/207 689/853/207
f 696/852/208 712/857/208 697/829/208
f 690/831/209 704/856/209 705/858/209
f 683/826/210 758/859/210 698/860/210
f 984/861/211 697/829/211 712/857/211
f 690/831/212 706/862/212 691/832/212
f 684/833/213 698/860/213 699/863/213
f 692/836/214 706/862/214 707/864/214
f 685/837/215 699/863/215 700/865/215
f 692/836/216 708/866/216 693/839/216
f 686/842/217 700/865/217 701/867/217
f 694/843/705 708/866/705 709/868/705
f 686/842/219 702/869/219 687/846/219
f 694/843/220 710/870/220 695/847/220
f 688/850/221 702/869/221 703/871/221
f 695/847/222 711/872/222 696/852/222
f 707/864/223 723/873/223 708/866/223
f 700/865/224 716/874/224 701/867/224
f 709/868/225 723/873/225 724/875/225
f 701/867/226 717/876/226 702/869/226
f 710/870/227 724/875/227 725/877/227
f 703/871/228 717/876/228 718/878/228
f 711/872/229 725/877/229 726/879/229
f 704/856/230 718/878/230 719/880/230
f 712/857/231 726/879/231 727/881/231
f 705/858/706 719/880/706 720/882/706
f 698/860/233 758/883/233 713/884/233
f 984/885/234 712/857/234 727/881/234
f 705/858/235 721/886/235 706/862/235
f 698/860/707 714/887/707 699/863/707
f 706/862/237 722/888/237 707/864/237
f 699/863/238 715/889/238 700/865/238
f 726/879/708 742/890/708 727/881/708
f 720/882/240 734/891/240 735/892/240
f 713/884/241 758/893/241 728/894/241
f 984/895/242 727/881/242 742/890/242
f 720/882/243 736/896/243 721/886/243
f 714/887/244 728/894/244 729/897/244
f 722/888/245 736/896/245 737/898/245
f 714/887/246 730/899/246 715/889/246
f 723/873/247 737/898/247 738/900/247
f 716/874/248 730/899/248 731/901/248
f 723/873/249 739/902/249 724/875/249
f 717/876/250 731/901/250 732/903/250
f 724/875/251 740/904/251 725/877/251
f 717/876/252 733/905/252 718/878/252
f 726/879/253 740/904/253 741/906/253
f 718/878/254 734/891/254 719/880/254
f 738/900/709 754/907/709 739/902/709
f 732/903/256 746/908/256 747/909/256
f 740/904/257 754/907/257 755/910/257
f 732/903/258 748/911/258 733/905/258
f 741/906/259 755/910/259 756/912/259
f 734/891/260 748/911/260 749/913/260
f 741/906/261 757/914/261 742/890/261
f 735/892/262 749/913/262 750/915/262
f 728/894/263 758/916/263 743/917/263
f 984/918/264 742/890/264 757/914/264
f 735/892/265 751/919/265 736/896/265
f 729/897/710 743/917/710 744/920/710
f 736/896/267 752/921/267 737/898/267
f 729/897/268 745/922/268 730/899/268
f 738/900/269 752/921/269 753/923/269
f 730/899/270 746/908/270 731/901/270
f 743/917/271 758/924/271 759/925/271
f 984/926/272 757/914/272 773/927/272
f 751/919/711 766/928/711 767/929/711
f 743/917/712 760/930/712 744/920/712
f 751/919/275 768/931/275 752/921/275
f 745/922/276 760/930/276 761/932/276
f 753/923/277 768/931/277 769/933/277
f 745/922/278 762/934/278 746/908/278
f 754/907/279 769/933/279 770/935/279
f 746/908/280 763/936/280 747/909/280
f 755/910/281 770/935/281 771/937/281
f 747/909/282 764/938/282 748/911/282
f 755/910/283 772/939/283 756/912/283
f 749/913/284 764/938/284 765/940/284
f 757/914/713 772/939/713 773/927/713
f 749/913/714 766/928/714 750/915/714
f 763/936/287 777/941/287 778/942/287
f 771/937/288 785/943/288 786/944/288
f 763/936/289 779/945/289 764/938/289
f 771/937/715 787/946/715 772/939/715
f 765/940/291 779/945/291 780/947/291
f 772/939/716 788/948/716 773/927/716
f 765/940/717 781/949/717 766/928/717
f 759/925/294 758/950/294 774/951/294
f 984/952/295 773/927/295 788/948/295
f 767/929/718 781/949/718 782/953/718
f 760/930/297 774/951/297 775/954/297
f 767/929/298 783/955/298 768/931/298
f 761/932/299 775/954/299 776/956/299
f 769/933/300 783/955/300 784/957/300
f 761/932/301 777/941/301 762/934/301
f 769/933/302 785/943/302 770/935/302
f 782/953/303 796/958/303 797/959/303
f 774/951/304 790/960/304 775/954/304
f 783/955/305 797/959/305 798/961/305
f 776/956/306 790/960/306 791/962/306
f 784/957/307 798/961/307 799/963/307
f 776/956/308 792/964/308 777/941/308
f 784/957/309 800/965/309 785/943/309
f 778/942/310 792/964/310 793/966/310
f 786/944/311 800/965/311 801/967/311
f 778/942/312 794/968/312 779/945/312
f 786/944/313 802/969/313 787/946/313
f 779/945/314 795/970/314 780/947/314
f 788/948/315 802/969/315 803/971/315
f 780/947/719 796/958/719 781/949/719
f 774/951/317 758/972/317 789/973/317
f 984/974/318 788/948/318 803/971/318
f 800/965/319 816/975/319 801/967/319
f 794/968/320 808/976/320 809/977/320
f 802/969/321 816/975/321 817/978/321
f 794/968/322 810/979/322 795/970/322
f 802/969/323 818/980/323 803/971/323
f 796/958/324 810/979/324 811/981/324
f 789/973/325 758/982/325 804/983/325
f 984/984/326 803/971/326 818/980/326
f 796/958/720 812/985/720 797/959/720
f 790/960/328 804/983/328 805/986/328
f 798/961/329 812/985/329 813/987/329
f 790/960/330 806/988/330 791/962/330
f 798/961/331 814/989/331 799/963/331
f 792/964/332 806/988/332 807/990/332
f 800/965/333 814/989/333 815/991/333
f 792/964/334 808/976/334 793/966/334
f 804/983/335 820/992/335 805/986/335
f 813/987/336 827/993/336 828/994/336
f 805/986/337 821/995/337 806/988/337
f 813/987/338 829/996/338 814/989/338
f 806/988/339 822/997/339 807/990/339
f 815/991/340 829/996/340 830/998/340
f 807/990/341 823/999/341 808/976/341
f 816/975/342 830/998/342 831/1000/342
f 809/977/343 823/999/343 824/1001/343
f 817/978/344 831/1000/344 832/1002/344
f 809/977/345 825/1003/345 810/979/345
f 818/980/721 832/1002/721 833/1004/721
f 811/981/347 825/1003/347 826/1005/347
f 804/983/348 758/1006/348 819/1007/348
f 984/1008/349 818/980/349 833/1004/349
f 811/981/350 827/993/350 812/985/350
f 824/1001/351 838/1009/351 839/1010/351
f 831/1000/722 847/1011/722 832/1002/722
f 824/1001/353 840/1012/353 825/1003/353
f 833/1004/354 847/1011/354 848/1013/354
f 826/1005/723 840/1012/723 841/1014/723
f 819/1007/356 758/1015/356 834/1016/356
f 984/1017/357 833/1004/357 848/1013/357
f 826/1005/724 842/1018/724 827/993/724
f 819/1007/359 835/1019/359 820/992/359
f 828/994/360 842/1018/360 843/1020/360
f 821/995/361 835/1019/361 836/1021/361
f 828/994/362 844/1022/362 829/996/362
f 822/997/363 836/1021/363 837/1023/363
f 829/996/364 845/1024/364 830/998/364
f 823/999/365 837/1023/365 838/1009/365
f 830/998/366 846/1025/366 831/1000/366
f 843/1020/367 857/1026/367 858/1027/367
f 836/1021/368 850/1028/368 851/1029/368
f 844/1022/369 858/1027/369 859/1030/369
f 837/1023/370 851/1029/370 852/1031/370
f 845/1024/371 859/1030/371 860/1032/371
f 837/1023/372 853/1033/372 838/1009/372
f 845/1024/373 861/1034/373 846/1025/373
f 838/1009/374 854/1035/374 839/1010/374
f 846/1025/375 862/1036/375 847/1011/375
f 839/1010/376 855/1037/376 840/1012/376
f 848/1013/377 862/1036/377 863/1038/377
f 840/1012/378 856/1039/378 841/1014/378
f 834/1016/379 758/1040/379 849/1041/379
f 984/1042/380 848/1013/380 863/1038/380
f 842/1018/725 856/1039/725 857/1026/725
f 834/1016/726 850/1028/726 835/1019/726
f 861/1034/383 877/1043/383 862/1036/383
f 854/1035/384 870/1044/384 855/1037/384
f 863/1038/727 877/1043/727 878/1045/727
f 856/1039/386 870/1044/386 871/1046/386
f 849/1041/387 758/1047/387 864/1048/387
f 984/1049/388 863/1038/388 878/1045/388
f 856/1039/389 872/1050/389 857/1026/389
f 849/1041/390 865/1051/390 850/1028/390
f 858/1027/391 872/1050/391 873/1052/391
f 851/1029/392 865/1051/392 866/1053/392
f 858/1027/393 874/1054/393 859/1030/393
f 851/1029/394 867/1055/394 852/1031/394
f 859/1030/728 875/1056/728 860/1032/728
f 853/1033/396 867/1055/396 868/1057/396
f 861/1034/397 875/1056/397 876/1058/397
f 854/1035/398 868/1057/398 869/1059/398
f 874/1054/399 888/1060/399 889/1061/399
f 866/1053/400 882/1062/400 867/1055/400
f 874/1054/401 890/1063/401 875/1056/401
f 868/1057/402 882/1062/402 883/1064/402
f 876/1058/403 890/1063/403 891/1065/403
f 868/1057/404 884/1066/404 869/1059/404
f 876/1058/405 892/1067/405 877/1043/405
f 869/1059/406 885/1068/406 870/1044/406
f 877/1043/407 893/1069/407 878/1045/407
f 871/1046/408 885/1068/408 886/1070/408
f 864/1048/409 758/1071/409 879/1072/409
f 984/1073/410 878/1045/410 893/1069/410
f 871/1046/411 887/1074/411 872/1050/411
f 865/1051/412 879/1072/412 880/1075/412
f 873/1052/413 887/1074/413 888/1060/413
f 866/1053/414 880/1075/414 881/1076/414
f 893/1069/415 907/1077/415 908/1078/415
f 886/1070/729 900/1079/729 901/1080/729
f 879/1072/417 758/1081/417 894/1082/417
f 984/1083/418 893/1069/418 908/1078/418
f 886/1070/419 902/1084/419 887/1074/419
f 879/1072/420 895/1085/420 880/1075/420
f 887/1074/421 903/1086/421 888/1060/421
f 880/1075/422 896/1087/422 881/1076/422
f 889/1061/423 903/1086/423 904/1088/423
f 881/1076/424 897/1089/424 882/1062/424
f 890/1063/425 904/1088/425 905/1090/425
f 882/1062/426 898/1091/426 883/1064/426
f 891/1065/427 905/1090/427 906/1092/427
f 883/1064/428 899/1093/428 884/1066/428
f 892/1067/429 906/1092/429 907/1077/429
f 885/1068/430 899/1093/430 900/1079/430
f 896/1087/431 912/1094/431 897/1089/431
f 904/1088/432 920/1095/432 905/1090/432
f 898/1091/433 912/1094/433 913/1096/433
f 906/1092/434 920/1095/434 921/1097/434
f 898/1091/435 914/1098/435 899/1093/435
f 906/1092/436 922/1099/436 907/1077/436
f 900/1079/437 914/1098/437 915/1100/437
f 907/1077/438 923/1101/438 908/1078/438
f 900/1079/730 916/1102/730 901/1080/730
f 894/1082/440 758/1103/440 909/1104/440
f 984/1105/441 908/1078/441 923/1101/441
f 902/1084/731 916/1102/731 917/1106/731
f 895/1085/443 909/1104/443 910/1107/443
f 902/1084/444 918/1108/444 903/1086/444
f 896/1087/445 910/1107/445 911/1109/445
f 904/1088/446 918/1108/446 919/1110/446
f 916/1102/447 930/1111/447 931/1112/447
f 909/1104/448 758/1113/448 924/1114/448
f 984/1115/449 923/1101/449 938/1116/449
f 916/1102/450 932/1117/450 917/1106/450
f 909/1104/732 925/1118/732 910/1107/732
f 918/1108/452 932/1117/452 933/1119/452
f 910/1107/453 926/1120/453 911/1109/453
f 919/1110/454 933/1119/454 934/1121/454
f 912/1094/455 926/1120/455 927/1122/455
f 920/1095/456 934/1121/456 935/1123/456
f 912/1094/457 928/1124/457 913/1096/457
f 920/1095/458 936/1125/458 921/1097/458
f 913/1096/459 929/1126/459 914/1098/459
f 922/1099/460 936/1125/460 937/1127/460
f 914/1098/461 930/1111/461 915/1100/461
f 923/1101/462 937/1127/462 938/1116/462
f 935/1123/463 949/1128/463 950/1129/463
f 927/1122/464 943/1130/464 928/1124/464
f 935/1123/465 951/1131/465 936/1125/465
f 929/1126/733 943/1130/733 944/1132/733
f 936/1125/467 952/1133/467 937/1127/467
f 929/1126/468 945/1134/468 930/1111/468
f 937/1127/734 953/1135/734 938/1116/734
f 931/1112/470 945/1134/470 946/1136/470
f 924/1114/471 758/1137/471 939/1138/471
f 984/1139/472 938/1116/472 953/1135/472
f 931/1112/473 947/1140/473 932/1117/473
f 925/1118/474 939/1138/474 940/1141/474
f 933/1119/475 947/1140/475 948/1142/475
f 926/1120/476 940/1141/476 941/1143/476
f 933/1119/477 949/1128/477 934/1121/477
f 927/1122/478 941/1143/478 942/1144/478
f 939/1138/479 758/1145/479 954/1146/479
f 984/1147/480 953/1135/480 968/1148/480
f 946/1136/481 962/1149/481 947/1140/481
f 939/1138/735 955/1150/735 940/1141/735
f 948/1142/483 962/1149/483 963/1151/483
f 940/1141/484 956/1152/484 941/1143/484
f 948/1142/485 964/1153/485 949/1128/485
f 942/1144/486 956/1152/486 957/1154/486
f 949/1128/487 965/1155/487 950/1129/487
f 943/1130/488 957/1154/488 958/1156/488
f 950/1129/489 966/1157/489 951/1131/489
f 944/1132/490 958/1156/490 959/1158/490
f 952/1133/491 966/1157/491 967/1159/491
f 944/1132/492 960/1160/492 945/1134/492
f 953/1135/493 967/1159/493 968/1148/493
f 946/1136/736 960/1160/736 961/1161/736
f 957/1154/495 973/1162/495 958/1156/495
f 965/1155/496 981/1163/496 966/1157/496
f 958/1156/497 974/1164/497 959/1158/497
f 967/1159/498 981/1163/498 982/1165/498
f 960/1160/499 974/1164/499 975/1166/499
f 967/1159/737 983/1167/737 968/1148/737
f 961/1161/501 975/1166/501 976/1168/501
f 954/1146/502 758/1169/502 969/1170/502
f 984/1171/503 968/1148/503 983/1167/503
f 961/1161/738 977/1172/738 962/1149/738
f 955/1150/505 969/1170/505 970/1173/505
f 962/1149/506 978/1174/506 963/1151/506
f 955/1150/507 971/1175/507 956/1152/507
f 964/1153/508 978/1174/508 979/1176/508
f 957/1154/509 971/1175/509 972/1177/509
f 965/1155/510 979/1176/510 980/1178/510
f 976/1168/511 993/1179/511 977/1172/511
f 969/1170/739 986/1180/739 970/1173/739
f 978/1174/513 993/1179/513 994/1181/513
f 971/1175/514 986/1180/514 987/1182/514
f 978/1174/515 995/1183/515 979/1176/515
f 972/1177/516 987/1182/516 988/1184/516
f 979/1176/517 996/1185/517 980/1178/517
f 973/1162/518 988/1184/518 989/1186/518
f 980/1178/519 997/1187/519 981/1163/519
f 974/1164/520 989/1186/520 990/1188/520
f 981/1163/521 998/1189/521 982/1165/521
f 974/1164/522 991/1190/522 975/1166/522
f 983/1167/523 998/1189/523 999/1191/523
f 976/1168/524 991/1190/524 992/1192/524
f 969/1170/525 758/1193/525 985/1194/525
f 984/1195/526 983/1167/526 999/1191/526
f 997/1187/527 1011/1196/527 1012/1197/527
f 989/1186/528 1005/1198/528 990/1188/528
f 998/1189/529 1012/1197/529 1013/1199/529
f 991/1190/530 1005/1198/530 1006/1200/530
f 998/1189/740 1014/1201/740 999/1191/740
f 992/1192/532 1006/1200/532 1007/1202/532
f 985/1194/533 758/1203/533 1000/1204/533
f 984/1205/534 999/1191/534 1014/1201/534
f 992/1192/741 1008/1206/741 993/1179/741
f 986/1180/536 1000/1204/536 1001/1207/536
f 993/1179/537 1009/1208/537 994/1181/537
f 986/1180/538 1002/1209/538 987/1182/538
f 995/1183/539 1009/1208/539 1010/1210/539
f 987/1182/540 1003/1211/540 988/1184/540
f 996/1185/541 1010/1210/541 1011/1196/541
f 988/1184/542 1004/1212/542 989/1186/542
f 1008/1206/543 1024/1213/543 1009/1208/543
f 1002/1209/544 1016/1214/544 1017/1215/544
f 1010/1210/545 1024/1213/545 1025/1216/545
f 1003/1211/546 1017/1215/546 1018/1217/546
f 1010/1210/547 1026/1218/547 1011/1196/547
f 1004/1212/548 1018/1217/548 1019/1219/548
f 1011/1196/549 1027/1220/549 1012/1197/549
f 1004/1212/550 1020/1221/550 1005/1198/550
f 1012/1197/742 1028/1222/742 1013/1199/742
f 1006/1200/552 1020/1221/552 1021/1223/552
f 1014/1201/743 1028/1222/743 1029/1224/743
f 1007/1202/554 1021/1223/554 1022/1225/554
f 1000/1204/555 758/1226/555 1015/1227/555
f 984/1228/556 1014/1201/556 1029/1224/556
f 1007/1202/557 1023/1229/557 1008/1206/557
f 1000/1204/558 1016/1214/558 1001/1207/558
f 1027/1220/559 1043/1230/559 1028/1222/559
f 1021/1223/560 1035/1231/560 1036/1232/560
f 1028/1222/561 1044/1233/561 1029/1224/561
f 1022/1225/562 1036/1232/562 1037/1234/562
f 1015/1227/563 758/1235/563 1030/1236/563
f 984/1237/564 1029/1224/564 1044/1233/564
f 1022/1225/744 1038/1238/744 1023/1229/744
f 1016/1214/745 1030/1236/745 1031/1239/745
f 1023/1229/567 1039/1240/567 1024/1213/567
f 1017/1215/568 1031/1239/568 1032/1241/568
f 1025/1216/569 1039/1240/569 1040/1242/569
f 1017/1215/746 1033/1243/746 1018/1217/746
f 1025/1216/571 1041/1244/571 1026/1218/571
f 1019/1219/572 1033/1243/572 1034/1245/572
f 1027/1220/747 1041/1244/747 1042/1246/747
f 1019/1219/574 1035/1231/574 1020/1221/574
f 1031/1247/575 1047/1248/575 1032/1249/575
f 1039/1250/576 1055/1251/576 1040/1252/576
f 1033/1253/748 1047/1248/748 1048/1254/748
f 1041/1255/578 1055/1251/578 1056/1256/578
f 1033/1253/579 1049/1257/579 1034/1258/579
f 1041/1255/749 1057/1259/749 1042/1260/749
f 1035/1261/581 1049/1257/581 1050/1262/581
f 1043/1263/582 1057/1259/582 1058/1264/582
f 1036/1265/583 1050/1262/583 1051/1266/583
f 1044/1267/584 1058/1264/584 1059/1268/584
f 1036/1265/585 1052/1269/585 1037/1270/585
f 1030/1271/586 758/1272/586 1045/1273/586
f 984/1274/587 1044/1267/587 1059/1268/587
f 1038/1275/750 1052/1269/750 1053/1276/750
f 1030/1271/589 1046/1277/589 1031/1247/589
f 1038/1275/590 1054/1278/590 1039/1250/590
f 1051/1266/591 1065/1279/591 1066/1280/591
f 1059/1268/592 1073/1281/592 1074/1282/592
f 1052/1269/751 1066/1280/751 1067/1283/751
f 1045/1273/594 758/1284/594 1060/1285/594
f 984/1286/595 1059/1268/595 1074/1282/595
f 1052/1269/596 1068/1287/596 1053/1276/596
f 1045/1273/597 1061/1288/597 1046/1277/597
f 1053/1276/598 1069/1289/598 1054/1278/598
f 1046/1277/599 1062/1290/599 1047/1248/599
f 1054/1278/600 1070/1291/600 1055/1251/600
f 1047/1248/601 1063/1292/601 1048/1254/601
f 1056/1256/602 1070/1291/602 1071/1293/602
f 1048/1254/603 1064/1294/603 1049/1257/603
f 1057/1259/604 1071/1293/604 1072/1295/604
f 1050/1262/605 1064/1294/605 1065/1279/605
f 1058/1264/752 1072/1295/752 1073/1281/752
f 1070/1291/607 1084/1296/607 1085/1297/607
f 1063/1292/608 1077/1298/608 1078/1299/608
f 1070/1291/609 1086/1300/609 1071/1293/609
f 1064/1294/610 1078/1299/610 1079/1301/610
f 1071/1293/611 1087/1302/611 1072/1295/611
f 1064/1294/612 1080/1303/612 1065/1279/612
f 1072/1295/613 1088/1304/613 1073/1281/613
f 1065/1279/614 1081/1305/614 1066/1280/614
f 1073/1281/615 1089/1306/615 1074/1282/615
f 1067/1283/616 1081/1305/616 1082/1307/616
f 1060/1285/617 758/1308/617 1075/1309/617
f 984/1310/618 1074/1282/618 1089/1306/618
f 1067/1283/619 1083/1311/619 1068/1287/619
f 1061/1288/753 1075/1309/753 1076/1312/753
f 1069/1289/621 1083/1311/621 1084/1296/621
f 1062/1290/754 1076/1312/754 1077/1298/754
f 1088/1304/623 1104/1313/623 1089/1306/623
f 1082/1307/624 1096/1314/624 1097/1315/624
f 1075/1309/625 758/1316/625 1090/1317/625
f 984/1318/626 1089/1306/626 1104/1313/626
f 1082/1307/627 1098/1319/627 1083/1311/627
f 1076/1312/755 1090/1317/755 1091/1320/755
f 1084/1296/629 1098/1319/629 1099/1321/629
f 1076/1312/630 1092/1322/630 1077/1298/630
f 1084/1296/631 1100/1323/631 1085/1297/631
f 1077/1298/632 1093/1324/632 1078/1299/632
f 1086/1300/633 1100/1323/633 1101/1325/633
f 1078/1299/634 1094/1326/634 1079/1301/634
f 1087/1302/635 1101/1325/635 1102/1327/635
f 1080/1303/636 1094/1326/636 1095/1328/636
f 1088/1304/637 1102/1327/637 1103/1329/637
f 1080/1303/638 1096/1314/638 1081/1305/638
f 1093/1324/639 1107/1330/639 1108/1331/639
f 1100/1323/640 1116/1332/640 1101/1325/640
f 1094/1326/641 1108/1331/641 1109/1333/641
f 1101/1325/642 1117/1334/642 1102/1327/642
f 1094/1326/643 1110/1335/643 1095/1328/643
f 1102/1327/644 1118/1336/644 1103/1329/644
f 1096/1314/645 1110/1335/645 1111/1337/645
f 1104/1313/756 1118/1336/756 1119/1338/756
f 1097/1315/647 1111/1337/647 1112/1339/647
f 1090/1317/648 758/1340/648 1105/1341/648
f 984/1342/649 1104/1313/649 1119/1338/649
f 1097/1315/650 1113/1343/650 1098/1319/650
f 1090/1317/651 1106/1344/651 1091/1320/651
f 1098/1319/652 1114/1345/652 1099/1321/652
f 1092/1322/653 1106/1344/653 1107/1330/653
f 1100/1323/654 1114/1345/654 1115/1346/654
f 1112/1339/655 1126/1347/655 1127/1348/655
f 1105/1341/656 758/1349/656 1120/1350/656
f 984/1351/657 1119/1338/657 1134/1352/657
f 1112/1339/658 1128/1353/658 1113/1343/658
f 1106/1344/757 1120/1350/757 1121/1354/757
f 1114/1345/660 1128/1353/660 1129/1355/660
f 1106/1344/661 1122/1356/661 1107/1330/661
f 1115/1346/662 1129/1355/662 1130/1357/662
f 1107/1330/663 1123/1358/663 1108/1331/663
f 1116/1332/664 1130/1357/664 1131/1359/664
f 1108/1331/665 1124/1360/665 1109/1333/665
f 1117/1334/666 1131/1359/666 1132/1361/666
f 1109/1333/667 1125/1362/667 1110/1335/667
f 1118/1336/668 1132/1361/668 1133/1363/668
f 1110/1335/669 1126/1347/669 1111/1337/669
f 1118/1336/758 1134/1352/758 1119/1338/758
f 1130/1357/671 1146/1364/671 1131/1359/671
f 1124/1360/672 1138/1365/672 1139/1366/672
f 1131/1359/673 1147/1367/673 1132/1361/673
f 1125/1362/759 1139/1366/759 1140/1368/759
f 1133/1363/675 1147/1367/675 1148/1369/675
f 1125/1362/676 1141/1370/676 1126/1347/676
f 1134/1352/760 1148/1369/760 1149/1371/760
f 1127/1348/678 1141/1370/678 1142/1372/678
f 1120/1350/679 758/1373/679 1135/1374/679
f 984/1375/680 1134/1352/680 1149/1371/680
f 1127/1348/681 1143/1376/681 1128/1353/681
f 1120/1350/682 1136/1377/682 1121/1354/682
f 1129/1355/683 1143/1376/683 1144/1378/683
f 1121/1354/684 1137/1379/684 1122/1356/684
f 1129/1355/685 1145/1380/685 1130/1357/685
f 1123/1358/686 1137/1379/686 1138/1365/686
f 984/1381/687 1149/1371/687 1158/828/687
f 1142/1372/688 681/830/688 1143/1376/688
f 1136/1377/689 1150/824/689 1151/834/689
f 1143/1376/690 1154/835/690 1144/1378/690
f 1137/1379/691 1151/834/691 677/838/691
f 1144/1378/692 682/840/692 1145/1380/692
f 1138/1365/693 677/838/693 1152/841/693
f 1145/1380/694 1155/844/694 1146/1364/694
f 1139/1366/695 1152/841/695 678/845/695
f 1146/1364/696 1156/848/696 1147/1367/696
f 1140/1368/697 678/845/697 1153/849/697
f 1147/1367/698 1157/851/698 1148/1369/698
f 1141/1370/699 1153/849/699 679/854/699
f 1148/1369/700 1158/828/700 1149/1371/700
f 1142/1372/761 679/854/761 680/855/761
f 1135/1374/702 758/1382/702 1150/824/702
f 681/830/762 680/855/762 690/831/762
f 1150/824/763 683/826/763 684/833/763
f 1154/835/195 681/830/195 691/832/195
f 1151/834/196 684/833/196 685/837/196
f 1154/835/197 692/836/197 693/839/197
f 1152/841/198 677/838/198 685/837/198
f 682/840/199 693/839/199 694/843/199
f 678/845/200 1152/841/200 686/842/200
f 1155/844/201 694/843/201 695/847/201
f 1153/849/202 678/845/202 687/846/202
f 1157/851/203 1156/848/203 695/847/203
f 1153/849/204 688/850/204 689/853/204
f 1158/828/764 1157/851/764 696/852/764
f 679/854/765 689/853/765 690/831/765
f 688/850/207 703/871/207 704/856/207
f 696/852/766 711/872/766 712/857/766
f 690/831/767 689/853/767 704/856/767
f 690/831/768 705/858/768 706/862/768
f 684/833/769 683/826/769 698/860/769
f 692/836/214 691/832/214 706/862/214
f 685/837/770 684/833/770 699/863/770
f 692/836/771 707/864/771 708/866/771
f 686/842/217 685/837/217 700/865/217
f 694/843/705 693/839/705 708/866/705
f 686/842/219 701/867/219 702/869/219
f 694/843/220 709/868/220 710/870/220
f 688/850/772 687/846/772 702/869/772
f 695/847/222 710/870/222 711/872/222
f 707/864/223 722/888/223 723/873/223
f 700/865/224 715/889/224 716/874/224
f 709/868/225 708/866/225 723/873/225
f 701/867/226 716/874/226 717/876/226
f 710/870/227 709/868/227 724/875/227
f 703/871/228 702/869/228 717/876/228
f 711/872/229 710/870/229 725/877/229
f 704/856/230 703/871/230 718/878/230
f 712/857/773 711/872/773 726/879/773
f 705/858/774 704/856/774 719/880/774
f 705/858/775 720/882/775 721/886/775
f 698/860/776 713/884/776 714/887/776
f 706/862/237 721/886/237 722/888/237
f 699/863/777 714/887/777 715/889/777
f 726/879/239 741/906/239 742/890/239
f 720/882/778 719/880/778 734/891/778
f 720/882/779 735/892/779 736/896/779
f 714/887/244 713/884/244 728/894/244
f 722/888/245 721/886/245 736/896/245
f 714/887/246 729/897/246 730/899/246
f 723/873/247 722/888/247 737/898/247
f 716/874/248 715/889/248 730/899/248
f 723/873/249 738/900/249 739/902/249
f 717/876/250 716/874/250 731/901/250
f 724/875/251 739/902/251 740/904/251
f 717/876/252 732/903/252 733/905/252
f 726/879/253 725/877/253 740/904/253
f 718/878/254 733/905/254 734/891/254
f 738/900/709 753/923/709 754/907/709
f 732/903/256 731/901/256 746/908/256
f 740/904/257 739/902/257 754/907/257
f 732/903/258 747/909/258 748/911/258
f 741/906/259 740/904/259 755/910/259
f 734/891/260 733/905/260 748/911/260
f 741/906/261 756/912/261 757/914/261
f 735/892/780 734/891/780 749/913/780
f 735/892/781 750/915/781 751/919/781
f 729/897/266 728/894/266 743/917/266
f 736/896/267 751/919/267 752/921/267
f 729/897/268 744/920/268 745/922/268
f 738/900/269 737/898/269 752/921/269
f 730/899/270 745/922/270 746/908/270
f 751/919/711 750/915/711 766/928/711
f 743/917/274 759/925/274 760/930/274
f 751/919/275 767/929/275 768/931/275
f 745/922/276 744/920/276 760/930/276
f 753/923/277 752/921/277 768/931/277
f 745/922/278 761/932/278 762/934/278
f 754/907/279 753/923/279 769/933/279
f 746/908/280 762/934/280 763/936/280
f 755/910/281 754/907/281 770/935/281
f 747/909/282 763/936/282 764/938/282
f 755/910/283 771/937/283 772/939/283
f 749/913/284 748/911/284 764/938/284
f 757/914/285 756/912/285 772/939/285
f 749/913/714 765/940/714 766/928/714
f 763/936/287 762/934/287 777/941/287
f 771/937/288 770/935/288 785/943/288
f 763/936/289 778/942/289 779/945/289
f 771/937/290 786/944/290 787/946/290
f 765/940/291 764/938/291 779/945/291
f 772/939/716 787/946/716 788/948/716
f 765/940/717 780/947/717 781/949/717
f 767/929/718 766/928/718 781/949/718
f 760/930/782 759/925/782 774/951/782
f 767/929/298 782/953/298 783/955/298
f 761/932/783 760/930/783 775/954/783
f 769/933/784 768/931/784 783/955/784
f 761/932/301 776/956/301 777/941/301
f 769/933/302 784/957/302 785/943/302
f 782/953/303 781/949/303 796/958/303
f 774/951/785 789/973/785 790/960/785
f 783/955/305 782/953/305 797/959/305
f 776/956/306 775/954/306 790/960/306
f 784/957/307 783/955/307 798/961/307
f 776/956/308 791/962/308 792/964/308
f 784/957/309 799/963/309 800/965/309
f 778/942/310 777/941/310 792/964/310
f 786/944/311 785/943/311 800/965/311
f 778/942/312 793/966/312 794/968/312
f 786/944/313 801/967/313 802/969/313
f 779/945/314 794/968/314 795/970/314
f 788/948/786 787/946/786 802/969/786
f 780/947/719 795/970/719 796/958/719
f 800/965/319 815/991/319 816/975/319
f 794/968/320 793/966/320 808/976/320
f 802/969/321 801/967/321 816/975/321
f 794/968/322 809/977/322 810/979/322
f 802/969/787 817/978/787 818/980/787
f 796/958/788 795/970/788 810/979/788
f 796/958/327 811/981/327 812/985/327
f 790/960/789 789/973/789 804/983/789
f 798/961/329 797/959/329 812/985/329
f 790/960/330 805/986/330 806/988/330
f 798/961/331 813/987/331 814/989/331
f 792/964/332 791/962/332 806/988/332
f 800/965/333 799/963/333 814/989/333
f 792/964/334 807/990/334 808/976/334
f 804/983/335 819/1007/335 820/992/335
f 813/987/336 812/985/336 827/993/336
f 805/986/337 820/992/337 821/995/337
f 813/987/338 828/994/338 829/996/338
f 806/988/339 821/995/339 822/997/339
f 815/991/340 814/989/340 829/996/340
f 807/990/341 822/997/341 823/999/341
f 816/975/342 815/991/342 830/998/342
f 809/977/343 808/976/343 823/999/343
f 817/978/344 816/975/344 831/1000/344
f 809/977/345 824/1001/345 825/1003/345
f 818/980/721 817/978/721 832/1002/721
f 811/981/347 810/979/347 825/1003/347
f 811/981/350 826/1005/350 827/993/350
f 824/1001/351 823/999/351 838/1009/351
f 831/1000/352 846/1025/352 847/1011/352
f 824/1001/353 839/1010/353 840/1012/353
f 833/1004/790 832/1002/790 847/1011/790
f 826/1005/355 825/1003/355 840/1012/355
f 826/1005/791 841/1014/791 842/1018/791
f 819/1007/792 834/1016/792 835/1019/792
f 828/994/360 827/993/360 842/1018/360
f 821/995/793 820/992/793 835/1019/793
f 828/994/362 843/1020/362 844/1022/362
f 822/997/363 821/995/363 836/1021/363
f 829/996/364 844/1022/364 845/1024/364
f 823/999/365 822/997/365 837/1023/365
f 830/998/366 845/1024/366 846/1025/366
f 843/1020/367 842/1018/367 857/1026/367
f 836/1021/368 835/1019/368 850/1028/368
f 844/1022/369 843/1020/369 858/1027/369
f 837/1023/370 836/1021/370 851/1029/370
f 845/1024/371 844/1022/371 859/1030/371
f 837/1023/372 852/1031/372 853/1033/372
f 845/1024/373 860/1032/373 861/1034/373
f 838/1009/374 853/1033/374 854/1035/374
f 846/1025/375 861/1034/375 862/1036/375
f 839/1010/376 854/1035/376 855/1037/376
f 848/1013/794 847/1011/794 862/1036/794
f 840/1012/378 855/1037/378 856/1039/378
f 842/1018/725 841/1014/725 856/1039/725
f 834/1016/726 849/1041/726 850/1028/726
f 861/1034/383 876/1058/383 877/1043/383
f 854/1035/384 869/1059/384 870/1044/384
f 863/1038/727 862/1036/727 877/1043/727
f 856/1039/795 855/1037/795 870/1044/795
f 856/1039/796 871/1046/796 872/1050/796
f 849/1041/390 864/1048/390 865/1051/390
f 858/1027/391 857/1026/391 872/1050/391
f 851/1029/392 850/1028/392 865/1051/392
f 858/1027/393 873/1052/393 874/1054/393
f 851/1029/394 866/1053/394 867/1055/394
f 859/1030/797 874/1054/797 875/1056/797
f 853/1033/798 852/1031/798 867/1055/798
f 861/1034/397 860/1032/397 875/1056/397
f 854/1035/398 853/1033/398 868/1057/398
f 874/1054/399 873/1052/399 888/1060/399
f 866/1053/400 881/1076/400 882/1062/400
f 874/1054/401 889/1061/401 890/1063/401
f 868/1057/402 867/1055/402 882/1062/402
f 876/1058/403 875/1056/403 890/1063/403
f 868/1057/404 883/1064/404 884/1066/404
f 876/1058/405 891/1065/405 892/1067/405
f 869/1059/406 884/1066/406 885/1068/406
f 877/1043/407 892/1067/407 893/1069/407
f 871/1046/799 870/1044/799 885/1068/799
f 871/1046/800 886/1070/800 887/1074/800
f 865/1051/801 864/1048/801 879/1072/801
f 873/1052/413 872/1050/413 887/1074/413
f 866/1053/414 865/1051/414 880/1075/414
f 893/1069/802 892/1067/802 907/1077/802
f 886/1070/416 885/1068/416 900/1079/416
f 886/1070/803 901/1080/803 902/1084/803
f 879/1072/804 894/1082/804 895/1085/804
f 887/1074/421 902/1084/421 903/1086/421
f 880/1075/805 895/1085/805 896/1087/805
f 889/1061/806 888/1060/806 903/1086/806
f 881/1076/424 896/1087/424 897/1089/424
f 890/1063/425 889/1061/425 904/1088/425
f 882/1062/426 897/1089/426 898/1091/426
f 891/1065/427 890/1063/427 905/1090/427
f 883/1064/807 898/1091/807 899/1093/807
f 892/1067/429 891/1065/429 906/1092/429
f 885/1068/430 884/1066/430 899/1093/430
f 896/1087/431 911/1109/431 912/1094/431
f 904/1088/432 919/1110/432 920/1095/432
f 898/1091/433 897/1089/433 912/1094/433
f 906/1092/434 905/1090/434 920/1095/434
f 898/1091/435 913/1096/435 914/1098/435
f 906/1092/436 921/1097/436 922/1099/436
f 900/1079/437 899/1093/437 914/1098/437
f 907/1077/808 922/1099/808 923/1101/808
f 900/1079/809 915/1100/809 916/1102/809
f 902/1084/810 901/1080/810 916/1102/810
f 895/1085/811 894/1082/811 909/1104/811
f 902/1084/444 917/1106/444 918/1108/444
f 896/1087/445 895/1085/445 910/1107/445
f 904/1088/446 903/1086/446 918/1108/446
f 916/1102/812 915/1100/812 930/1111/812
f 916/1102/813 931/1112/813 932/1117/813
f 909/1104/451 924/1114/451 925/1118/451
f 918/1108/452 917/1106/452 932/1117/452
f 910/1107/453 925/1118/453 926/1120/453
f 919/1110/454 918/1108/454 933/1119/454
f 912/1094/455 911/1109/455 926/1120/455
f 920/1095/456 919/1110/456 934/1121/456
f 912/1094/457 927/1122/457 928/1124/457
f 920/1095/458 935/1123/458 936/1125/458
f 913/1096/459 928/1124/459 929/1126/459
f 922/1099/460 921/1097/460 936/1125/460
f 914/1098/461 929/1126/461 930/1111/461
f 923/1101/814 922/1099/814 937/1127/814
f 935/1123/463 934/1121/463 949/1128/463
f 927/1122/464 942/1144/464 943/1130/464
f 935/1123/465 950/1129/465 951/1131/465
f 929/1126/733 928/1124/733 943/1130/733
f 936/1125/467 951/1131/467 952/1133/467
f 929/1126/468 944/1132/468 945/1134/468
f 937/1127/469 952/1133/469 953/1135/469
f 931/1112/815 930/1111/815 945/1134/815
f 931/1112/816 946/1136/816 947/1140/816
f 925/1118/817 924/1114/817 939/1138/817
f 933/1119/475 932/1117/475 947/1140/475
f 926/1120/476 925/1118/476 940/1141/476
f 933/1119/477 948/1142/477 949/1128/477
f 927/1122/478 926/1120/478 941/1143/478
f 946/1136/818 961/1161/818 962/1149/818
f 939/1138/482 954/1146/482 955/1150/482
f 948/1142/483 947/1140/483 962/1149/483
f 940/1141/819 955/1150/819 956/1152/819
f 948/1142/485 963/1151/485 964/1153/485
f 942/1144/486 941/1143/486 956/1152/486
f 949/1128/487 964/1153/487 965/1155/487
f 943/1130/488 942/1144/488 957/1154/488
f 950/1129/489 965/1155/489 966/1157/489
f 944/1132/490 943/1130/490 958/1156/490
f 952/1133/820 951/1131/820 966/1157/820
f 944/1132/492 959/1158/492 960/1160/492
f 953/1135/821 952/1133/821 967/1159/821
f 946/1136/822 945/1134/822 960/1160/822
f 957/1154/495 972/1177/495 973/1162/495
f 965/1155/496 980/1178/496 981/1163/496
f 958/1156/497 973/1162/497 974/1164/497
f 967/1159/498 966/1157/498 981/1163/498
f 960/1160/499 959/1158/499 974/1164/499
f 967/1159/500 982/1165/500 983/1167/500
f 961/1161/501 960/1160/501 975/1166/501
f 961/1161/738 976/1168/738 977/1172/738
f 955/1150/505 954/1146/505 969/1170/505
f 962/1149/506 977/1172/506 978/1174/506
f 955/1150/507 970/1173/507 971/1175/507
f 964/1153/508 963/1151/508 978/1174/508
f 957/1154/509 956/1152/509 971/1175/509
f 965/1155/510 964/1153/510 979/1176/510
f 976/1168/511 992/1192/511 993/1179/511
f 969/1170/512 985/1194/512 986/1180/512
f 978/1174/513 977/1172/513 993/1179/513
f 971/1175/514 970/1173/514 986/1180/514
f 978/1174/515 994/1181/515 995/1183/515
f 972/1177/516 971/1175/516 987/1182/516
f 979/1176/517 995/1183/517 996/1185/517
f 973/1162/823 972/1177/823 988/1184/823
f 980/1178/519 996/1185/519 997/1187/519
f 974/1164/520 973/1162/520 989/1186/520
f 981/1163/521 997/1187/521 998/1189/521
f 974/1164/522 990/1188/522 991/1190/522
f 983/1167/824 982/1165/824 998/1189/824
f 976/1168/524 975/1166/524 991/1190/524
f 997/1187/527 996/1185/527 1011/1196/527
f 989/1186/528 1004/1212/528 1005/1198/528
f 998/1189/825 997/1187/825 1012/1197/825
f 991/1190/530 990/1188/530 1005/1198/530
f 998/1189/531 1013/1199/531 1014/1201/531
f 992/1192/826 991/1190/826 1006/1200/826
f 992/1192/535 1007/1202/535 1008/1206/535
f 986/1180/536 985/1194/536 1000/1204/536
f 993/1179/537 1008/1206/537 1009/1208/537
f 986/1180/827 1001/1207/827 1002/1209/827
f 995/1183/539 994/1181/539 1009/1208/539
f 987/1182/540 1002/1209/540 1003/1211/540
f 996/1185/541 995/1183/541 1010/1210/541
f 988/1184/542 1003/1211/542 1004/1212/542
f 1008/1206/543 1023/1229/543 1024/1213/543
f 1002/1209/828 1001/1207/828 1016/1214/828
f 1010/1210/545 1009/1208/545 1024/1213/545
f 1003/1211/546 1002/1209/546 1017/1215/546
f 1010/1210/547 1025/1216/547 1026/1218/547
f 1004/1212/548 1003/1211/548 1018/1217/548
f 1011/1196/549 1026/1218/549 1027/1220/549
f 1004/1212/550 1019/1219/550 1020/1221/550
f 1012/1197/551 1027/1220/551 1028/1222/551
f 1006/1200/552 1005/1198/552 1020/1221/552
f 1014/1201/553 1013/1199/553 1028/1222/553
f 1007/1202/554 1006/1200/554 1021/1223/554
f 1007/1202/557 1022/1225/557 1023/1229/557
f 1000/1204/829 1015/1227/829 1016/1214/829
f 1027/1220/559 1042/1246/559 1043/1230/559
f 1021/1223/560 1020/1221/560 1035/1231/560
f 1028/1222/830 1043/1230/830 1044/1233/830
f 1022/1225/562 1021/1223/562 1036/1232/562
f 1022/1225/744 1037/1234/744 1038/1238/744
f 1016/1214/566 1015/1227/566 1030/1236/566
f 1023/1229/567 1038/1238/567 1039/1240/567
f 1017/1215/568 1016/1214/568 1031/1239/568
f 1025/1216/569 1024/1213/569 1039/1240/569
f 1017/1215/570 1032/1241/570 1033/1243/570
f 1025/1216/571 1040/1242/571 1041/1244/571
f 1019/1219/572 1018/1217/572 1033/1243/572
f 1027/1220/573 1026/1218/573 1041/1244/573
f 1019/1219/574 1034/1245/574 1035/1231/574
f 1031/1247/575 1046/1277/575 1047/1248/575
f 1039/1250/576 1054/1278/576 1055/1251/576
f 1033/1253/577 1032/1249/577 1047/1248/577
f 1041/1255/578 1040/1252/578 1055/1251/578
f 1033/1253/579 1048/1254/579 1049/1257/579
f 1041/1255/580 1056/1256/580 1057/1259/580
f 1035/1261/581 1034/1258/581 1049/1257/581
f 1043/1263/582 1042/1260/582 1057/1259/582
f 1036/1265/583 1035/1261/583 1050/1262/583
f 1044/1267/831 1043/1263/831 1058/1264/831
f 1036/1265/832 1051/1266/832 1052/1269/832
f 1038/1275/588 1037/1270/588 1052/1269/588
f 1030/1271/833 1045/1273/833 1046/1277/833
f 1038/1275/590 1053/1276/590 1054/1278/590
f 1051/1266/591 1050/1262/591 1065/1279/591
f 1059/1268/592 1058/1264/592 1073/1281/592
f 1052/1269/593 1051/1266/593 1066/1280/593
f 1052/1269/834 1067/1283/834 1068/1287/834
f 1045/1273/597 1060/1285/597 1061/1288/597
f 1053/1276/598 1068/1287/598 1069/1289/598
f 1046/1277/835 1061/1288/835 1062/1290/835
f 1054/1278/600 1069/1289/600 1070/1291/600
f 1047/1248/601 1062/1290/601 1063/1292/601
f 1056/1256/602 1055/1251/602 1070/1291/602
f 1048/1254/603 1063/1292/603 1064/1294/603
f 1057/1259/604 1056/1256/604 1071/1293/604
f 1050/1262/605 1049/1257/605 1064/1294/605
f 1058/1264/606 1057/1259/606 1072/1295/606
f 1070/1291/607 1069/1289/607 1084/1296/607
f 1063/1292/608 1062/1290/608 1077/1298/608
f 1070/1291/609 1085/1297/609 1086/1300/609
f 1064/1294/610 1063/1292/610 1078/1299/610
f 1071/1293/611 1086/1300/611 1087/1302/611
f 1064/1294/612 1079/1301/612 1080/1303/612
f 1072/1295/613 1087/1302/613 1088/1304/613
f 1065/1279/614 1080/1303/614 1081/1305/614
f 1073/1281/836 1088/1304/836 1089/1306/836
f 1067/1283/837 1066/1280/837 1081/1305/837
f 1067/1283/838 1082/1307/838 1083/1311/838
f 1061/1288/753 1060/1285/753 1075/1309/753
f 1069/1289/621 1068/1287/621 1083/1311/621
f 1062/1290/754 1061/1288/754 1076/1312/754
f 1088/1304/839 1103/1329/839 1104/1313/839
f 1082/1307/840 1081/1305/840 1096/1314/840
f 1082/1307/841 1097/1315/841 1098/1319/841
f 1076/1312/628 1075/1309/628 1090/1317/628
f 1084/1296/629 1083/1311/629 1098/1319/629
f 1076/1312/630 1091/1320/630 1092/1322/630
f 1084/1296/631 1099/1321/631 1100/1323/631
f 1077/1298/632 1092/1322/632 1093/1324/632
f 1086/1300/633 1085/1297/633 1100/1323/633
f 1078/1299/842 1093/1324/842 1094/1326/842
f 1087/1302/635 1086/1300/635 1101/1325/635
f 1080/1303/636 1079/1301/636 1094/1326/636
f 1088/1304/637 1087/1302/637 1102/1327/637
f 1080/1303/638 1095/1328/638 1096/1314/638
f 1093/1324/639 1092/1322/639 1107/1330/639
f 1100/1323/640 1115/1346/640 1116/1332/640
f 1094/1326/641 1093/1324/641 1108/1331/641
f 1101/1325/642 1116/1332/642 1117/1334/642
f 1094/1326/643 1109/1333/643 1110/1335/643
f 1102/1327/644 1117/1334/644 1118/1336/644
f 1096/1314/645 1095/1328/645 1110/1335/645
f 1104/1313/646 1103/1329/646 1118/1336/646
f 1097/1315/647 1096/1314/647 1111/1337/647
f 1097/1315/650 1112/1339/650 1113/1343/650
f 1090/1317/651 1105/1341/651 1106/1344/651
f 1098/1319/652 1113/1343/652 1114/1345/652
f 1092/1322/653 1091/1320/653 1106/1344/653
f 1100/1323/654 1099/1321/654 1114/1345/654
f 1112/1339/843 1111/1337/843 1126/1347/843
f 1112/1339/844 1127/1348/844 1128/1353/844
f 1106/1344/659 1105/1341/659 1120/1350/659
f 1114/1345/660 1113/1343/660 1128/1353/660
f 1106/1344/845 1121/1354/845 1122/1356/845
f 1115/1346/662 1114/1345/662 1129/1355/662
f 1107/1330/663 1122/1356/663 1123/1358/663
f 1116/1332/664 1115/1346/664 1130/1357/664
f 1108/1331/665 1123/1358/665 1124/1360/665
f 1117/1334/666 1116/1332/666 1131/1359/666
f 1109/1333/667 1124/1360/667 1125/1362/667
f 1118/1336/668 1117/1334/668 1132/1361/668
f 1110/1335/669 1125/1362/669 1126/1347/669
f 1118/1336/670 1133/1363/670 1134/1352/670
f 1130/1357/671 1145/1380/671 1146/1364/671
f 1124/1360/672 1123/1358/672 1138/1365/672
f 1131/1359/673 1146/1364/673 1147/1367/673
f 1125/1362/674 1124/1360/674 1139/1366/674
f 1133/1363/675 1132/1361/675 1147/1367/675
f 1125/1362/676 1140/1368/676 1141/1370/676
f 1134/1352/677 1133/1363/677 1148/1369/677
f 1127/1348/678 1126/1347/678 1141/1370/678
f 1127/1348/681 1142/1372/681 1143/1376/681
f 1120/1350/846 1135/1374/846 1136/1377/846
f 1129/1355/683 1128/1353/683 1143/1376/683
f 1121/1354/847 1136/1377/847 1137/1379/847
f 1129/1355/848 1144/1378/848 1145/1380/848
f 1123/1358/686 1122/1356/686 1137/1379/686
f 1142/1372/849 680/855/849 681/830/849
f 1136/1377/850 1135/1374/850 1150/824/850
f 1143/1376/690 681/830/690 1154/835/690
f 1137/1379/691 1136/1377/691 1151/834/691
f 1144/1378/692 1154/835/692 682/840/692
f 1138/1365/693 1137/1379/693 677/838/693
f 1145/1380/694 682/840/694 1155/844/694
f 1139/1366/695 1138/1365/695 1152/841/695
f 1146/1364/696 1155/844/696 1156/848/696
f 1140/1368/697 1139/1366/697 678/845/697
f 1147/1367/698 1156/848/698 1157/851/698
f 1141/1370/699 1140/1368/699 1153/849/699
f 1148/1369/851 1157/851/851 1158/828/851
f 1142/1372/701 1141/1370/701 679/854/701
f 1159/1383/852 1191/1384/852 1160/1385/852
f 1160/1385/853 1191/1384/853 1161/1386/853
f 1161/1386/854 1191/1384/854 1162/1387/854
f 1162/1387/855 1191/1384/855 1163/1388/855
f 1163/1388/856 1191/1384/856 1164/1389/856
f 1164/1389/857 1191/1384/857 1165/1390/857
f 1165/1390/858 1191/1384/858 1166/1391/858
f 1166/1391/859 1191/1384/859 1167/1392/859
f 1167/1392/860 1191/1384/860 1168/1393/860
f 1168/1393/861 1191/1384/861 1169/1394/861
f 1169/1394/862 1191/1384/862 1170/1395/862
f 1170/1395/863 1191/1384/863 1171/1396/863
f 1171/1396/864 1191/1384/864 1172/1397/864
f 1172/1397/865 1191/1384/865 1173/1398/865
f 1173/1398/866 1191/1384/866 1174/1399/866
f 1174/1399/867 1191/1384/867 1175/1400/867
f 1175/1400/868 1191/1384/868 1176/1401/868
f 1176/1401/869 1191/1384/869 1177/1402/869
f 1177/1402/870 1191/1384/870 1178/1403/870
f 1178/1403/871 1191/1384/871 1179/1404/871
f 1179/1404/872 1191/1384/872 1180/1405/872
f 1180/1405/873 1191/1384/873 1181/1406/873
f 1181/1406/874 1191/1384/874 1182/1407/874
f 1182/1407/875 1191/1384/875 1183/1408/875
f 1183/1408/876 1191/1384/876 1184/1409/876
f 1184/1409/877 1191/1384/877 1185/1410/877
f 1185/1410/878 1191/1384/878 1186/1411/878
f 1186/1411/879 1191/1384/879 1187/1412/879
f 1187/1412/880 1191/1384/880 1188/1413/880
f 1188/1413/881 1191/1384/881 1189/1414/881
f 1188/1415/882 1189/1416/882 1162/1417/882
f 1189/1414/883 1191/1384/883 1190/1418/883
f 1190/1418/884 1191/1384/884 1159/1383/884
f 198/271/885 208/296/885 209/272/885
f 668/265/763 201/267/763 202/274/763
f 672/276/195 199/273/195 209/272/195
f 669/275/196 202/274/196 203/278/196
f 672/276/197 210/277/197 211/280/197
f 670/282/198 195/279/198 203/278/198
f 673/284/199 200/281/199 211/280/199
f 670/282/200 204/283/200 205/286/200
f 673/284/201 212/285/201 213/288/201
f 671/290/202 196/287/202 205/286/202
f 675/292/203 674/289/203 213/288/203
f 671/290/204 206/291/204 207/294/204
f 676/269/764 675/292/764 214/293/764
f 198/271/886 197/295/886 207/294/886
f 206/291/207 221/312/207 222/297/207
f 214/293/208 229/313/208 230/298/208
f 208/296/767 207/294/767 222/297/767
f 208/296/768 223/299/768 224/303/768
f 202/274/769 201/267/769 216/301/769
f 210/277/214 209/272/214 224/303/214
f 203/278/770 202/274/770 217/304/770
f 210/277/771 225/305/771 226/307/771
f 204/283/217 203/278/217 218/306/217
f 212/285/705 211/280/705 226/307/705
f 204/283/219 219/308/219 220/310/219
f 212/285/220 227/309/220 228/311/220
f 206/291/772 205/286/772 220/310/772
f 213/288/222 228/311/222 229/313/222
f 225/305/223 240/330/223 241/314/223
f 219/308/224 218/306/224 233/315/224
f 227/309/225 226/307/225 241/314/225
f 219/308/226 234/316/226 235/318/226
f 227/309/227 242/317/227 243/319/227
f 221/312/228 220/310/228 235/318/228
f 229/313/229 228/311/229 243/319/229
f 221/312/230 236/320/230 237/322/230
f 230/298/773 229/313/773 244/321/773
f 223/299/774 222/297/774 237/322/774
f 223/299/775 238/324/775 239/328/775
f 216/301/776 231/326/776 232/329/776
f 225/305/237 224/303/237 239/328/237
f 217/304/777 232/329/777 233/315/777
f 244/321/708 259/347/708 260/331/708
f 238/324/778 237/322/778 252/332/778
f 238/324/779 253/333/779 254/337/779
f 232/329/244 231/326/244 246/335/244
f 240/330/245 239/328/245 254/337/245
f 233/315/246 232/329/246 247/338/246
f 241/314/247 240/330/247 255/339/247
f 234/316/248 233/315/248 248/340/248
f 242/317/249 241/314/249 256/341/249
f 234/316/250 249/342/250 250/344/250
f 242/317/251 257/343/251 258/345/251
f 235/318/252 250/344/252 251/346/252
f 243/319/253 258/345/253 259/347/253
f 236/320/254 251/346/254 252/332/254
f 256/341/709 271/364/709 272/348/709
f 250/344/887 249/342/887 264/349/887
f 258/345/257 257/343/257 272/348/257
f 251/346/258 250/344/258 265/350/258
f 259/347/259 258/345/259 273/351/259
f 251/346/260 266/352/260 267/354/260
f 260/331/261 259/347/261 274/353/261
f 253/333/780 252/332/780 267/354/780
f 253/333/781 268/356/781 269/360/781
f 246/335/266 261/358/266 262/361/266
f 255/339/267 254/337/267 269/360/267
f 247/338/268 262/361/268 263/363/268
f 255/339/269 270/362/269 271/364/269
f 248/340/270 263/363/270 264/349/270
f 268/356/273 284/381/273 285/369/273
f 262/361/888 261/358/888 277/366/888
f 269/360/275 285/369/275 286/371/275
f 263/363/276 262/361/276 278/370/276
f 271/364/277 270/362/277 286/371/277
f 263/363/278 279/372/278 280/374/278
f 272/348/279 271/364/279 287/373/279
f 264/349/280 280/374/280 281/376/280
f 273/351/281 272/348/281 288/375/281
f 265/350/282 281/376/282 282/378/282
f 273/351/283 289/377/283 290/379/283
f 267/354/284 266/352/284 282/378/284
f 274/353/713 290/379/713 291/368/713
f 268/356/286 267/354/286 283/380/286
f 280/374/287 295/398/287 296/382/287
f 289/377/288 288/375/288 303/383/288
f 281/376/289 296/382/289 297/385/289
f 290/379/290 289/377/290 304/384/290
f 283/380/291 282/378/291 297/385/291
f 291/368/716 290/379/716 305/386/716
f 283/380/293 298/387/293 299/389/293
f 285/369/296 284/381/296 299/389/296
f 277/366/782 292/391/782 293/394/782
f 285/369/298 300/393/298 301/395/298
f 278/370/299 293/394/299 294/396/299
f 287/373/300 286/371/300 301/395/300
f 279/372/301 294/396/301 295/398/301
f 288/375/302 287/373/302 302/397/302
f 300/393/889 299/389/889 314/399/889
f 293/394/785 292/391/785 307/401/785
f 300/393/305 315/400/305 316/403/305
f 294/396/306 293/394/306 308/402/306
f 301/395/307 316/403/307 317/405/307
f 294/396/890 309/404/890 310/406/890
f 302/397/309 317/405/309 318/407/309
f 296/382/310 295/398/310 310/406/310
f 304/384/891 303/383/891 318/407/891
f 297/385/312 296/382/312 311/408/312
f 304/384/313 319/409/313 320/411/313
f 298/387/314 297/385/314 312/410/314
f 305/386/786 320/411/786 321/413/786
f 298/387/719 313/412/719 314/399/719
f 318/407/892 333/431/892 334/416/892
f 311/408/320 326/432/320 327/417/320
f 320/411/321 319/409/321 334/416/321
f 312/410/322 327/417/322 328/419/322
f 321/413/787 320/411/787 335/418/787
f 314/399/324 313/412/324 328/419/324
f 314/399/327 329/421/327 330/425/327
f 307/401/789 322/423/789 323/426/789
f 316/403/329 315/400/329 330/425/329
f 308/402/330 323/426/330 324/428/330
f 317/405/331 316/403/331 331/427/331
f 310/406/893 309/404/893 324/428/893
f 318/407/333 317/405/333 332/429/333
f 310/406/334 325/430/334 326/432/334
f 323/426/894 322/423/894 337/433/894
f 331/427/336 330/425/336 345/435/336
f 324/428/337 323/426/337 338/434/337
f 331/427/338 346/436/338 347/438/338
f 325/430/339 324/428/339 339/437/339
f 332/429/340 347/438/340 348/440/340
f 326/432/341 325/430/341 340/439/341
f 333/431/342 348/440/342 349/442/342
f 327/417/343 326/432/343 341/441/343
f 334/416/344 349/442/344 350/444/344
f 327/417/345 342/443/345 343/445/345
f 335/418/721 350/444/721 351/446/721
f 329/421/347 328/419/347 343/445/347
f 329/421/350 344/447/350 345/435/350
f 342/443/351 341/441/351 356/450/351
f 350/444/352 349/442/352 364/452/352
f 342/443/353 357/451/353 358/454/353
f 351/446/790 350/444/790 365/453/790
f 344/447/895 343/445/895 358/454/895
f 344/447/724 359/456/724 360/460/724
f 337/433/359 352/458/359 353/461/359
f 346/436/360 345/435/360 360/460/360
f 338/434/361 353/461/361 354/463/361
f 346/436/362 361/462/362 362/464/362
f 340/439/363 339/437/363 354/463/363
f 348/440/364 347/438/364 362/464/364
f 340/439/365 355/465/365 356/450/365
f 348/440/366 363/466/366 364/452/366
f 360/460/367 375/482/367 376/467/367
f 353/461/368 368/483/368 369/468/368
f 362/464/369 361/462/369 376/467/369
f 355/465/370 354/463/370 369/468/370
f 363/466/371 362/464/371 377/469/371
f 355/465/372 370/470/372 371/472/372
f 363/466/373 378/471/373 379/473/373
f 356/450/374 371/472/374 372/474/374
f 365/453/375 364/452/375 379/473/375
f 358/454/376 357/451/376 372/474/376
f 365/453/794 380/475/794 381/477/794
f 358/454/896 373/476/896 374/478/896
f 360/460/725 359/456/725 374/478/725
f 353/461/726 352/458/726 367/480/726
f 379/473/383 394/499/383 395/484/383
f 372/474/384 387/500/384 388/485/384
f 381/477/727 380/475/727 395/484/727
f 374/478/795 373/476/795 388/485/795
f 374/478/796 389/487/796 390/491/796
f 367/480/390 382/489/390 383/492/390
f 376/467/391 375/482/391 390/491/391
f 369/468/392 368/483/392 383/492/392
f 376/467/393 391/493/393 392/495/393
f 369/468/394 384/494/394 385/496/394
f 377/469/797 392/495/797 393/497/797
f 371/472/396 370/470/396 385/496/396
f 379/473/397 378/471/397 393/497/397
f 372/474/398 371/472/398 386/498/398
f 392/495/399 391/493/399 406/501/399
f 384/494/400 399/517/400 400/503/400
f 392/495/401 407/502/401 408/504/401
f 386/498/897 385/496/897 400/503/897
f 394/499/403 393/497/403 408/504/403
f 386/498/404 401/505/404 402/507/404
f 394/499/405 409/506/405 410/508/405
f 388/485/406 387/500/406 402/507/406
f 395/484/898 410/508/898 411/510/898
f 389/487/799 388/485/799 403/509/799
f 389/487/800 404/511/800 405/515/800
f 383/492/801 382/489/801 397/513/801
f 390/491/413 405/515/413 406/501/413
f 384/494/899 383/492/899 398/516/899
f 411/510/415 410/508/415 425/518/415
f 404/511/416 403/509/416 418/520/416
f 404/511/419 419/521/419 420/525/419
f 397/513/804 412/523/804 413/526/804
f 405/515/421 420/525/421 421/527/421
f 398/516/805 413/526/805 414/528/805
f 407/502/806 406/501/806 421/527/806
f 399/517/424 414/528/424 415/530/424
f 408/504/425 407/502/425 422/529/425
f 400/503/426 415/530/426 416/532/426
f 409/506/427 408/504/427 423/531/427
f 401/505/807 416/532/807 417/534/807
f 410/508/429 409/506/429 424/533/429
f 403/509/430 402/507/430 417/534/430
f 414/528/431 429/550/431 430/535/431
f 422/529/432 437/551/432 438/536/432
f 416/532/433 415/530/433 430/535/433
f 424/533/434 423/531/434 438/536/434
f 417/534/435 416/532/435 431/537/435
f 424/533/436 439/538/436 440/540/436
f 418/520/437 417/534/437 432/539/437
f 425/518/808 440/540/808 441/542/808
f 419/521/900 418/520/900 433/541/900
f 419/521/901 434/543/901 435/547/901
f 413/526/811 412/523/811 427/545/811
f 420/525/444 435/547/444 436/549/444
f 414/528/445 413/526/445 428/548/445
f 421/527/446 436/549/446 437/551/446
f 434/543/812 433/541/812 448/552/812
f 434/543/813 449/553/813 450/558/813
f 427/545/451 442/555/451 443/559/451
f 435/547/452 450/558/452 451/560/452
f 428/548/453 443/559/453 444/561/453
f 437/551/454 436/549/454 451/560/454
f 430/535/455 429/550/455 444/561/455
f 438/536/456 437/551/456 452/562/456
f 430/535/457 445/563/457 446/565/457
f 438/536/458 453/564/458 454/566/458
f 431/537/459 446/565/459 447/567/459
f 440/540/460 439/538/460 454/566/460
f 433/541/461 432/539/461 447/567/461
f 441/542/814 440/540/814 455/568/814
f 452/562/463 467/585/463 468/569/463
f 446/565/464 445/563/464 460/570/464
f 453/564/465 468/569/465 469/572/465
f 446/565/733 461/571/733 462/573/733
f 454/566/467 469/572/467 470/574/467
f 448/552/468 447/567/468 462/573/468
f 455/568/734 470/574/734 471/576/734
f 449/553/815 448/552/815 463/575/815
f 449/553/816 464/577/816 465/581/816
f 443/559/817 442/555/817 457/579/817
f 450/558/475 465/581/475 466/583/475
f 444/561/476 443/559/476 458/582/476
f 452/562/902 451/560/902 466/583/902
f 445/563/478 444/561/478 459/584/478
f 464/577/818 479/602/818 480/590/818
f 457/579/482 472/587/482 473/591/482
f 465/581/483 480/590/483 481/592/483
f 458/582/819 473/591/819 474/593/819
f 467/585/485 466/583/485 481/592/485
f 459/584/486 474/593/486 475/595/486
f 467/585/487 482/594/487 483/596/487
f 461/571/488 460/570/488 475/595/488
f 469/572/489 468/569/489 483/596/489
f 461/571/490 476/597/490 477/599/490
f 470/574/491 469/572/491 484/598/491
f 463/575/492 462/573/492 477/599/492
f 471/576/493 470/574/493 485/600/493
f 464/577/822 463/575/822 478/601/822
f 475/595/495 490/619/495 491/603/495
f 484/598/496 483/596/496 498/604/496
f 476/597/497 491/603/497 492/606/497
f 485/600/498 484/598/498 499/605/498
f 478/601/499 477/599/499 492/606/499
f 485/600/500 500/607/500 501/609/500
f 479/602/903 478/601/903 493/608/903
f 479/602/738 494/610/738 495/614/738
f 473/591/505 472/587/505 487/612/505
f 480/590/506 495/614/506 496/616/506
f 473/591/507 488/615/507 489/617/507
f 482/594/508 481/592/508 496/616/508
f 474/593/509 489/617/509 490/619/509
f 483/596/510 482/594/510 497/618/510
f 494/610/511 510/634/511 511/620/511
f 488/615/739 487/612/739 503/621/739
f 495/614/513 511/620/513 512/623/513
f 489/617/514 488/615/514 504/622/514
f 497/618/515 496/616/515 512/623/515
f 490/619/516 489/617/516 505/624/516
f 497/618/517 513/625/517 514/627/517
f 491/603/823 490/619/823 506/626/823
f 498/604/519 514/627/519 515/629/519
f 491/603/520 507/628/520 508/630/520
f 499/605/521 515/629/521 516/631/521
f 493/608/522 492/606/522 508/630/522
f 500/607/824 516/631/824 517/633/824
f 494/610/524 493/608/524 509/632/524
f 515/629/527 514/627/527 529/637/527
f 507/628/528 522/653/528 523/639/528
f 516/631/825 515/629/825 530/638/825
f 509/632/530 508/630/530 523/639/530
f 516/631/904 531/640/904 532/642/904
f 510/634/532 509/632/532 524/641/532
f 510/634/535 525/643/535 526/647/535
f 504/622/905 503/621/905 518/645/905
f 511/620/537 526/647/537 527/649/537
f 504/622/827 519/648/827 520/650/827
f 513/625/539 512/623/539 527/649/539
f 505/624/540 520/650/540 521/652/540
f 514/627/541 513/625/541 528/651/541
f 506/626/542 521/652/542 522/653/542
f 526/647/543 541/670/543 542/654/543
f 520/650/544 519/648/544 534/655/544
f 528/651/545 527/649/545 542/654/545
f 521/652/546 520/650/546 535/656/546
f 529/637/547 528/651/547 543/657/547
f 521/652/548 536/658/548 537/660/548
f 529/637/549 544/659/549 545/661/549
f 522/653/550 537/660/550 538/662/550
f 530/638/742 545/661/742 546/663/742
f 524/641/552 523/639/552 538/662/552
f 531/640/553 546/663/553 547/665/553
f 525/643/554 524/641/554 539/664/554
f 525/643/557 540/666/557 541/670/557
f 519/648/829 518/645/829 533/668/829
f 545/661/559 560/687/559 561/671/559
f 539/664/560 538/662/560 553/672/560
f 547/665/830 546/663/830 561/671/830
f 540/666/906 539/664/906 554/673/906
f 540/666/744 555/675/744 556/679/744
f 533/668/566 548/677/566 549/680/566
f 541/670/567 556/679/567 557/681/567
f 535/656/568 534/655/568 549/680/568
f 542/654/569 557/681/569 558/683/569
f 535/656/570 550/682/570 551/684/570
f 543/657/571 558/683/571 559/685/571
f 537/660/572 536/658/572 551/684/572
f 545/661/573 544/659/573 559/685/573
f 538/662/574 537/660/574 552/686/574
f 549/688/575 564/718/575 565/689/575
f 558/691/576 557/719/576 572/692/576
f 551/694/577 550/690/577 565/689/577
f 559/696/578 558/691/578 573/693/578
f 551/694/579 566/695/579 567/698/579
f 559/696/580 574/697/580 575/700/580
f 552/699/581 567/698/581 568/702/581
f 561/704/582 560/701/582 575/700/582
f 554/706/583 553/703/583 568/702/583
f 561/704/831 576/705/831 577/708/831
f 554/706/585 569/707/585 570/710/585
f 556/716/588 555/711/588 570/710/588
f 549/688/833 548/712/833 563/714/833
f 556/716/590 571/717/590 572/692/590
f 569/707/591 568/702/591 583/720/591
f 577/708/592 576/705/592 591/722/592
f 570/710/593 569/707/593 584/721/593
f 570/710/596 585/724/596 586/728/596
f 563/714/597 578/726/597 579/729/597
f 571/717/598 586/728/598 587/730/598
f 564/718/599 579/729/599 580/731/599
f 572/692/600 587/730/600 588/732/600
f 565/689/601 580/731/601 581/733/601
f 574/697/602 573/693/602 588/732/602
f 566/695/603 581/733/603 582/735/603
f 575/700/604 574/697/604 589/734/604
f 568/702/605 567/698/605 582/735/605
f 576/705/606 575/700/606 590/736/606
f 587/730/607 602/753/607 603/737/607
f 581/733/608 580/731/608 595/738/608
f 588/732/609 603/737/609 604/740/609
f 582/735/610 581/733/610 596/739/610
f 589/734/611 604/740/611 605/742/611
f 583/720/612 582/735/612 597/741/612
f 590/736/907 605/742/907 606/744/907
f 583/720/614 598/743/614 599/745/614
f 592/723/908 591/722/908 606/744/908
f 585/724/837 584/721/837 599/745/837
f 585/724/838 600/747/838 601/751/838
f 578/726/620 593/749/620 594/752/620
f 587/730/621 586/728/621 601/751/621
f 580/731/754 579/729/754 594/752/754
f 607/746/839 606/744/839 621/754/839
f 600/747/840 599/745/840 614/756/840
f 600/747/841 615/757/841 616/761/841
f 593/749/755 608/759/755 609/762/755
f 601/751/629 616/761/629 617/763/629
f 594/752/630 609/762/630 610/764/630
f 603/737/631 602/753/631 617/763/631
f 595/738/632 610/764/632 611/766/632
f 604/740/633 603/737/633 618/765/633
f 596/739/634 611/766/634 612/768/634
f 605/742/635 604/740/635 619/767/635
f 597/741/636 612/768/636 613/770/636
f 606/744/637 605/742/637 620/769/637
f 599/745/638 598/743/638 613/770/638
f 610/764/639 625/786/639 626/771/639
f 618/765/640 633/787/640 634/772/640
f 612/768/641 611/766/641 626/771/641
f 620/769/642 619/767/642 634/772/642
f 612/768/643 627/773/643 628/775/643
f 620/769/644 635/774/644 636/776/644
f 614/756/645 613/770/645 628/775/645
f 622/755/646 621/754/646 636/776/646
f 615/757/647 614/756/647 629/777/647
f 615/757/650 630/779/650 631/783/650
f 608/759/651 623/781/651 624/784/651
f 616/761/652 631/783/652 632/785/652
f 610/764/653 609/762/653 624/784/653
f 618/765/654 617/763/654 632/785/654
f 630/779/843 629/777/843 644/788/843
f 630/779/844 645/789/844 646/794/844
f 624/784/909 623/781/909 638/791/909
f 631/783/660 646/794/660 647/796/660
f 624/784/845 639/795/845 640/797/845
f 633/787/662 632/785/662 647/796/662
f 625/786/663 640/797/663 641/799/663
f 633/787/664 648/798/664 649/800/664
f 627/773/665 626/771/665 641/799/665
f 635/774/666 634/772/666 649/800/666
f 627/773/667 642/801/667 643/803/667
f 636/776/668 635/774/668 650/802/668
f 629/777/669 628/775/669 643/803/669
f 636/776/758 651/804/758 652/793/758
f 648/798/671 663/821/671 664/805/671
f 642/801/672 641/799/672 656/806/672
f 650/802/673 649/800/673 664/805/673
f 642/801/674 657/807/674 658/809/674
f 651/804/675 650/802/675 665/808/675
f 644/788/676 643/803/676 658/809/676
f 652/793/760 651/804/760 666/810/760
f 645/789/678 644/788/678 659/811/678
f 645/789/681 660/813/681 661/817/681
f 638/791/846 653/815/846 654/818/846
f 646/794/683 661/817/683 662/819/683
f 639/795/847 654/818/847 655/820/847
f 648/798/685 647/796/685 662/819/685
f 640/797/686 655/820/686 656/806/686
f 660/813/688 198/271/688 199/273/688
f 654/818/850 653/815/850 668/265/850
f 661/817/690 199/273/690 672/276/690
f 655/820/691 654/818/691 669/275/691
f 662/819/692 672/276/692 200/281/692
f 656/806/693 655/820/693 195/279/693
f 663/821/694 200/281/694 673/284/694
f 657/807/695 656/806/695 670/282/695
f 664/805/696 673/284/696 674/289/696
f 658/809/697 657/807/697 196/287/697
f 665/808/698 674/289/698 675/292/698
f 659/811/699 658/809/699 671/290/699
f 666/810/851 675/292/851 676/269/851
f 660/813/701 659/811/701 197/295/701
f 1190/1419/882 1159/1420/882 1160/1421/882
f 1160/1421/882 1161/1422/882 1190/1419/882
f 1161/1422/882 1162/1417/882 1189/1416/882
f 1190/1419/882 1161/1422/882 1189/1416/882
f 1162/1417/882 1163/1423/882 1187/1424/882
f 1163/1423/882 1164/1425/882 1186/1426/882
f 1164/1425/882 1165/1427/882 1186/1426/882
f 1165/1427/882 1166/1428/882 1185/1429/882
f 1186/1426/882 1165/1427/882 1185/1429/882
f 1166/1428/882 1167/1430/882 1183/1431/882
f 1167/1430/882 1168/1432/882 1182/1433/882
f 1168/1432/882 1169/1434/882 1182/1433/882
f 1169/1434/882 1170/1435/882 1181/1436/882
f 1182/1433/882 1169/1434/882 1181/1436/882
f 1170/1435/882 1171/1437/882 1179/1438/882
f 1171/1437/882 1172/1439/882 1178/1440/882
f 1172/1439/882 1173/1441/882 1178/1440/882
f 1173/1441/882 1174/1442/882 1177/1443/882
f 1178/1440/882 1173/1441/882 1177/1443/882
f 1174/1442/882 1175/1444/882 1176/1445/882
f 1176/1445/882 1177/1443/882 1174/1442/882
f 1178/1440/882 1179/1438/882 1171/1437/882
f 1179/1438/882 1180/1446/882 1170/1435/882
f 1180/1446/882 1181/1436/882 1170/1435/882
f 1182/1433/882 1183/1431/882 1167/1430/882
f 1183/1431/882 1184/1447/882 1166/1428/882
f 1184/1447/882 1185/1429/882 1166/1428/882
f 1186/1426/882 1187/1424/882 1163/1423/882
f 1187/1424/882 1188/1415/882 1162/1417/882
