# Blender 4.1.1
# www.blender.org
mtllib enemy.mtl
o 立方体.002
v -0.443045 -0.245056 0.707087
v -0.443045 0.245056 0.707087
v -0.443045 -0.245056 -0.707087
v -0.443045 0.245056 -0.707087
v 0.345620 -0.245056 0.707087
v 0.345620 0.245056 0.707087
v 0.345620 -0.245056 -0.707087
v 0.345620 0.245056 -0.707087
v -0.443045 -0.245056 -0.003587
v -0.443045 0.245056 -0.003587
v 0.345620 -0.245056 -0.003587
v 0.345620 0.245056 -0.003587
v -0.048713 -0.245056 -0.707087
v -0.048713 0.245056 -0.707087
v -0.048713 -0.245056 0.707087
v -0.048713 0.245056 0.707087
v -0.048713 -0.245056 -0.003587
v -0.443045 0.245056 -0.355337
v 0.345620 -0.245056 -0.355337
v -0.443045 -0.245056 -0.355337
v 0.345620 0.245056 -0.355337
v -0.048713 -0.245056 -0.355337
v -0.048713 0.245056 -0.355337
v -0.443045 -0.245056 0.351750
v 0.345620 0.245056 0.351750
v -0.443045 0.245056 0.351750
v 0.345620 -0.245056 0.351750
v -0.048713 0.245056 0.351750
v -0.048713 -0.245056 0.351750
v -0.245879 -0.245056 -0.707087
v -0.245879 0.245056 0.707087
v -0.245879 -0.245056 -0.003587
v -0.245879 0.245056 -0.707087
v -0.245879 -0.245056 0.707087
v -0.245879 0.245056 -0.003587
v -0.245879 -0.245056 -0.355337
v -0.245879 0.245056 -0.355337
v -0.245879 -0.245056 0.351750
v -0.245879 0.245056 0.351750
v 0.148453 0.245056 -0.707087
v 0.148453 -0.245056 0.707087
v 0.148453 0.245056 -0.003587
v 0.148453 -0.245056 -0.707087
v 0.148453 0.245056 0.707087
v 0.148453 -0.245056 -0.003587
v 0.148453 0.245056 -0.355337
v 0.148453 -0.245056 -0.355337
v 0.148453 0.245056 0.351750
v 0.148453 -0.245056 0.351750
v -0.443045 0.000000 0.707087
v -0.443045 0.000000 -0.707087
v 0.345620 0.000000 -0.707087
v 0.345620 0.000000 0.707087
v 0.345620 0.000000 -0.003587
v -0.443045 0.000000 -0.003587
v -0.048713 0.000000 -0.707087
v 0.345620 0.000000 -0.355337
v -0.443045 0.000000 -0.355337
v -0.443045 0.000000 0.351750
v 0.345620 0.000000 0.351750
v -0.245879 0.000000 -0.707087
v -0.245879 0.000000 0.707087
v 0.148453 0.000000 0.707087
v 0.148453 0.000000 -0.707087
v -0.060031 0.568061 -0.002460
v -0.048713 0.568061 -0.002460
v -0.048713 0.568061 -0.022652
v -0.060031 0.568061 -0.022652
v -0.048713 0.568061 0.017937
v -0.060031 0.568061 0.017937
v -0.037395 0.568061 -0.002460
v -0.037395 0.568061 -0.022652
v -0.037395 0.568061 0.017937
v -0.443045 0.245056 -0.531212
v 0.345620 -0.245056 -0.531212
v -0.443045 -0.245056 -0.531212
v 0.345620 0.245056 -0.531212
v -0.048713 -0.245056 -0.531212
v -0.048713 0.245056 -0.531212
v -0.245879 0.245056 -0.531212
v -0.245879 -0.245056 -0.531212
v 0.148453 -0.245056 -0.531212
v 0.148453 0.245056 -0.531212
v 0.345620 0.000000 -0.531212
v -0.443045 0.000000 -0.531212
v -0.443045 -0.245056 0.529418
v 0.345620 0.245056 0.529418
v -0.048713 0.245056 0.529418
v -0.048713 -0.245056 0.529418
v -0.443045 0.245056 0.529418
v 0.345620 -0.245056 0.529418
v -0.245879 -0.245056 0.529418
v -0.245879 0.245056 0.529418
v 0.148453 0.245056 0.529418
v 0.148453 -0.245056 0.529418
v -0.443045 0.000000 0.529418
v 0.345620 0.000000 0.529418
v -0.147296 0.245056 -0.707087
v -0.147296 -0.245056 0.707087
v -0.147296 0.245056 -0.355337
v -0.147296 0.245056 0.351750
v -0.147296 -0.245056 -0.707087
v -0.147296 0.245056 0.707087
v -0.147296 -0.245056 -0.003587
v -0.147296 -0.245056 -0.355337
v -0.147296 -0.245056 0.351750
v -0.147296 0.000000 -0.707087
v -0.054372 0.568061 -0.002460
v -0.054372 0.568061 -0.022652
v -0.054372 0.568061 0.017937
v -0.147296 0.245056 -0.531212
v -0.147296 -0.245056 -0.531212
v -0.147296 0.245056 0.529418
v -0.147296 -0.245056 0.529418
v 0.049870 -0.245056 -0.707087
v 0.049870 0.245056 0.707087
v 0.049870 -0.245056 -0.003587
v 0.049870 -0.245056 -0.355337
v 0.049870 -0.245056 0.351750
v 0.049870 0.245056 -0.707087
v 0.049870 -0.245056 0.707087
v 0.049870 0.245056 -0.355337
v 0.049870 0.245056 0.351750
v 0.049870 0.000000 -0.707087
v -0.043054 0.568061 -0.002460
v -0.043054 0.568061 -0.022652
v -0.043054 0.568061 0.017937
v 0.049870 -0.245056 -0.531212
v 0.049870 0.245056 -0.531212
v 0.049870 -0.245056 0.529418
v 0.049870 0.245056 0.529418
v -0.147296 -0.467277 -0.355337
v -0.245879 -0.467277 -0.355337
v -0.147296 -0.467277 0.351750
v -0.245879 -0.467277 0.351750
v -0.245879 -0.467277 -0.531212
v 0.148453 -0.467277 -0.531212
v 0.148453 -0.467277 -0.355337
v -0.147296 -0.467277 -0.531212
v -0.245879 -0.467277 0.529418
v 0.148453 -0.467277 0.351750
v 0.148453 -0.467277 0.529418
v -0.147296 -0.467277 0.529418
v 0.049870 -0.467277 -0.355337
v 0.049870 -0.467277 0.351750
v 0.049870 -0.467277 -0.531212
v 0.049870 -0.467277 0.529418
v 0.017000 -0.151912 -0.944632
v -0.048713 -0.151912 -0.944632
v -0.048713 -0.093144 -0.944632
v -0.114426 -0.093144 -0.944632
v -0.114426 -0.151912 -0.944632
v 0.017000 -0.093144 -0.944632
v -0.115317 -0.153011 0.834872
v -0.048713 -0.153011 0.834872
v 0.017891 0.153011 0.834872
v -0.048713 0.153011 0.834872
v -0.048713 0.000000 0.834872
v -0.115317 0.153011 0.834872
v -0.181922 0.153011 0.834872
v -0.181922 0.000000 0.834872
v -0.181922 -0.153011 0.834872
v 0.017891 -0.153011 0.834872
v 0.084496 -0.153011 0.834872
v 0.084496 0.000000 0.834872
v 0.084496 0.153011 0.834872
v -0.115317 0.000000 0.834872
v 0.017891 0.000000 0.834872
vn -1.0000 -0.0000 -0.0000
vn -0.0000 -0.0000 -1.0000
vn 1.0000 -0.0000 -0.0000
vn -0.0000 -0.0000 1.0000
vn -0.0000 -1.0000 -0.0000
vn -0.0000 1.0000 -0.0000
vn -0.8668 0.4987 -0.0000
vn -0.0000 0.8114 0.5845
vn -0.0000 0.7186 0.6954
vn -0.0000 0.7175 -0.6966
vn -0.8942 -0.0000 0.4476
vn -0.0000 0.9310 -0.3650
vn 0.8668 0.4987 -0.0000
vn -0.0000 -0.8114 0.5845
vn 0.9906 -0.0000 -0.1371
vn -0.0000 0.9310 -0.3651
vn -0.0000 -0.9310 -0.3651
vn -0.0000 -0.9310 -0.3650
vn -0.9906 -0.0000 -0.1371
vn 0.8942 -0.0000 0.4476
vt 0.221840 0.376304
vt 0.221840 0.252608
vt 0.252607 0.252608
vt 0.252607 0.376304
vt 0.438152 0.376304
vt 0.438152 0.252608
vt 0.500000 0.252608
vt 0.500000 0.376304
vt 0.716312 0.376304
vt 0.716312 0.252608
vt 0.747392 0.252608
vt 0.747392 0.376304
vt 0.932937 0.376304
vt 0.932937 0.252608
vt 0.994785 0.252607
vt 0.994785 0.376304
vt 0.716311 0.561848
vt 0.716312 0.500000
vt 0.747392 0.500000
vt 0.747392 0.561848
vt 0.716311 0.067063
vt 0.716312 0.005215
vt 0.747392 0.005215
vt 0.747392 0.067063
vt 0.561534 0.067063
vt 0.561534 0.005215
vt 0.623069 0.005215
vt 0.623069 0.067063
vt 0.561534 0.561848
vt 0.561534 0.500000
vt 0.623069 0.500000
vt 0.623069 0.561848
vt 0.561534 0.376304
vt 0.561534 0.252608
vt 0.623069 0.252608
vt 0.623069 0.376304
vt 0.067377 0.376304
vt 0.067377 0.252608
vt 0.129539 0.252608
vt 0.129539 0.376304
vt 0.561534 0.654621
vt 0.561534 0.623696
vt 0.623069 0.623696
vt 0.623069 0.654620
vt 0.623069 0.067063
vt 0.716312 0.159835
vt 0.716312 0.128911
vt 0.747392 0.128911
vt 0.747392 0.159835
vt 0.716312 0.654621
vt 0.716312 0.623696
vt 0.747392 0.623696
vt 0.747392 0.654620
vt 0.747392 0.190759
vt 0.345380 0.376304
vt 0.345380 0.252608
vt 0.376304 0.252608
vt 0.376304 0.376304
vt 0.530767 0.159835
vt 0.530767 0.128911
vt 0.561534 0.128911
vt 0.561534 0.159835
vt 0.530767 0.654621
vt 0.530767 0.623696
vt 0.530767 0.376304
vt 0.530767 0.252608
vt 0.530767 0.561848
vt 0.530767 0.500000
vt 0.530767 0.067063
vt 0.530767 0.005215
vt 0.191073 0.252608
vt 0.191073 0.376304
vt 0.685231 0.623696
vt 0.685231 0.654621
vt 0.685231 0.159835
vt 0.685231 0.190759
vt 0.036296 0.376304
vt 0.036296 0.252608
vt 0.685230 0.005215
vt 0.685231 0.067063
vt 0.685230 0.500000
vt 0.685231 0.561848
vt 0.685231 0.252608
vt 0.685231 0.376304
vt 0.685231 0.097987
vt 0.685231 0.128911
vt 0.685230 0.128911
vt 0.623069 0.747392
vt 0.623069 0.685544
vt 0.685231 0.685544
vt 0.685230 0.747392
vt 0.530767 0.097987
vt 0.561534 0.097987
vt 0.530767 0.747392
vt 0.530767 0.685544
vt 0.561534 0.685544
vt 0.561534 0.747392
vt 0.314456 0.252608
vt 0.314456 0.376304
vt 0.716312 0.747392
vt 0.716312 0.685544
vt 0.747392 0.685544
vt 0.747392 0.747392
vt 0.716312 0.097987
vt 0.747392 0.097987
vt 0.932937 0.500000
vt 0.932937 0.376304
vt 0.623069 0.592772
vt 0.685231 0.592772
vt 0.623069 0.190759
vt 0.561534 0.592772
vt 0.530767 0.592772
vt 0.530767 0.190759
vt 0.561534 0.190759
vt 0.809240 0.252608
vt 0.809241 0.376304
vt 0.716312 0.190759
vt 0.716312 0.592772
vt 0.747392 0.592772
vt 0.407228 0.376304
vt 0.407228 0.252608
vt 0.407228 0.500000
vt 0.438152 0.500000
vt 0.809240 0.500000
vt 0.252607 0.500000
vt 0.314456 0.500000
vt 0.036296 0.500000
vt 0.067377 0.500000
vt 0.129539 0.500000
vt 0.191073 0.500000
vt 0.376304 0.376304
vt 0.345380 0.376304
vt 0.747392 0.128911
vt 0.994785 0.500000
vt 0.500000 0.500000
vt 0.221840 0.500000
vt 0.623069 0.128911
vt 0.623069 0.159835
vt 0.623069 0.097987
vt 0.685230 0.067063
vt 0.623069 0.190759
vt 0.561534 0.190759
vt 0.500000 0.190759
vt 0.500000 0.592772
vt 0.500000 0.561848
vt 0.500000 0.747392
vt 0.500000 0.685544
vt 0.500000 0.097987
vt 0.500000 0.067063
vt 0.500000 0.005215
vt 0.500000 0.654620
vt 0.500000 0.623696
vt 0.500000 0.159835
vt 0.500000 0.128911
vt 0.005215 0.500000
vt 0.005215 0.376304
vt 0.530767 0.561848
vt 0.005215 0.252608
vt 0.685230 0.654620
vt 0.685230 0.685544
vt 0.345380 0.500000
vt 0.747392 0.623696
vt 0.716312 0.685544
vt 0.407228 0.376304
vt 0.747392 0.654620
vt 0.561534 0.561848
vt 0.685230 0.592772
vt 0.685230 0.561848
vt 0.716311 0.561848
vt 0.716312 0.592772
vt 0.716312 0.654620
vt 0.530767 0.654620
vt 0.561534 0.654620
vt 0.376304 0.500000
vt 0.500000 0.623696
vt 0.840165 0.376304
vt 0.840165 0.252608
vt 0.871089 0.252608
vt 0.871089 0.376304
vt 0.902013 0.376304
vt 0.902013 0.252608
vt 0.902013 0.500000
vt 0.840165 0.500000
vt 0.871089 0.500000
vt 0.809240 0.376304
s 0
usemtl マテリアル.005
f 85/1/1 74/2/1 4/3/1 51/4/1
f 64/5/2 40/6/2 8/7/2 52/8/2
f 97/9/3 87/10/3 6/11/3 53/12/3
f 62/13/4 31/14/4 2/15/4 50/16/4
f 95/17/5 91/18/5 5/19/5 41/20/5
f 93/21/6 90/22/6 2/23/6 31/24/6
f 37/25/6 18/26/6 10/27/6 35/28/6
f 47/29/5 19/30/5 11/31/5 45/32/5
f 57/33/3 21/34/3 12/35/3 54/36/3
f 59/37/1 26/38/1 10/39/1 55/40/1
f 105/41/5 22/42/5 17/43/5 104/44/5
f 37/25/7 35/28/7 65/45/7 68/25/7
f 131/46/6 88/47/6 16/48/6 116/49/6
f 114/50/5 89/51/5 15/52/5 99/53/5
f 44/54/8 116/49/8 156/49/8 166/54/8
f 107/55/2 98/56/2 14/57/2 56/58/2
f 129/59/6 79/60/6 23/61/6 122/62/6
f 112/63/5 78/64/5 22/42/5 105/41/5
f 84/65/3 77/66/3 21/34/3 57/33/3
f 82/67/5 75/68/5 19/30/5 47/29/5
f 80/69/6 74/70/6 18/26/6 37/25/6
f 55/40/1 10/39/1 18/71/1 58/72/1
f 104/44/5 17/43/5 29/73/5 106/74/5
f 123/75/9 48/76/9 73/76/9 127/75/9
f 96/77/1 90/78/1 26/38/1 59/37/1
f 35/28/6 10/27/6 26/79/6 39/80/6
f 45/32/5 11/31/5 27/81/5 49/82/5
f 54/36/3 12/35/3 25/83/3 60/84/3
f 101/85/9 28/86/9 69/87/9 110/85/9
f 9/88/5 32/89/5 38/90/5 24/91/5
f 111/92/6 80/69/6 37/25/6 100/93/6
f 76/94/5 81/95/5 36/96/5 20/97/5
f 51/4/2 4/3/2 33/98/2 61/99/2
f 86/100/5 92/101/5 34/102/5 1/103/5
f 20/97/5 36/96/5 32/89/5 9/88/5
f 100/93/10 37/25/10 68/25/10 109/93/10
f 113/104/6 93/21/6 31/24/6 103/105/6
f 62/13/11 34/106/11 162/106/11 161/107/11
f 117/108/5 45/32/5 49/82/5 119/109/5
f 12/35/6 42/110/6 48/76/6 25/83/6
f 118/111/1 128/112/1 146/112/1 144/111/1
f 77/66/6 83/113/6 46/114/6 21/34/6
f 53/12/4 6/11/4 44/115/4 63/116/4
f 87/10/6 94/117/6 44/54/6 6/11/6
f 21/34/6 46/114/6 42/110/6 12/35/6
f 118/111/5 47/29/5 45/32/5 117/108/5
f 130/118/5 95/17/5 41/20/5 121/119/5
f 124/120/2 120/121/2 40/6/2 64/5/2
f 115/122/2 124/120/2 64/5/2 43/123/2
f 5/19/4 53/12/4 63/116/4 41/124/4
f 31/14/11 62/13/11 161/107/11 160/14/11
f 3/125/2 51/4/2 61/99/2 30/126/2
f 11/31/3 54/36/3 60/84/3 27/81/3
f 86/127/1 96/77/1 59/37/1 24/128/1
f 9/129/1 55/40/1 58/72/1 20/130/1
f 75/68/3 84/65/3 57/33/3 19/30/3
f 107/55/12 56/58/12 150/131/12 151/132/12
f 16/48/8 103/105/8 159/105/8 157/133/8
f 24/128/1 59/37/1 55/40/1 9/129/1
f 19/30/3 57/33/3 54/36/3 11/31/3
f 34/106/4 62/13/4 50/16/4 1/134/4
f 91/18/3 97/9/3 53/12/3 5/19/3
f 43/123/2 64/5/2 52/8/2 7/135/2
f 76/136/1 85/1/1 51/4/1 3/125/1
f 126/62/6 67/61/6 66/137/6 125/138/6
f 125/138/6 66/137/6 69/87/6 127/75/6
f 108/139/6 65/45/6 70/140/6 110/85/6
f 109/93/6 68/25/6 65/45/6 108/139/6
f 122/62/10 23/61/10 67/61/10 126/62/10
f 48/76/13 42/110/13 71/141/13 73/76/13
f 42/110/13 46/114/13 72/142/13 71/141/13
f 35/28/7 39/80/7 70/140/7 65/45/7
f 20/130/1 58/72/1 85/1/1 76/136/1
f 7/135/3 52/8/3 84/65/3 75/68/3
f 8/7/6 40/143/6 83/113/6 77/66/6
f 115/144/5 43/145/5 82/67/5 128/112/5
f 3/146/5 30/147/5 81/95/5 76/94/5
f 98/148/6 33/149/6 80/69/6 111/92/6
f 33/149/6 4/150/6 74/70/6 80/69/6
f 43/145/5 7/135/5 75/68/5 82/67/5
f 52/8/3 8/7/3 77/66/3 84/65/3
f 102/151/5 13/152/5 78/64/5 112/63/5
f 120/153/6 14/154/6 79/60/6 129/59/6
f 58/72/1 18/71/1 74/2/1 85/1/1
f 27/81/3 60/84/3 97/9/3 91/18/3
f 1/155/1 50/156/1 96/77/1 86/127/1
f 128/112/2 82/67/2 137/157/2 146/112/2
f 25/83/6 48/76/6 94/117/6 87/10/6
f 101/85/6 39/80/6 93/21/6 113/104/6
f 24/91/5 38/90/5 92/101/5 86/100/5
f 50/156/1 2/158/1 90/78/1 96/77/1
f 106/74/5 29/73/5 89/51/5 114/50/5
f 123/75/6 28/86/6 88/47/6 131/46/6
f 39/80/6 26/79/6 90/22/6 93/21/6
f 49/82/5 27/81/5 91/18/5 95/17/5
f 60/84/3 25/83/3 87/10/3 97/9/3
f 38/90/2 106/74/2 134/159/2 135/160/2
f 28/86/6 101/85/6 113/104/6 88/47/6
f 30/147/5 102/151/5 112/63/5 81/95/5
f 14/154/6 98/148/6 111/92/6 79/60/6
f 67/61/6 109/93/6 108/139/6 66/137/6
f 66/137/6 108/139/6 110/85/6 69/87/6
f 30/126/2 61/99/2 107/55/2 102/161/2
f 15/52/14 121/119/14 163/119/14 155/162/14
f 103/105/8 31/24/8 160/24/8 159/105/8
f 88/47/6 113/104/6 103/105/6 16/48/6
f 23/61/10 100/93/10 109/93/10 67/61/10
f 79/60/6 111/92/6 100/93/6 23/61/6
f 39/80/9 101/85/9 110/85/9 70/140/9
f 32/89/5 104/44/5 106/74/5 38/90/5
f 92/101/1 38/90/1 135/160/1 140/163/1
f 61/99/2 33/98/2 98/56/2 107/55/2
f 92/101/5 114/50/5 99/53/5 34/102/5
f 36/96/5 105/41/5 104/44/5 32/89/5
f 48/76/6 123/75/6 131/46/6 94/117/6
f 29/73/5 119/109/5 130/118/5 89/51/5
f 40/143/6 120/153/6 129/59/6 83/113/6
f 13/152/5 115/144/5 128/112/5 78/64/5
f 46/114/10 122/62/10 126/62/10 72/142/10
f 71/141/6 125/138/6 127/75/6 73/76/6
f 72/142/6 126/62/6 125/138/6 71/141/6
f 116/49/8 16/48/8 157/133/8 156/49/8
f 124/120/15 115/122/15 148/122/15 153/164/15
f 56/58/2 14/57/2 120/121/2 124/120/2
f 89/51/5 130/118/5 121/119/5 15/52/5
f 22/42/5 118/111/5 117/108/5 17/43/5
f 78/64/5 128/112/5 118/111/5 22/42/5
f 17/43/5 117/108/5 119/109/5 29/73/5
f 28/86/9 123/75/9 127/75/9 69/87/9
f 83/113/6 129/59/6 122/62/6 46/114/6
f 34/102/14 99/53/14 154/165/14 162/102/14
f 94/117/6 131/46/6 116/49/6 44/54/6
f 146/112/5 137/157/5 138/166/5 144/111/5
f 145/167/5 141/168/5 142/169/5 147/170/5
f 135/160/5 134/159/5 143/171/5 140/163/5
f 136/95/5 139/172/5 132/173/5 133/96/5
f 82/67/3 47/29/3 138/166/3 137/157/3
f 49/82/3 95/17/3 142/169/3 141/168/3
f 95/17/4 130/118/4 147/170/4 142/169/4
f 47/29/4 118/111/4 144/111/4 138/166/4
f 114/50/4 92/101/4 140/163/4 143/171/4
f 112/63/3 105/41/3 132/173/3 139/172/3
f 81/95/2 112/63/2 139/172/2 136/95/2
f 36/96/1 81/95/1 136/95/1 133/96/1
f 119/109/2 49/82/2 141/168/2 145/167/2
f 130/118/1 119/109/1 145/167/1 147/170/1
f 105/41/4 36/96/4 133/96/4 132/173/4
f 106/74/3 114/50/3 143/171/3 134/159/3
f 152/161/2 151/132/2 150/131/2 149/174/2
f 149/174/2 150/131/2 153/164/2 148/122/2
f 56/58/16 124/120/16 153/164/16 150/131/16
f 115/144/17 13/152/17 149/175/17 148/144/17
f 13/152/18 102/151/18 152/151/18 149/175/18
f 102/161/19 107/55/19 151/132/19 152/161/19
f 168/176/4 156/177/4 157/178/4 158/179/4
f 167/180/4 159/181/4 160/14/4 161/107/4
f 154/182/4 167/180/4 161/107/4 162/106/4
f 163/183/4 168/176/4 158/179/4 155/184/4
f 155/184/4 158/179/4 167/180/4 154/182/4
f 158/179/4 157/178/4 159/181/4 167/180/4
f 164/124/4 165/185/4 168/176/4 163/183/4
f 165/185/4 166/115/4 156/177/4 168/176/4
f 63/116/20 44/115/20 166/115/20 165/185/20
f 99/53/14 15/52/14 155/162/14 154/165/14
f 41/124/20 63/116/20 165/185/20 164/124/20
f 121/119/14 41/20/14 164/20/14 163/119/14
o 球.002
v 0.135298 0.116575 0.753006
v 0.135298 0.102254 0.738684
v 0.135298 0.083541 0.730933
v 0.135298 0.073414 0.729935
v 0.135298 0.063287 0.730933
v 0.135298 0.044575 0.738684
v 0.137274 0.124326 0.771912
v 0.139174 0.121372 0.762362
v 0.140924 0.116575 0.753560
v 0.142459 0.110120 0.745845
v 0.143718 0.102254 0.739513
v 0.144654 0.093279 0.734808
v 0.145231 0.083541 0.731911
v 0.145425 0.073414 0.730933
v 0.145231 0.063287 0.731911
v 0.144654 0.053549 0.734808
v 0.143718 0.044575 0.739513
v 0.142459 0.036709 0.745845
v 0.140924 0.030253 0.753560
v 0.139174 0.025456 0.762362
v 0.137274 0.022502 0.771912
v 0.139174 0.124326 0.772489
v 0.142900 0.121372 0.763492
v 0.146334 0.116575 0.755201
v 0.149345 0.110120 0.747933
v 0.151815 0.102254 0.741969
v 0.153651 0.093279 0.737537
v 0.154781 0.083541 0.734808
v 0.155163 0.073414 0.733887
v 0.154781 0.063287 0.734808
v 0.153651 0.053549 0.737537
v 0.151815 0.044575 0.741969
v 0.149345 0.036709 0.747933
v 0.146334 0.030253 0.755201
v 0.142900 0.025456 0.763492
v 0.139174 0.022502 0.772489
v 0.140924 0.124326 0.773425
v 0.146334 0.121372 0.765328
v 0.151320 0.116575 0.757866
v 0.155691 0.110120 0.751325
v 0.159277 0.102254 0.745958
v 0.161942 0.093279 0.741969
v 0.163583 0.083541 0.739513
v 0.164137 0.073414 0.738684
v 0.163583 0.063287 0.739513
v 0.161942 0.053549 0.741969
v 0.159277 0.044575 0.745958
v 0.155691 0.036709 0.751325
v 0.151320 0.030253 0.757866
v 0.146334 0.025456 0.765328
v 0.140924 0.022502 0.773425
v 0.142459 0.124326 0.774684
v 0.149345 0.121372 0.767798
v 0.155691 0.116575 0.761452
v 0.161253 0.110120 0.755890
v 0.165818 0.102254 0.751325
v 0.169210 0.093279 0.747933
v 0.171298 0.083541 0.745845
v 0.172004 0.073414 0.745139
v 0.171298 0.063287 0.745845
v 0.169210 0.053549 0.747933
v 0.165818 0.044575 0.751325
v 0.161253 0.036709 0.755890
v 0.155691 0.030253 0.761452
v 0.149345 0.025456 0.767798
v 0.142459 0.022502 0.774684
v 0.143718 0.124326 0.776219
v 0.151815 0.121372 0.770809
v 0.159277 0.116575 0.765823
v 0.165818 0.110120 0.761452
v 0.171185 0.102254 0.757866
v 0.175174 0.093279 0.755201
v 0.177630 0.083541 0.753560
v 0.178459 0.073414 0.753006
v 0.177630 0.063287 0.753560
v 0.175174 0.053549 0.755201
v 0.171185 0.044575 0.757866
v 0.165818 0.036709 0.761452
v 0.159277 0.030253 0.765823
v 0.151815 0.025456 0.770809
v 0.143718 0.022502 0.776219
v 0.135298 0.125324 0.781845
v 0.144654 0.124326 0.777969
v 0.153651 0.121372 0.774243
v 0.161942 0.116575 0.770809
v 0.169210 0.110120 0.767798
v 0.175174 0.102254 0.765328
v 0.179606 0.093279 0.763492
v 0.182335 0.083541 0.762362
v 0.183256 0.073414 0.761980
v 0.182335 0.063287 0.762362
v 0.179606 0.053549 0.763492
v 0.175174 0.044575 0.765328
v 0.169210 0.036709 0.767798
v 0.161942 0.030253 0.770809
v 0.153651 0.025456 0.774243
v 0.144654 0.022502 0.777969
v 0.145231 0.124326 0.779869
v 0.154781 0.121372 0.777969
v 0.163583 0.116575 0.776219
v 0.171298 0.110120 0.774684
v 0.177630 0.102254 0.773425
v 0.182335 0.093279 0.772489
v 0.185232 0.083541 0.771912
v 0.186210 0.073414 0.771718
v 0.185232 0.063287 0.771912
v 0.182335 0.053549 0.772489
v 0.177630 0.044575 0.773425
v 0.171298 0.036709 0.774684
v 0.163583 0.030253 0.776219
v 0.154781 0.025456 0.777969
v 0.145231 0.022502 0.779869
v 0.145425 0.124326 0.781845
v 0.155163 0.121372 0.781845
v 0.164137 0.116575 0.781845
v 0.172004 0.110120 0.781845
v 0.178459 0.102254 0.781845
v 0.183256 0.093279 0.781845
v 0.186210 0.083541 0.781845
v 0.187208 0.073414 0.781845
v 0.186210 0.063287 0.781845
v 0.183256 0.053549 0.781845
v 0.178459 0.044575 0.781845
v 0.172004 0.036709 0.781845
v 0.164137 0.030253 0.781845
v 0.155163 0.025456 0.781845
v 0.145425 0.022502 0.781845
v 0.145231 0.124326 0.783821
v 0.154781 0.121372 0.785720
v 0.163583 0.116575 0.787471
v 0.171298 0.110120 0.789006
v 0.177630 0.102254 0.790265
v 0.182335 0.093279 0.791201
v 0.185232 0.083541 0.791777
v 0.186210 0.073414 0.791972
v 0.185232 0.063287 0.791777
v 0.182335 0.053549 0.791201
v 0.177630 0.044575 0.790265
v 0.171298 0.036709 0.789006
v 0.163583 0.030253 0.787471
v 0.154781 0.025456 0.785720
v 0.145231 0.022502 0.783821
v 0.144654 0.124326 0.785720
v 0.153651 0.121372 0.789447
v 0.161942 0.116575 0.792881
v 0.169210 0.110120 0.795891
v 0.175174 0.102254 0.798362
v 0.179606 0.093279 0.800198
v 0.182335 0.083541 0.801328
v 0.183256 0.073414 0.801710
v 0.182335 0.063287 0.801328
v 0.179606 0.053549 0.800198
v 0.175174 0.044575 0.798362
v 0.169210 0.036709 0.795891
v 0.161942 0.030253 0.792881
v 0.153651 0.025456 0.789447
v 0.144654 0.022502 0.785720
v 0.143718 0.124326 0.787471
v 0.151815 0.121372 0.792881
v 0.159277 0.116575 0.797867
v 0.165818 0.110120 0.802237
v 0.171185 0.102254 0.805824
v 0.175174 0.093279 0.808489
v 0.177630 0.083541 0.810130
v 0.178459 0.073414 0.810684
v 0.177630 0.063287 0.810130
v 0.175174 0.053549 0.808489
v 0.171185 0.044575 0.805824
v 0.165818 0.036709 0.802237
v 0.159277 0.030253 0.797867
v 0.151815 0.025456 0.792881
v 0.143718 0.022502 0.787471
v 0.142459 0.124326 0.789006
v 0.149345 0.121372 0.795891
v 0.155691 0.116575 0.802237
v 0.161253 0.110120 0.807800
v 0.165818 0.102254 0.812364
v 0.169210 0.093279 0.815756
v 0.171298 0.083541 0.817845
v 0.172004 0.073414 0.818550
v 0.171298 0.063287 0.817845
v 0.169210 0.053549 0.815756
v 0.165818 0.044575 0.812364
v 0.161253 0.036709 0.807800
v 0.155691 0.030253 0.802237
v 0.149345 0.025456 0.795891
v 0.142459 0.022502 0.789006
v 0.140924 0.124326 0.790265
v 0.146334 0.121372 0.798362
v 0.151320 0.116575 0.805824
v 0.155691 0.110120 0.812364
v 0.159277 0.102254 0.817732
v 0.161942 0.093279 0.821721
v 0.163583 0.083541 0.824177
v 0.164137 0.073414 0.825006
v 0.163583 0.063287 0.824177
v 0.161942 0.053549 0.821721
v 0.159277 0.044575 0.817732
v 0.155691 0.036709 0.812364
v 0.151320 0.030253 0.805824
v 0.146334 0.025456 0.798362
v 0.140924 0.022502 0.790265
v 0.139174 0.124326 0.791201
v 0.142900 0.121372 0.800198
v 0.146334 0.116575 0.808489
v 0.149345 0.110120 0.815756
v 0.151815 0.102254 0.821721
v 0.153651 0.093279 0.826152
v 0.154781 0.083541 0.828881
v 0.155163 0.073414 0.829803
v 0.154781 0.063287 0.828881
v 0.153651 0.053549 0.826152
v 0.151815 0.044575 0.821721
v 0.149345 0.036709 0.815756
v 0.146334 0.030253 0.808489
v 0.142900 0.025456 0.800198
v 0.139174 0.022502 0.791201
v 0.137274 0.124326 0.791777
v 0.139174 0.121372 0.801328
v 0.140924 0.116575 0.810130
v 0.142459 0.110120 0.817845
v 0.143718 0.102254 0.824177
v 0.144654 0.093279 0.828881
v 0.145231 0.083541 0.831779
v 0.145425 0.073414 0.832757
v 0.145231 0.063287 0.831779
v 0.144654 0.053549 0.828881
v 0.143718 0.044575 0.824177
v 0.142459 0.036709 0.817845
v 0.140924 0.030253 0.810130
v 0.139174 0.025456 0.801328
v 0.137274 0.022502 0.791777
v 0.135298 0.124326 0.791972
v 0.135298 0.121372 0.801710
v 0.135298 0.116575 0.810684
v 0.135298 0.110120 0.818550
v 0.135298 0.102254 0.825006
v 0.135298 0.093279 0.829803
v 0.135298 0.083541 0.832757
v 0.135298 0.073414 0.833754
v 0.135298 0.063287 0.832757
v 0.135298 0.053549 0.829803
v 0.135298 0.044575 0.825006
v 0.135298 0.036709 0.818550
v 0.135298 0.030253 0.810684
v 0.135298 0.025456 0.801710
v 0.135298 0.022502 0.791972
v 0.133322 0.124326 0.791777
v 0.131423 0.121372 0.801328
v 0.129672 0.116575 0.810130
v 0.128137 0.110120 0.817845
v 0.126878 0.102254 0.824177
v 0.125942 0.093279 0.828881
v 0.125366 0.083541 0.831779
v 0.125171 0.073414 0.832757
v 0.125366 0.063287 0.831779
v 0.125942 0.053549 0.828881
v 0.126878 0.044575 0.824177
v 0.128137 0.036709 0.817845
v 0.129672 0.030253 0.810130
v 0.131423 0.025456 0.801328
v 0.133322 0.022502 0.791777
v 0.131423 0.124326 0.791201
v 0.127696 0.121372 0.800198
v 0.124262 0.116575 0.808489
v 0.121251 0.110120 0.815756
v 0.118781 0.102254 0.821721
v 0.116945 0.093279 0.826152
v 0.115815 0.083541 0.828881
v 0.115433 0.073414 0.829803
v 0.115815 0.063287 0.828881
v 0.116945 0.053549 0.826152
v 0.118781 0.044575 0.821721
v 0.121251 0.036709 0.815756
v 0.124262 0.030253 0.808489
v 0.127696 0.025456 0.800198
v 0.131423 0.022502 0.791201
v 0.129672 0.124326 0.790265
v 0.124262 0.121372 0.798362
v 0.119276 0.116575 0.805824
v 0.114906 0.110120 0.812364
v 0.111319 0.102254 0.817732
v 0.108654 0.093279 0.821721
v 0.107013 0.083541 0.824177
v 0.106459 0.073414 0.825006
v 0.107013 0.063287 0.824177
v 0.108654 0.053549 0.821721
v 0.111319 0.044575 0.817732
v 0.114906 0.036709 0.812364
v 0.119276 0.030253 0.805824
v 0.124262 0.025456 0.798362
v 0.129672 0.022502 0.790265
v 0.128137 0.124326 0.789006
v 0.121251 0.121372 0.795891
v 0.114906 0.116575 0.802237
v 0.109343 0.110120 0.807800
v 0.104779 0.102254 0.812364
v 0.101387 0.093279 0.815756
v 0.099298 0.083541 0.817845
v 0.098593 0.073414 0.818550
v 0.099298 0.063287 0.817845
v 0.101387 0.053549 0.815756
v 0.104779 0.044575 0.812364
v 0.109343 0.036709 0.807800
v 0.114906 0.030253 0.802237
v 0.121251 0.025456 0.795891
v 0.128137 0.022502 0.789006
v 0.135298 0.021505 0.781845
v 0.126878 0.124326 0.787471
v 0.118781 0.121372 0.792881
v 0.111319 0.116575 0.797867
v 0.104779 0.110120 0.802237
v 0.099411 0.102254 0.805824
v 0.095422 0.093279 0.808489
v 0.092966 0.083541 0.810130
v 0.092137 0.073414 0.810684
v 0.092966 0.063287 0.810130
v 0.095422 0.053549 0.808489
v 0.099411 0.044575 0.805824
v 0.104779 0.036709 0.802237
v 0.111319 0.030253 0.797867
v 0.118781 0.025456 0.792881
v 0.126878 0.022502 0.787471
v 0.125942 0.124326 0.785720
v 0.116945 0.121372 0.789447
v 0.108654 0.116575 0.792881
v 0.101387 0.110120 0.795891
v 0.095422 0.102254 0.798362
v 0.090991 0.093279 0.800198
v 0.088262 0.083541 0.801328
v 0.087340 0.073414 0.801710
v 0.088262 0.063287 0.801328
v 0.090991 0.053549 0.800198
v 0.095422 0.044575 0.798362
v 0.101387 0.036709 0.795891
v 0.108654 0.030253 0.792881
v 0.116945 0.025456 0.789447
v 0.125942 0.022502 0.785720
v 0.125366 0.124326 0.783821
v 0.115815 0.121372 0.785720
v 0.107013 0.116575 0.787471
v 0.099298 0.110120 0.789006
v 0.092966 0.102254 0.790265
v 0.088262 0.093279 0.791201
v 0.085364 0.083541 0.791777
v 0.084386 0.073414 0.791972
v 0.085364 0.063287 0.791777
v 0.088262 0.053549 0.791201
v 0.092966 0.044575 0.790265
v 0.099298 0.036709 0.789006
v 0.107013 0.030253 0.787471
v 0.115815 0.025456 0.785720
v 0.125366 0.022502 0.783821
v 0.125171 0.124326 0.781845
v 0.115433 0.121372 0.781845
v 0.106459 0.116575 0.781845
v 0.098593 0.110120 0.781845
v 0.092137 0.102254 0.781845
v 0.087340 0.093279 0.781845
v 0.084386 0.083541 0.781845
v 0.083389 0.073414 0.781845
v 0.084386 0.063287 0.781845
v 0.087340 0.053549 0.781845
v 0.092137 0.044575 0.781845
v 0.098593 0.036709 0.781845
v 0.106459 0.030253 0.781845
v 0.115433 0.025456 0.781845
v 0.125171 0.022502 0.781845
v 0.125366 0.124326 0.779869
v 0.115815 0.121372 0.777969
v 0.107013 0.116575 0.776219
v 0.099298 0.110120 0.774684
v 0.092966 0.102254 0.773425
v 0.088262 0.093279 0.772489
v 0.085364 0.083541 0.771912
v 0.084386 0.073414 0.771718
v 0.085364 0.063287 0.771912
v 0.088262 0.053549 0.772489
v 0.092966 0.044575 0.773425
v 0.099298 0.036709 0.774684
v 0.107013 0.030253 0.776219
v 0.115815 0.025456 0.777969
v 0.125366 0.022502 0.779869
v 0.125942 0.124326 0.777969
v 0.116945 0.121372 0.774243
v 0.108654 0.116575 0.770809
v 0.101387 0.110120 0.767798
v 0.095422 0.102254 0.765328
v 0.090991 0.093279 0.763492
v 0.088262 0.083541 0.762362
v 0.087340 0.073414 0.761980
v 0.088262 0.063287 0.762362
v 0.090991 0.053549 0.763492
v 0.095422 0.044575 0.765328
v 0.101387 0.036709 0.767798
v 0.108654 0.030253 0.770809
v 0.116945 0.025456 0.774243
v 0.125942 0.022502 0.777969
v 0.126878 0.124326 0.776219
v 0.118781 0.121372 0.770809
v 0.111319 0.116575 0.765823
v 0.104779 0.110120 0.761452
v 0.099411 0.102254 0.757866
v 0.095422 0.093279 0.755201
v 0.092966 0.083541 0.753560
v 0.092137 0.073414 0.753006
v 0.092966 0.063287 0.753560
v 0.095422 0.053549 0.755201
v 0.099411 0.044575 0.757866
v 0.104779 0.036709 0.761452
v 0.111319 0.030253 0.765823
v 0.118781 0.025456 0.770809
v 0.126878 0.022502 0.776219
v 0.128137 0.124326 0.774684
v 0.121251 0.121372 0.767798
v 0.114906 0.116575 0.761452
v 0.109343 0.110120 0.755890
v 0.104779 0.102254 0.751325
v 0.101387 0.093279 0.747933
v 0.099298 0.083541 0.745845
v 0.098593 0.073414 0.745139
v 0.099298 0.063287 0.745845
v 0.101387 0.053549 0.747933
v 0.104779 0.044575 0.751325
v 0.109343 0.036709 0.755890
v 0.114906 0.030253 0.761452
v 0.121251 0.025456 0.767798
v 0.128137 0.022502 0.774684
v 0.129672 0.124326 0.773425
v 0.124262 0.121372 0.765328
v 0.119276 0.116575 0.757866
v 0.114906 0.110120 0.751325
v 0.111319 0.102254 0.745958
v 0.108654 0.093279 0.741969
v 0.107013 0.083541 0.739513
v 0.106459 0.073414 0.738684
v 0.107013 0.063287 0.739513
v 0.108654 0.053549 0.741969
v 0.111319 0.044575 0.745958
v 0.114906 0.036709 0.751325
v 0.119276 0.030253 0.757866
v 0.124262 0.025456 0.765328
v 0.129672 0.022502 0.773425
v 0.131423 0.124326 0.772489
v 0.127696 0.121372 0.763492
v 0.124262 0.116575 0.755201
v 0.121251 0.110120 0.747933
v 0.118781 0.102254 0.741969
v 0.116945 0.093279 0.737537
v 0.115815 0.083541 0.734808
v 0.115433 0.073414 0.733887
v 0.115815 0.063287 0.734808
v 0.116945 0.053549 0.737537
v 0.118781 0.044575 0.741969
v 0.121251 0.036709 0.747933
v 0.124262 0.030253 0.755201
v 0.127696 0.025456 0.763492
v 0.131423 0.022502 0.772489
v 0.133322 0.124326 0.771912
v 0.131423 0.121372 0.762362
v 0.129672 0.116575 0.753560
v 0.128137 0.110120 0.745845
v 0.126878 0.102254 0.739513
v 0.125942 0.093279 0.734808
v 0.125366 0.083541 0.731911
v 0.125171 0.073414 0.730933
v 0.125366 0.063287 0.731911
v 0.125942 0.053549 0.734808
v 0.126878 0.044575 0.739513
v 0.128137 0.036709 0.745845
v 0.129672 0.030253 0.753560
v 0.131423 0.025456 0.762362
v 0.133322 0.022502 0.771912
v 0.135298 0.124326 0.771718
v 0.135298 0.121372 0.761980
v 0.135298 0.110120 0.745139
v 0.135298 0.093279 0.733887
v 0.135298 0.053549 0.733887
v 0.135298 0.036709 0.745139
v 0.135298 0.030253 0.753006
v 0.135298 0.025456 0.761980
v 0.135298 0.022502 0.771718
vn 0.0286 -0.9566 -0.2902
vn 0.0975 0.0976 -0.9904
vn 0.0097 0.9951 -0.0980
vn 0.0097 -0.9951 -0.0980
vn 0.0975 -0.0976 -0.9904
vn 0.0286 0.9566 -0.2902
vn 0.0938 -0.2890 -0.9527
vn 0.0464 0.8810 -0.4709
vn 0.0865 -0.4696 -0.8786
vn 0.0624 0.7715 -0.6332
vn 0.0759 -0.6326 -0.7708
vn 0.0759 0.6326 -0.7708
vn 0.0624 -0.7715 -0.6332
vn 0.0865 0.4696 -0.8786
vn 0.0464 -0.8810 -0.4709
vn 0.0938 0.2890 -0.9527
vn 0.1374 -0.8810 -0.4528
vn 0.2779 0.2890 -0.9161
vn 0.0846 -0.9565 -0.2790
vn 0.2889 0.0975 -0.9524
vn 0.0286 0.9951 -0.0942
vn 0.0286 -0.9951 -0.0942
vn 0.2889 -0.0975 -0.9524
vn 0.0846 0.9565 -0.2790
vn 0.2779 -0.2890 -0.9161
vn 0.1374 0.8810 -0.4528
vn 0.2563 -0.4696 -0.8448
vn 0.1847 0.7715 -0.6088
vn 0.2248 -0.6326 -0.7412
vn 0.2248 0.6326 -0.7412
vn 0.1847 -0.7715 -0.6088
vn 0.2563 0.4696 -0.8448
vn 0.2231 0.8810 -0.4173
vn 0.4162 -0.4696 -0.7786
vn 0.2999 0.7715 -0.5611
vn 0.3651 -0.6326 -0.6831
vn 0.3651 0.6326 -0.6831
vn 0.2999 -0.7715 -0.5611
vn 0.4162 0.4696 -0.7786
vn 0.2230 -0.8810 -0.4173
vn 0.4513 0.2890 -0.8443
vn 0.1374 -0.9565 -0.2571
vn 0.4691 0.0976 -0.8777
vn 0.0464 0.9951 -0.0869
vn 0.0464 -0.9951 -0.0869
vn 0.4691 -0.0976 -0.8777
vn 0.1374 0.9565 -0.2571
vn 0.4513 -0.2890 -0.8443
vn 0.6073 0.2890 -0.7400
vn 0.1850 -0.9565 -0.2254
vn 0.6314 0.0975 -0.7693
vn 0.0625 0.9951 -0.0761
vn 0.0625 -0.9951 -0.0761
vn 0.6314 -0.0975 -0.7693
vn 0.1850 0.9565 -0.2254
vn 0.6073 -0.2890 -0.7400
vn 0.3002 0.8810 -0.3658
vn 0.5601 -0.4696 -0.6825
vn 0.4036 0.7715 -0.4918
vn 0.4913 -0.6326 -0.5987
vn 0.4913 0.6326 -0.5987
vn 0.4036 -0.7715 -0.4918
vn 0.5601 0.4696 -0.6825
vn 0.3002 -0.8810 -0.3658
vn 0.6825 -0.4696 -0.5601
vn 0.4918 0.7715 -0.4036
vn 0.5987 -0.6326 -0.4913
vn 0.5987 0.6326 -0.4913
vn 0.4918 -0.7715 -0.4036
vn 0.6825 0.4696 -0.5601
vn 0.3658 -0.8810 -0.3002
vn 0.7400 0.2890 -0.6073
vn 0.2254 -0.9566 -0.1850
vn 0.7693 0.0975 -0.6314
vn 0.0761 0.9951 -0.0625
vn 0.0761 -0.9951 -0.0625
vn 0.7693 -0.0975 -0.6314
vn 0.2254 0.9566 -0.1850
vn 0.7400 -0.2890 -0.6073
vn 0.3658 0.8810 -0.3002
vn 0.2571 -0.9565 -0.1374
vn 0.8777 0.0975 -0.4691
vn 0.0869 0.9951 -0.0464
vn 0.0869 -0.9951 -0.0464
vn 0.8777 -0.0975 -0.4691
vn 0.2571 0.9565 -0.1374
vn 0.8443 -0.2890 -0.4513
vn 0.4173 0.8810 -0.2231
vn 0.7786 -0.4696 -0.4162
vn 0.5611 0.7715 -0.2999
vn 0.6831 -0.6326 -0.3651
vn 0.6831 0.6326 -0.3651
vn 0.5611 -0.7715 -0.2999
vn 0.7786 0.4696 -0.4162
vn 0.4173 -0.8810 -0.2231
vn 0.8443 0.2890 -0.4513
vn 0.6088 0.7715 -0.1847
vn 0.7412 -0.6326 -0.2248
vn 0.7412 0.6326 -0.2248
vn 0.6088 -0.7715 -0.1847
vn 0.8448 0.4696 -0.2563
vn 0.4528 -0.8810 -0.1374
vn 0.9161 0.2890 -0.2779
vn 0.2790 -0.9566 -0.0846
vn 0.9524 0.0975 -0.2889
vn 0.0942 0.9951 -0.0286
vn 0.0942 -0.9951 -0.0286
vn 0.9524 -0.0975 -0.2889
vn 0.2790 0.9566 -0.0846
vn 0.9161 -0.2890 -0.2779
vn 0.4528 0.8810 -0.1374
vn 0.8448 -0.4696 -0.2563
vn 0.9904 0.0975 -0.0975
vn 0.0980 0.9951 -0.0097
vn 0.0980 -0.9951 -0.0097
vn 0.9904 -0.0975 -0.0975
vn 0.2902 0.9565 -0.0286
vn 0.9527 -0.2890 -0.0938
vn 0.4709 0.8810 -0.0464
vn 0.8786 -0.4696 -0.0865
vn 0.6332 0.7715 -0.0624
vn 0.7708 -0.6326 -0.0759
vn 0.7708 0.6326 -0.0759
vn 0.6332 -0.7715 -0.0624
vn 0.8786 0.4696 -0.0865
vn 0.4709 -0.8810 -0.0464
vn 0.9527 0.2890 -0.0938
vn 0.2902 -0.9565 -0.0286
vn 0.7708 -0.6326 0.0759
vn 0.7708 0.6326 0.0759
vn 0.6332 -0.7715 0.0624
vn 0.8786 0.4696 0.0865
vn 0.4709 -0.8810 0.0464
vn 0.9527 0.2890 0.0938
vn 0.2902 -0.9565 0.0286
vn 0.9904 0.0975 0.0976
vn 0.0980 0.9951 0.0097
vn 0.0980 -0.9951 0.0097
vn 0.9904 -0.0975 0.0976
vn 0.2902 0.9565 0.0286
vn 0.9527 -0.2890 0.0938
vn 0.4709 0.8810 0.0464
vn 0.8786 -0.4696 0.0865
vn 0.6332 0.7715 0.0624
vn 0.0942 -0.9951 0.0286
vn 0.9524 -0.0975 0.2889
vn 0.2790 0.9565 0.0846
vn 0.9161 -0.2890 0.2779
vn 0.4528 0.8810 0.1374
vn 0.8448 -0.4696 0.2563
vn 0.6088 0.7715 0.1847
vn 0.7412 -0.6326 0.2248
vn 0.7412 0.6326 0.2248
vn 0.6088 -0.7715 0.1847
vn 0.8448 0.4696 0.2563
vn 0.4528 -0.8810 0.1374
vn 0.9161 0.2890 0.2779
vn 0.2790 -0.9566 0.0846
vn 0.9524 0.0975 0.2889
vn 0.0942 0.9951 0.0286
vn 0.5611 -0.7715 0.2999
vn 0.7786 0.4696 0.4162
vn 0.4173 -0.8810 0.2231
vn 0.8443 0.2890 0.4513
vn 0.2571 -0.9565 0.1374
vn 0.8777 0.0976 0.4691
vn 0.0869 0.9951 0.0464
vn 0.0869 -0.9951 0.0464
vn 0.8777 -0.0975 0.4691
vn 0.2571 0.9566 0.1374
vn 0.8443 -0.2890 0.4513
vn 0.4173 0.8810 0.2231
vn 0.7786 -0.4696 0.4162
vn 0.5611 0.7715 0.2999
vn 0.6831 -0.6326 0.3651
vn 0.6831 0.6326 0.3651
vn 0.2254 0.9565 0.1850
vn 0.7400 -0.2890 0.6073
vn 0.3658 0.8810 0.3002
vn 0.6825 -0.4696 0.5601
vn 0.4918 0.7715 0.4036
vn 0.5987 -0.6326 0.4913
vn 0.5987 0.6326 0.4913
vn 0.4918 -0.7715 0.4036
vn 0.6825 0.4696 0.5601
vn 0.3658 -0.8810 0.3002
vn 0.7400 0.2890 0.6073
vn 0.2254 -0.9566 0.1850
vn 0.7693 0.0975 0.6314
vn 0.0761 0.9951 0.0625
vn 0.0761 -0.9951 0.0625
vn 0.7693 -0.0975 0.6314
vn 0.5601 0.4696 0.6825
vn 0.3002 -0.8810 0.3658
vn 0.6073 0.2890 0.7400
vn 0.1850 -0.9566 0.2254
vn 0.6314 0.0975 0.7693
vn 0.0625 0.9951 0.0761
vn 0.0625 -0.9951 0.0761
vn 0.6314 -0.0975 0.7693
vn 0.1850 0.9565 0.2254
vn 0.6073 -0.2890 0.7400
vn 0.3002 0.8810 0.3658
vn 0.5601 -0.4696 0.6825
vn 0.4036 0.7715 0.4918
vn 0.4913 -0.6326 0.5987
vn 0.4913 0.6326 0.5987
vn 0.4036 -0.7715 0.4918
vn 0.4513 -0.2890 0.8443
vn 0.2230 0.8810 0.4173
vn 0.4162 -0.4696 0.7786
vn 0.2999 0.7715 0.5611
vn 0.3651 -0.6326 0.6831
vn 0.3651 0.6326 0.6831
vn 0.2999 -0.7715 0.5611
vn 0.4162 0.4696 0.7786
vn 0.2230 -0.8810 0.4173
vn 0.4513 0.2890 0.8443
vn 0.1374 -0.9565 0.2571
vn 0.4691 0.0975 0.8777
vn 0.0464 0.9951 0.0869
vn 0.0464 -0.9951 0.0869
vn 0.4691 -0.0976 0.8777
vn 0.1374 0.9565 0.2571
vn 0.1374 -0.8810 0.4528
vn 0.2779 0.2890 0.9161
vn 0.0846 -0.9565 0.2790
vn 0.2889 0.0975 0.9524
vn 0.0286 0.9951 0.0942
vn 0.0286 -0.9951 0.0942
vn 0.2889 -0.0975 0.9524
vn 0.0846 0.9565 0.2790
vn 0.2779 -0.2890 0.9161
vn 0.1374 0.8810 0.4528
vn 0.2563 -0.4696 0.8448
vn 0.1847 0.7715 0.6088
vn 0.2248 -0.6326 0.7412
vn 0.2248 0.6326 0.7412
vn 0.1847 -0.7715 0.6088
vn 0.2563 0.4696 0.8448
vn 0.0464 0.8810 0.4709
vn 0.0865 -0.4696 0.8786
vn 0.0624 0.7715 0.6332
vn 0.0759 -0.6326 0.7708
vn 0.0759 0.6326 0.7708
vn 0.0624 -0.7715 0.6332
vn 0.0865 0.4696 0.8786
vn 0.0464 -0.8810 0.4709
vn 0.0938 0.2890 0.9527
vn 0.0286 -0.9566 0.2902
vn 0.0975 0.0975 0.9904
vn 0.0097 0.9951 0.0980
vn 0.0097 -0.9951 0.0980
vn 0.0975 -0.0975 0.9904
vn 0.0286 0.9566 0.2902
vn 0.0938 -0.2890 0.9527
vn -0.0938 0.2890 0.9527
vn -0.0286 -0.9566 0.2902
vn -0.0975 0.0975 0.9904
vn -0.0097 0.9951 0.0980
vn -0.0097 -0.9951 0.0980
vn -0.0975 -0.0975 0.9904
vn -0.0286 0.9566 0.2902
vn -0.0938 -0.2890 0.9527
vn -0.0464 0.8810 0.4709
vn -0.0865 -0.4696 0.8786
vn -0.0624 0.7715 0.6332
vn -0.0759 -0.6326 0.7708
vn -0.0759 0.6326 0.7708
vn -0.0624 -0.7715 0.6332
vn -0.0865 0.4696 0.8786
vn -0.0464 -0.8810 0.4709
vn -0.2563 -0.4696 0.8448
vn -0.1847 0.7715 0.6088
vn -0.2248 -0.6326 0.7412
vn -0.2248 0.6326 0.7412
vn -0.1847 -0.7715 0.6088
vn -0.2563 0.4696 0.8448
vn -0.1374 -0.8810 0.4528
vn -0.2779 0.2890 0.9161
vn -0.0846 -0.9565 0.2790
vn -0.2889 0.0975 0.9524
vn -0.0286 0.9951 0.0942
vn -0.0286 -0.9951 0.0942
vn -0.2889 -0.0975 0.9524
vn -0.0846 0.9565 0.2790
vn -0.2779 -0.2890 0.9161
vn -0.1374 0.8810 0.4528
vn -0.1374 -0.9565 0.2571
vn -0.4692 0.0976 0.8777
vn -0.0464 0.9951 0.0869
vn -0.0464 -0.9951 0.0869
vn -0.4692 -0.0976 0.8777
vn -0.1374 0.9565 0.2571
vn -0.4513 -0.2890 0.8443
vn -0.2231 0.8810 0.4173
vn -0.4162 -0.4696 0.7786
vn -0.2999 0.7715 0.5611
vn -0.3651 -0.6326 0.6831
vn -0.3651 0.6326 0.6831
vn -0.2999 -0.7715 0.5611
vn -0.4162 0.4696 0.7786
vn -0.2231 -0.8810 0.4173
vn -0.4513 0.2890 0.8443
vn -0.4913 -0.6326 0.5987
vn -0.4913 0.6326 0.5987
vn -0.4036 -0.7715 0.4918
vn -0.5601 0.4696 0.6825
vn -0.3002 -0.8810 0.3658
vn -0.6073 0.2890 0.7400
vn -0.1850 -0.9565 0.2254
vn -0.6314 0.0975 0.7693
vn -0.0625 0.9951 0.0761
vn -0.0625 -0.9951 0.0761
vn -0.6314 -0.0975 0.7693
vn -0.1850 0.9565 0.2254
vn -0.6073 -0.2890 0.7400
vn -0.3002 0.8810 0.3658
vn -0.5601 -0.4696 0.6825
vn -0.4036 0.7715 0.4918
vn -0.0761 0.9951 0.0625
vn -0.0761 -0.9951 0.0625
vn -0.7693 -0.0975 0.6314
vn -0.2254 0.9566 0.1850
vn -0.7400 -0.2890 0.6073
vn -0.3658 0.8810 0.3002
vn -0.6825 -0.4696 0.5601
vn -0.4918 0.7715 0.4036
vn -0.5987 -0.6326 0.4913
vn -0.5987 0.6326 0.4913
vn -0.4918 -0.7715 0.4036
vn -0.6825 0.4696 0.5601
vn -0.3658 -0.8810 0.3002
vn -0.7400 0.2890 0.6073
vn -0.2254 -0.9566 0.1850
vn -0.7693 0.0975 0.6314
vn -0.6831 0.6326 0.3651
vn -0.5611 -0.7715 0.2999
vn -0.7786 0.4696 0.4162
vn -0.4173 -0.8810 0.2231
vn -0.8443 0.2890 0.4513
vn -0.2571 -0.9565 0.1374
vn -0.8777 0.0976 0.4691
vn -0.0869 0.9951 0.0464
vn -0.0869 -0.9951 0.0464
vn -0.8777 -0.0975 0.4691
vn -0.2571 0.9565 0.1374
vn -0.8443 -0.2890 0.4513
vn -0.4173 0.8810 0.2231
vn -0.7786 -0.4696 0.4162
vn -0.5611 0.7715 0.2999
vn -0.6831 -0.6326 0.3651
vn -0.9524 -0.0975 0.2889
vn -0.2790 0.9565 0.0846
vn -0.9161 -0.2890 0.2779
vn -0.4528 0.8810 0.1374
vn -0.8448 -0.4696 0.2563
vn -0.6088 0.7715 0.1847
vn -0.7412 -0.6326 0.2248
vn -0.7412 0.6326 0.2248
vn -0.6088 -0.7715 0.1847
vn -0.8448 0.4696 0.2563
vn -0.4528 -0.8810 0.1374
vn -0.9161 0.2890 0.2779
vn -0.2790 -0.9565 0.0846
vn -0.9524 0.0975 0.2889
vn -0.0942 0.9951 0.0286
vn -0.0942 -0.9951 0.0286
vn -0.6332 -0.7715 0.0624
vn -0.8786 0.4696 0.0865
vn -0.4709 -0.8810 0.0464
vn -0.9527 0.2890 0.0938
vn -0.2902 -0.9565 0.0286
vn -0.9904 0.0975 0.0976
vn -0.0980 0.9951 0.0097
vn -0.0980 -0.9951 0.0097
vn -0.9904 -0.0975 0.0976
vn -0.2902 0.9565 0.0286
vn -0.9527 -0.2890 0.0938
vn -0.4709 0.8810 0.0464
vn -0.8786 -0.4696 0.0865
vn -0.6332 0.7715 0.0624
vn -0.7708 -0.6326 0.0759
vn -0.7708 0.6326 0.0759
vn -0.2902 0.9566 -0.0286
vn -0.9527 -0.2890 -0.0938
vn -0.4709 0.8810 -0.0464
vn -0.8786 -0.4696 -0.0865
vn -0.6332 0.7715 -0.0624
vn -0.7708 -0.6326 -0.0759
vn -0.7708 0.6326 -0.0759
vn -0.6332 -0.7715 -0.0624
vn -0.8786 0.4696 -0.0865
vn -0.4709 -0.8810 -0.0464
vn -0.9527 0.2890 -0.0938
vn -0.2902 -0.9566 -0.0286
vn -0.9904 0.0975 -0.0976
vn -0.0980 0.9951 -0.0097
vn -0.0980 -0.9951 -0.0097
vn -0.9904 -0.0975 -0.0976
vn -0.8448 0.4696 -0.2563
vn -0.4528 -0.8810 -0.1374
vn -0.9161 0.2890 -0.2779
vn -0.2790 -0.9566 -0.0846
vn -0.9524 0.0975 -0.2889
vn -0.0942 0.9951 -0.0286
vn -0.0942 -0.9951 -0.0286
vn -0.9524 -0.0975 -0.2889
vn -0.2790 0.9566 -0.0846
vn -0.9161 -0.2890 -0.2779
vn -0.4528 0.8810 -0.1374
vn -0.8448 -0.4696 -0.2563
vn -0.6088 0.7715 -0.1847
vn -0.7412 -0.6326 -0.2248
vn -0.7412 0.6326 -0.2248
vn -0.6088 -0.7715 -0.1847
vn -0.8443 -0.2890 -0.4513
vn -0.4173 0.8810 -0.2231
vn -0.7786 -0.4696 -0.4162
vn -0.5611 0.7715 -0.2999
vn -0.6831 -0.6326 -0.3651
vn -0.6831 0.6326 -0.3651
vn -0.5611 -0.7715 -0.2999
vn -0.7786 0.4696 -0.4162
vn -0.4173 -0.8810 -0.2231
vn -0.8443 0.2890 -0.4513
vn -0.2571 -0.9565 -0.1374
vn -0.8777 0.0975 -0.4691
vn -0.0869 0.9951 -0.0464
vn -0.0869 -0.9951 -0.0464
vn -0.8777 -0.0975 -0.4691
vn -0.2571 0.9565 -0.1374
vn -0.3658 -0.8810 -0.3002
vn -0.7400 0.2890 -0.6073
vn -0.2254 -0.9566 -0.1850
vn -0.7693 0.0975 -0.6314
vn -0.0761 0.9951 -0.0625
vn -0.0761 -0.9951 -0.0625
vn -0.7693 -0.0975 -0.6314
vn -0.2254 0.9566 -0.1850
vn -0.7400 -0.2890 -0.6073
vn -0.3658 0.8810 -0.3002
vn -0.6825 -0.4696 -0.5601
vn -0.4918 0.7715 -0.4036
vn -0.5987 -0.6326 -0.4913
vn -0.5987 0.6326 -0.4913
vn -0.4918 -0.7715 -0.4036
vn -0.6825 0.4696 -0.5601
vn -0.5601 -0.4696 -0.6825
vn -0.4036 0.7715 -0.4918
vn -0.4913 -0.6326 -0.5987
vn -0.4913 0.6326 -0.5987
vn -0.4036 -0.7715 -0.4918
vn -0.5601 0.4696 -0.6825
vn -0.3002 -0.8810 -0.3658
vn -0.6073 0.2890 -0.7400
vn -0.1850 -0.9565 -0.2254
vn -0.6314 0.0975 -0.7693
vn -0.0625 0.9951 -0.0761
vn -0.0625 -0.9951 -0.0761
vn -0.6314 -0.0975 -0.7693
vn -0.1850 0.9565 -0.2254
vn -0.6073 -0.2890 -0.7400
vn -0.3002 0.8810 -0.3658
vn -0.1374 -0.9565 -0.2571
vn -0.4691 0.0975 -0.8777
vn -0.0464 0.9951 -0.0869
vn -0.0464 -0.9951 -0.0869
vn -0.4691 -0.0975 -0.8777
vn -0.1374 0.9565 -0.2571
vn -0.4513 -0.2890 -0.8443
vn -0.2231 0.8810 -0.4173
vn -0.4162 -0.4696 -0.7786
vn -0.2999 0.7715 -0.5611
vn -0.3651 -0.6326 -0.6831
vn -0.3651 0.6326 -0.6831
vn -0.2999 -0.7715 -0.5611
vn -0.4162 0.4696 -0.7786
vn -0.2231 -0.8810 -0.4173
vn -0.4513 0.2890 -0.8443
vn -0.1847 0.7715 -0.6088
vn -0.2248 -0.6326 -0.7412
vn -0.2248 0.6326 -0.7412
vn -0.1847 -0.7715 -0.6088
vn -0.2563 0.4696 -0.8448
vn -0.1374 -0.8810 -0.4528
vn -0.2779 0.2890 -0.9161
vn -0.0846 -0.9565 -0.2790
vn -0.2889 0.0975 -0.9524
vn -0.0286 0.9951 -0.0942
vn -0.0286 -0.9951 -0.0942
vn -0.2889 -0.0975 -0.9524
vn -0.0846 0.9565 -0.2790
vn -0.2779 -0.2890 -0.9161
vn -0.1374 0.8810 -0.4528
vn -0.2563 -0.4696 -0.8448
vn -0.0976 0.0975 -0.9904
vn -0.0097 0.9951 -0.0980
vn -0.0097 -0.9951 -0.0980
vn -0.0976 -0.0975 -0.9904
vn -0.0286 0.9566 -0.2902
vn -0.0938 -0.2890 -0.9527
vn -0.0464 0.8810 -0.4709
vn -0.0865 -0.4696 -0.8786
vn -0.0624 0.7715 -0.6332
vn -0.0759 -0.6326 -0.7708
vn -0.0759 0.6326 -0.7708
vn -0.0624 -0.7715 -0.6332
vn -0.0865 0.4696 -0.8786
vn -0.0464 -0.8810 -0.4709
vn -0.0938 0.2890 -0.9527
vn -0.0286 -0.9566 -0.2902
vt 0.082029 0.770283
vt 0.085145 0.770283
vt 0.085145 0.771841
vt 0.082029 0.771841
vt 0.103836 0.770283
vt 0.106951 0.770283
vt 0.106951 0.771841
vt 0.103836 0.771841
vt 0.125643 0.770283
vt 0.128758 0.771062
vt 0.125643 0.771841
vt 0.078914 0.771062
vt 0.100721 0.770283
vt 0.100721 0.771841
vt 0.122528 0.770283
vt 0.122528 0.771841
vt 0.097606 0.770283
vt 0.097606 0.771841
vt 0.119412 0.770283
vt 0.119412 0.771841
vt 0.094490 0.770283
vt 0.094490 0.771841
vt 0.116297 0.770283
vt 0.116297 0.771841
vt 0.091375 0.770283
vt 0.091375 0.771841
vt 0.113182 0.770283
vt 0.113182 0.771841
vt 0.088260 0.770283
vt 0.088260 0.771841
vt 0.110067 0.770283
vt 0.110067 0.771841
vt 0.088260 0.773399
vt 0.085145 0.773399
vt 0.110067 0.773399
vt 0.106951 0.773399
vt 0.082029 0.773399
vt 0.103836 0.773399
vt 0.128758 0.772620
vt 0.125643 0.773399
vt 0.078914 0.772620
vt 0.100721 0.773399
vt 0.122528 0.773399
vt 0.097606 0.773399
vt 0.119412 0.773399
vt 0.094490 0.773399
vt 0.116297 0.773399
vt 0.091375 0.773399
vt 0.113182 0.773399
vt 0.122528 0.774956
vt 0.119412 0.774956
vt 0.097606 0.774956
vt 0.094490 0.774956
vt 0.116297 0.774956
vt 0.091375 0.774956
vt 0.113182 0.774956
vt 0.088260 0.774956
vt 0.110067 0.774956
vt 0.085145 0.774956
vt 0.106951 0.774956
vt 0.082029 0.774956
vt 0.103836 0.774956
vt 0.128758 0.774177
vt 0.125643 0.774956
vt 0.078914 0.774177
vt 0.100721 0.774956
vt 0.110067 0.776514
vt 0.106951 0.776514
vt 0.085145 0.776514
vt 0.082029 0.776514
vt 0.103836 0.776514
vt 0.128758 0.775735
vt 0.125643 0.776514
vt 0.078914 0.775735
vt 0.100721 0.776514
vt 0.122528 0.776514
vt 0.097606 0.776514
vt 0.119412 0.776514
vt 0.094490 0.776514
vt 0.116297 0.776514
vt 0.091375 0.776514
vt 0.113182 0.776514
vt 0.088260 0.776514
vt 0.097606 0.778072
vt 0.094490 0.778072
vt 0.119412 0.778072
vt 0.116297 0.778072
vt 0.091375 0.778072
vt 0.113182 0.778072
vt 0.088260 0.778072
vt 0.110067 0.778072
vt 0.085145 0.778072
vt 0.106951 0.778072
vt 0.082029 0.778072
vt 0.103836 0.778072
vt 0.128758 0.777293
vt 0.125643 0.778072
vt 0.078914 0.777293
vt 0.100721 0.778072
vt 0.122528 0.778072
vt 0.085145 0.779629
vt 0.082029 0.779629
vt 0.106951 0.779629
vt 0.103836 0.779629
vt 0.128758 0.778850
vt 0.125643 0.779629
vt 0.078914 0.778850
vt 0.100721 0.779629
vt 0.122528 0.779629
vt 0.097606 0.779629
vt 0.119412 0.779629
vt 0.094490 0.779629
vt 0.116297 0.779629
vt 0.091375 0.779629
vt 0.113182 0.779629
vt 0.088260 0.779629
vt 0.110067 0.779629
vt 0.119412 0.781187
vt 0.116297 0.781187
vt 0.094490 0.781187
vt 0.091375 0.781187
vt 0.113182 0.781187
vt 0.088260 0.781187
vt 0.110067 0.781187
vt 0.085145 0.781187
vt 0.106951 0.781187
vt 0.082029 0.781187
vt 0.103836 0.781187
vt 0.128758 0.780408
vt 0.125643 0.781187
vt 0.078914 0.780408
vt 0.100721 0.781187
vt 0.122528 0.781187
vt 0.097606 0.781187
vt 0.106951 0.782744
vt 0.103836 0.782744
vt 0.128758 0.781966
vt 0.125643 0.782744
vt 0.078914 0.781966
vt 0.082029 0.782744
vt 0.100721 0.782744
vt 0.122528 0.782744
vt 0.097606 0.782744
vt 0.119412 0.782744
vt 0.094490 0.782744
vt 0.116297 0.782744
vt 0.091375 0.782744
vt 0.113182 0.782744
vt 0.088260 0.782744
vt 0.110067 0.782744
vt 0.085145 0.782744
vt 0.094490 0.784302
vt 0.091375 0.784302
vt 0.116297 0.784302
vt 0.113182 0.784302
vt 0.088260 0.784302
vt 0.110067 0.784302
vt 0.085145 0.784302
vt 0.106951 0.784302
vt 0.082029 0.784302
vt 0.103836 0.784302
vt 0.128758 0.783523
vt 0.125643 0.784302
vt 0.078914 0.783523
vt 0.100721 0.784302
vt 0.122528 0.784302
vt 0.097606 0.784302
vt 0.119412 0.784302
vt 0.078914 0.785081
vt 0.082029 0.785860
vt 0.103836 0.785860
vt 0.100721 0.785860
vt 0.125643 0.785860
vt 0.122528 0.785860
vt 0.097606 0.785860
vt 0.119412 0.785860
vt 0.094490 0.785860
vt 0.116297 0.785860
vt 0.091375 0.785860
vt 0.113182 0.785860
vt 0.088260 0.785860
vt 0.110067 0.785860
vt 0.085145 0.785860
vt 0.106951 0.785860
vt 0.128758 0.785081
vt 0.091375 0.787417
vt 0.088260 0.787417
vt 0.113182 0.787417
vt 0.110067 0.787417
vt 0.085145 0.787417
vt 0.106951 0.787417
vt 0.082029 0.787417
vt 0.103836 0.787417
vt 0.128758 0.786638
vt 0.125643 0.787417
vt 0.078914 0.786638
vt 0.100721 0.787417
vt 0.122528 0.787417
vt 0.097606 0.787417
vt 0.119412 0.787417
vt 0.094490 0.787417
vt 0.116297 0.787417
vt 0.125643 0.788975
vt 0.122528 0.788975
vt 0.100721 0.788975
vt 0.097606 0.788975
vt 0.119412 0.788975
vt 0.094490 0.788975
vt 0.116297 0.788975
vt 0.091375 0.788975
vt 0.113182 0.788975
vt 0.088260 0.788975
vt 0.110067 0.788975
vt 0.085145 0.788975
vt 0.106951 0.788975
vt 0.082029 0.788975
vt 0.103836 0.788975
vt 0.128758 0.788196
vt 0.078914 0.788196
vt 0.113182 0.790533
vt 0.110067 0.790533
vt 0.088260 0.790533
vt 0.085145 0.790533
vt 0.106951 0.790533
vt 0.082029 0.790533
vt 0.103836 0.790533
vt 0.128758 0.789754
vt 0.125643 0.790533
vt 0.078914 0.789754
vt 0.100721 0.790533
vt 0.122528 0.790533
vt 0.097606 0.790533
vt 0.119412 0.790533
vt 0.094490 0.790533
vt 0.116297 0.790533
vt 0.091375 0.790533
vt 0.100721 0.792090
vt 0.097606 0.792090
vt 0.122528 0.792090
vt 0.119412 0.792090
vt 0.094490 0.792090
vt 0.116297 0.792090
vt 0.091375 0.792090
vt 0.113182 0.792090
vt 0.088260 0.792090
vt 0.110067 0.792090
vt 0.085145 0.792090
vt 0.106951 0.792090
vt 0.082029 0.792090
vt 0.103836 0.792090
vt 0.128758 0.791311
vt 0.125643 0.792090
vt 0.078914 0.791311
vt 0.088260 0.793648
vt 0.085145 0.793648
vt 0.110067 0.793648
vt 0.106951 0.793648
vt 0.082029 0.793648
vt 0.103836 0.793648
vt 0.128758 0.792869
vt 0.125643 0.793648
vt 0.078914 0.792869
vt 0.100721 0.793648
vt 0.122528 0.793648
vt 0.097606 0.793648
vt 0.119412 0.793648
vt 0.094490 0.793648
vt 0.116297 0.793648
vt 0.091375 0.793648
vt 0.113182 0.793648
vt 0.122528 0.795205
vt 0.119412 0.795205
vt 0.097606 0.795205
vt 0.094490 0.795205
vt 0.116297 0.795205
vt 0.091375 0.795205
vt 0.113182 0.795205
vt 0.088260 0.795205
vt 0.110067 0.795205
vt 0.085145 0.795205
vt 0.106951 0.795205
vt 0.082029 0.795205
vt 0.103836 0.795205
vt 0.128758 0.794427
vt 0.125643 0.795205
vt 0.078914 0.794427
vt 0.100721 0.795205
vt 0.110067 0.796763
vt 0.106951 0.796763
vt 0.085145 0.796763
vt 0.082029 0.796763
vt 0.103836 0.796763
vt 0.128758 0.795984
vt 0.125643 0.796763
vt 0.078914 0.795984
vt 0.100721 0.796763
vt 0.122528 0.796763
vt 0.097606 0.796763
vt 0.119412 0.796763
vt 0.094490 0.796763
vt 0.116297 0.796763
vt 0.091375 0.796763
vt 0.113182 0.796763
vt 0.088260 0.796763
vt 0.097606 0.798321
vt 0.094490 0.798321
vt 0.119412 0.798321
vt 0.116297 0.798321
vt 0.091375 0.798321
vt 0.113182 0.798321
vt 0.088260 0.798321
vt 0.110067 0.798321
vt 0.085145 0.798321
vt 0.106951 0.798321
vt 0.082029 0.798321
vt 0.103836 0.798321
vt 0.128758 0.797542
vt 0.125643 0.798321
vt 0.078914 0.797542
vt 0.100721 0.798321
vt 0.122528 0.798321
vt 0.085145 0.799878
vt 0.082029 0.799878
vt 0.106951 0.799878
vt 0.103836 0.799878
vt 0.128758 0.799100
vt 0.125643 0.799878
vt 0.078914 0.799100
vt 0.100721 0.799878
vt 0.122528 0.799878
vt 0.097606 0.799878
vt 0.119412 0.799878
vt 0.094490 0.799878
vt 0.116297 0.799878
vt 0.091375 0.799878
vt 0.113182 0.799878
vt 0.088260 0.799878
vt 0.110067 0.799878
vt 0.094490 0.801436
vt 0.091375 0.801436
vt 0.116297 0.801436
vt 0.113182 0.801436
vt 0.088260 0.801436
vt 0.110067 0.801436
vt 0.085145 0.801436
vt 0.106951 0.801436
vt 0.082029 0.801436
vt 0.103836 0.801436
vt 0.128758 0.800657
vt 0.125643 0.801436
vt 0.078914 0.800657
vt 0.100721 0.801436
vt 0.122528 0.801436
vt 0.097606 0.801436
vt 0.119412 0.801436
vt 0.128758 0.802215
vt 0.125643 0.802994
vt 0.078914 0.802215
vt 0.082029 0.802994
vt 0.103836 0.802994
vt 0.100721 0.802994
vt 0.122528 0.802994
vt 0.097606 0.802994
vt 0.119412 0.802994
vt 0.094490 0.802994
vt 0.116297 0.802994
vt 0.091375 0.802994
vt 0.113182 0.802994
vt 0.088260 0.802994
vt 0.110067 0.802994
vt 0.085145 0.802994
vt 0.106951 0.802994
vt 0.116297 0.804551
vt 0.113182 0.804551
vt 0.091375 0.804551
vt 0.088260 0.804551
vt 0.110067 0.804551
vt 0.085145 0.804551
vt 0.106951 0.804551
vt 0.082029 0.804551
vt 0.103836 0.804551
vt 0.128758 0.803772
vt 0.125643 0.804551
vt 0.078914 0.803772
vt 0.100721 0.804551
vt 0.122528 0.804551
vt 0.097606 0.804551
vt 0.119412 0.804551
vt 0.094490 0.804551
vt 0.103836 0.806109
vt 0.100721 0.806109
vt 0.125643 0.806109
vt 0.122528 0.806109
vt 0.097606 0.806109
vt 0.119412 0.806109
vt 0.094490 0.806109
vt 0.116297 0.806109
vt 0.091375 0.806109
vt 0.113182 0.806109
vt 0.088260 0.806109
vt 0.110067 0.806109
vt 0.085145 0.806109
vt 0.106951 0.806109
vt 0.082029 0.806109
vt 0.128758 0.805330
vt 0.078914 0.805330
vt 0.091375 0.807666
vt 0.088260 0.807666
vt 0.113182 0.807666
vt 0.110067 0.807666
vt 0.085145 0.807666
vt 0.106951 0.807666
vt 0.082029 0.807666
vt 0.103836 0.807666
vt 0.128758 0.806888
vt 0.125643 0.807666
vt 0.078914 0.806888
vt 0.100721 0.807666
vt 0.122528 0.807666
vt 0.097606 0.807666
vt 0.119412 0.807666
vt 0.094490 0.807666
vt 0.116297 0.807666
vt 0.122528 0.757822
vt 0.125643 0.757822
vt 0.125643 0.759380
vt 0.122528 0.759380
vt 0.097606 0.757822
vt 0.100721 0.757822
vt 0.100721 0.759380
vt 0.097606 0.759380
vt 0.119412 0.757822
vt 0.119412 0.759380
vt 0.094490 0.757822
vt 0.094490 0.759380
vt 0.116297 0.757822
vt 0.116297 0.759380
vt 0.091375 0.757822
vt 0.091375 0.759380
vt 0.113182 0.757822
vt 0.113182 0.759380
vt 0.088260 0.757822
vt 0.088260 0.759380
vt 0.110067 0.757822
vt 0.110067 0.759380
vt 0.085145 0.757822
vt 0.085145 0.759380
vt 0.106951 0.757822
vt 0.106951 0.759380
vt 0.082029 0.757822
vt 0.082029 0.759380
vt 0.103836 0.757822
vt 0.103836 0.759380
vt 0.128758 0.758601
vt 0.078914 0.758601
vt 0.113182 0.760938
vt 0.110067 0.760938
vt 0.088260 0.760938
vt 0.085145 0.760938
vt 0.106951 0.760938
vt 0.082029 0.760938
vt 0.103836 0.760938
vt 0.128758 0.760159
vt 0.125643 0.760938
vt 0.078914 0.760159
vt 0.100721 0.760938
vt 0.122528 0.760938
vt 0.097606 0.760938
vt 0.119412 0.760938
vt 0.094490 0.760938
vt 0.116297 0.760938
vt 0.091375 0.760938
vt 0.100721 0.762495
vt 0.097606 0.762495
vt 0.122528 0.762495
vt 0.119412 0.762495
vt 0.094490 0.762495
vt 0.116297 0.762495
vt 0.091375 0.762495
vt 0.113182 0.762495
vt 0.088260 0.762495
vt 0.110067 0.762495
vt 0.085145 0.762495
vt 0.106951 0.762495
vt 0.082029 0.762495
vt 0.103836 0.762495
vt 0.128758 0.761716
vt 0.125643 0.762495
vt 0.078914 0.761716
vt 0.088260 0.764053
vt 0.085145 0.764053
vt 0.110067 0.764053
vt 0.106951 0.764053
vt 0.082029 0.764053
vt 0.103836 0.764053
vt 0.128758 0.763274
vt 0.125643 0.764053
vt 0.078914 0.763274
vt 0.100721 0.764053
vt 0.122528 0.764053
vt 0.097606 0.764053
vt 0.119412 0.764053
vt 0.094490 0.764053
vt 0.116297 0.764053
vt 0.091375 0.764053
vt 0.113182 0.764053
vt 0.097606 0.765611
vt 0.094490 0.765611
vt 0.119412 0.765611
vt 0.116297 0.765611
vt 0.091375 0.765611
vt 0.113182 0.765611
vt 0.088260 0.765611
vt 0.110067 0.765611
vt 0.085145 0.765611
vt 0.106951 0.765611
vt 0.082029 0.765611
vt 0.103836 0.765611
vt 0.128758 0.764832
vt 0.125643 0.765611
vt 0.078914 0.764832
vt 0.100721 0.765611
vt 0.122528 0.765611
vt 0.085145 0.767168
vt 0.082029 0.767168
vt 0.106951 0.767168
vt 0.103836 0.767168
vt 0.128758 0.766389
vt 0.125643 0.767168
vt 0.078914 0.766389
vt 0.100721 0.767168
vt 0.122528 0.767168
vt 0.097606 0.767168
vt 0.119412 0.767168
vt 0.094490 0.767168
vt 0.116297 0.767168
vt 0.091375 0.767168
vt 0.113182 0.767168
vt 0.088260 0.767168
vt 0.110067 0.767168
vt 0.119412 0.768726
vt 0.116297 0.768726
vt 0.094490 0.768726
vt 0.091375 0.768726
vt 0.113182 0.768726
vt 0.088260 0.768726
vt 0.110067 0.768726
vt 0.085145 0.768726
vt 0.106951 0.768726
vt 0.082029 0.768726
vt 0.103836 0.768726
vt 0.128758 0.767947
vt 0.125643 0.768726
vt 0.078914 0.767947
vt 0.100721 0.768726
vt 0.122528 0.768726
vt 0.097606 0.768726
vt 0.128758 0.769505
vt 0.078914 0.769505
s 0
usemtl マテリアル.004
f 650/186/21 649/187/21 188/188/21 189/189/21
f 172/190/22 171/191/22 181/192/22 182/193/22
f 642/194/23 250/195/23 175/196/23
f 476/197/24 650/186/24 189/189/24
f 173/198/25 172/190/25 182/193/25 183/199/25
f 643/200/26 642/194/26 175/196/26 176/201/26
f 646/202/27 173/198/27 183/199/27 184/203/27
f 169/204/28 643/200/28 176/201/28 177/205/28
f 174/206/29 646/202/29 184/203/29 185/207/29
f 644/208/30 169/204/30 177/205/30 178/209/30
f 647/210/31 174/206/31 185/207/31 186/211/31
f 170/212/32 644/208/32 178/209/32 179/213/32
f 648/214/33 647/210/33 186/211/33 187/215/33
f 645/216/34 170/212/34 179/213/34 180/217/34
f 649/187/35 648/214/35 187/215/35 188/188/35
f 171/191/36 645/216/36 180/217/36 181/192/36
f 188/188/37 187/215/37 202/218/37 203/219/37
f 181/192/38 180/217/38 195/220/38 196/221/38
f 189/189/39 188/188/39 203/219/39 204/222/39
f 182/193/40 181/192/40 196/221/40 197/223/40
f 175/196/41 250/224/41 190/225/41
f 476/226/42 189/189/42 204/222/42
f 183/199/43 182/193/43 197/223/43 198/227/43
f 176/201/44 175/196/44 190/225/44 191/228/44
f 184/203/45 183/199/45 198/227/45 199/229/45
f 177/205/46 176/201/46 191/228/46 192/230/46
f 185/207/47 184/203/47 199/229/47 200/231/47
f 178/209/48 177/205/48 192/230/48 193/232/48
f 186/211/49 185/207/49 200/231/49 201/233/49
f 179/213/50 178/209/50 193/232/50 194/234/50
f 187/215/51 186/211/51 201/233/51 202/218/51
f 180/217/52 179/213/52 194/234/52 195/220/52
f 192/230/53 191/228/53 206/235/53 207/236/53
f 200/231/54 199/229/54 214/237/54 215/238/54
f 193/232/55 192/230/55 207/236/55 208/239/55
f 201/233/56 200/231/56 215/238/56 216/240/56
f 194/234/57 193/232/57 208/239/57 209/241/57
f 202/218/58 201/233/58 216/240/58 217/242/58
f 195/220/59 194/234/59 209/241/59 210/243/59
f 203/219/60 202/218/60 217/242/60 218/244/60
f 196/221/61 195/220/61 210/243/61 211/245/61
f 204/222/62 203/219/62 218/244/62 219/246/62
f 197/223/63 196/221/63 211/245/63 212/247/63
f 190/225/64 250/248/64 205/249/64
f 476/250/65 204/222/65 219/246/65
f 198/227/66 197/223/66 212/247/66 213/251/66
f 191/228/67 190/225/67 205/249/67 206/235/67
f 199/229/68 198/227/68 213/251/68 214/237/68
f 211/245/69 210/243/69 225/252/69 226/253/69
f 219/246/70 218/244/70 233/254/70 234/255/70
f 212/247/71 211/245/71 226/253/71 227/256/71
f 205/249/72 250/257/72 220/258/72
f 476/259/73 219/246/73 234/255/73
f 213/251/74 212/247/74 227/256/74 228/260/74
f 206/235/75 205/249/75 220/258/75 221/261/75
f 214/237/76 213/251/76 228/260/76 229/262/76
f 207/236/77 206/235/77 221/261/77 222/263/77
f 215/238/78 214/237/78 229/262/78 230/264/78
f 208/239/79 207/236/79 222/263/79 223/265/79
f 216/240/80 215/238/80 230/264/80 231/266/80
f 209/241/81 208/239/81 223/265/81 224/267/81
f 217/242/82 216/240/82 231/266/82 232/268/82
f 210/243/83 209/241/83 224/267/83 225/252/83
f 218/244/84 217/242/84 232/268/84 233/254/84
f 230/264/85 229/262/85 244/269/85 245/270/85
f 223/265/86 222/263/86 237/271/86 238/272/86
f 231/266/87 230/264/87 245/270/87 246/273/87
f 224/267/88 223/265/88 238/272/88 239/274/88
f 232/268/89 231/266/89 246/273/89 247/275/89
f 225/252/90 224/267/90 239/274/90 240/276/90
f 233/254/91 232/268/91 247/275/91 248/277/91
f 226/253/92 225/252/92 240/276/92 241/278/92
f 234/255/93 233/254/93 248/277/93 249/279/93
f 227/256/94 226/253/94 241/278/94 242/280/94
f 220/258/95 250/281/95 235/282/95
f 476/283/96 234/255/96 249/279/96
f 228/260/97 227/256/97 242/280/97 243/284/97
f 221/261/98 220/258/98 235/282/98 236/285/98
f 229/262/99 228/260/99 243/284/99 244/269/99
f 222/263/100 221/261/100 236/285/100 237/271/100
f 249/279/101 248/277/101 264/286/101 265/287/101
f 242/280/102 241/278/102 257/288/102 258/289/102
f 235/282/103 250/290/103 251/291/103
f 476/292/104 249/279/104 265/287/104
f 243/284/105 242/280/105 258/289/105 259/293/105
f 236/285/106 235/282/106 251/291/106 252/294/106
f 244/269/107 243/284/107 259/293/107 260/295/107
f 237/271/108 236/285/108 252/294/108 253/296/108
f 245/270/109 244/269/109 260/295/109 261/297/109
f 238/272/110 237/271/110 253/296/110 254/298/110
f 246/273/111 245/270/111 261/297/111 262/299/111
f 239/274/112 238/272/112 254/298/112 255/300/112
f 247/275/113 246/273/113 262/299/113 263/301/113
f 240/276/114 239/274/114 255/300/114 256/302/114
f 248/277/115 247/275/115 263/301/115 264/286/115
f 241/278/116 240/276/116 256/302/116 257/288/116
f 254/298/117 253/296/117 268/303/117 269/304/117
f 262/299/118 261/297/118 276/305/118 277/306/118
f 255/300/119 254/298/119 269/304/119 270/307/119
f 263/301/120 262/299/120 277/306/120 278/308/120
f 256/302/121 255/300/121 270/307/121 271/309/121
f 264/286/122 263/301/122 278/308/122 279/310/122
f 257/288/123 256/302/123 271/309/123 272/311/123
f 265/287/124 264/286/124 279/310/124 280/312/124
f 258/289/125 257/288/125 272/311/125 273/313/125
f 251/291/126 250/314/126 266/315/126
f 476/316/127 265/287/127 280/312/127
f 259/293/128 258/289/128 273/313/128 274/317/128
f 252/294/129 251/291/129 266/315/129 267/318/129
f 260/295/130 259/293/130 274/317/130 275/319/130
f 253/296/131 252/294/131 267/318/131 268/303/131
f 261/297/132 260/295/132 275/319/132 276/305/132
f 273/313/133 272/311/133 287/320/133 288/321/133
f 266/315/134 250/322/134 281/323/134
f 476/324/135 280/312/135 295/325/135
f 274/317/136 273/313/136 288/321/136 289/326/136
f 267/318/137 266/315/137 281/323/137 282/327/137
f 275/319/138 274/317/138 289/326/138 290/328/138
f 268/303/139 267/318/139 282/327/139 283/329/139
f 276/305/140 275/319/140 290/328/140 291/330/140
f 269/304/141 268/303/141 283/329/141 284/331/141
f 277/306/142 276/305/142 291/330/142 292/332/142
f 270/307/143 269/304/143 284/331/143 285/333/143
f 278/308/144 277/306/144 292/332/144 293/334/144
f 271/309/145 270/307/145 285/333/145 286/335/145
f 279/310/146 278/308/146 293/334/146 294/336/146
f 272/311/147 271/309/147 286/335/147 287/320/147
f 280/312/148 279/310/148 294/336/148 295/325/148
f 292/332/149 291/330/149 306/337/149 307/338/149
f 285/333/150 284/331/150 299/339/150 300/340/150
f 293/334/151 292/332/151 307/338/151 308/341/151
f 286/335/152 285/333/152 300/340/152 301/342/152
f 294/336/153 293/334/153 308/341/153 309/343/153
f 287/320/154 286/335/154 301/342/154 302/344/154
f 295/325/155 294/336/155 309/343/155 310/345/155
f 288/321/156 287/320/156 302/344/156 303/346/156
f 281/323/157 250/347/157 296/348/157
f 476/349/158 295/325/158 310/345/158
f 289/326/159 288/321/159 303/346/159 304/350/159
f 282/327/160 281/323/160 296/348/160 297/351/160
f 290/328/161 289/326/161 304/350/161 305/352/161
f 283/329/162 282/327/162 297/351/162 298/353/162
f 291/330/163 290/328/163 305/352/163 306/337/163
f 284/331/164 283/329/164 298/353/164 299/339/164
f 476/354/165 310/345/165 325/355/165
f 304/350/166 303/346/166 318/356/166 319/357/166
f 297/351/167 296/348/167 311/358/167 312/359/167
f 305/352/168 304/350/168 319/357/168 320/360/168
f 298/353/169 297/351/169 312/359/169 313/361/169
f 306/337/170 305/352/170 320/360/170 321/362/170
f 299/339/171 298/353/171 313/361/171 314/363/171
f 307/338/172 306/337/172 321/362/172 322/364/172
f 300/340/173 299/339/173 314/363/173 315/365/173
f 308/341/174 307/338/174 322/364/174 323/366/174
f 301/342/175 300/340/175 315/365/175 316/367/175
f 309/343/176 308/341/176 323/366/176 324/368/176
f 302/344/177 301/342/177 316/367/177 317/369/177
f 310/345/178 309/343/178 324/368/178 325/355/178
f 303/346/179 302/344/179 317/369/179 318/356/179
f 296/348/180 250/370/180 311/358/180
f 323/366/181 322/364/181 337/371/181 338/372/181
f 316/367/182 315/365/182 330/373/182 331/374/182
f 324/368/183 323/366/183 338/372/183 339/375/183
f 317/369/184 316/367/184 331/374/184 332/376/184
f 325/355/185 324/368/185 339/375/185 340/377/185
f 318/356/186 317/369/186 332/376/186 333/378/186
f 311/358/187 250/379/187 326/380/187
f 476/381/188 325/355/188 340/377/188
f 319/357/189 318/356/189 333/378/189 334/382/189
f 312/359/190 311/358/190 326/380/190 327/383/190
f 320/360/191 319/357/191 334/382/191 335/384/191
f 313/361/192 312/359/192 327/383/192 328/385/192
f 321/362/193 320/360/193 335/384/193 336/386/193
f 314/363/194 313/361/194 328/385/194 329/387/194
f 322/364/195 321/362/195 336/386/195 337/371/195
f 315/365/196 314/363/196 329/387/196 330/373/196
f 327/383/197 326/380/197 341/388/197 342/389/197
f 335/384/198 334/382/198 349/390/198 350/391/198
f 328/385/199 327/383/199 342/389/199 343/392/199
f 336/386/200 335/384/200 350/391/200 351/393/200
f 329/387/201 328/385/201 343/392/201 344/394/201
f 337/371/202 336/386/202 351/393/202 352/395/202
f 330/373/203 329/387/203 344/394/203 345/396/203
f 338/372/204 337/371/204 352/395/204 353/397/204
f 331/374/205 330/373/205 345/396/205 346/398/205
f 339/375/206 338/372/206 353/397/206 354/399/206
f 332/376/207 331/374/207 346/398/207 347/400/207
f 340/377/208 339/375/208 354/399/208 355/401/208
f 333/378/209 332/376/209 347/400/209 348/402/209
f 326/380/210 250/403/210 341/388/210
f 476/404/211 340/377/211 355/401/211
f 334/382/212 333/378/212 348/402/212 349/390/212
f 346/398/213 345/396/213 360/405/213 361/406/213
f 354/399/214 353/397/214 368/407/214 369/408/214
f 347/400/215 346/398/215 361/406/215 362/409/215
f 355/401/216 354/399/216 369/408/216 370/410/216
f 348/402/217 347/400/217 362/409/217 363/411/217
f 341/388/218 250/412/218 356/413/218
f 476/414/219 355/401/219 370/410/219
f 349/390/220 348/402/220 363/411/220 364/415/220
f 342/389/221 341/388/221 356/413/221 357/416/221
f 350/391/222 349/390/222 364/415/222 365/417/222
f 343/392/223 342/389/223 357/416/223 358/418/223
f 351/393/224 350/391/224 365/417/224 366/419/224
f 344/394/225 343/392/225 358/418/225 359/420/225
f 352/395/226 351/393/226 366/419/226 367/421/226
f 345/396/227 344/394/227 359/420/227 360/405/227
f 353/397/228 352/395/228 367/421/228 368/407/228
f 365/417/229 364/415/229 379/422/229 380/423/229
f 358/418/230 357/416/230 372/424/230 373/425/230
f 366/419/231 365/417/231 380/423/231 381/426/231
f 359/420/232 358/418/232 373/425/232 374/427/232
f 367/421/233 366/419/233 381/426/233 382/428/233
f 360/405/234 359/420/234 374/427/234 375/429/234
f 368/407/235 367/421/235 382/428/235 383/430/235
f 361/406/236 360/405/236 375/429/236 376/431/236
f 369/408/237 368/407/237 383/430/237 384/432/237
f 362/409/238 361/406/238 376/431/238 377/433/238
f 370/410/239 369/408/239 384/432/239 385/434/239
f 363/411/240 362/409/240 377/433/240 378/435/240
f 356/413/241 250/436/241 371/437/241
f 476/438/242 370/410/242 385/434/242
f 364/415/243 363/411/243 378/435/243 379/422/243
f 357/416/244 356/413/244 371/437/244 372/424/244
f 384/432/245 383/430/245 398/439/245 399/440/245
f 377/433/246 376/431/246 391/441/246 392/442/246
f 385/434/247 384/432/247 399/440/247 400/443/247
f 378/435/248 377/433/248 392/442/248 393/444/248
f 371/437/249 250/445/249 386/446/249
f 476/447/250 385/434/250 400/443/250
f 379/422/251 378/435/251 393/444/251 394/448/251
f 372/424/252 371/437/252 386/446/252 387/449/252
f 380/423/253 379/422/253 394/448/253 395/450/253
f 373/425/254 372/424/254 387/449/254 388/451/254
f 381/426/255 380/423/255 395/450/255 396/452/255
f 374/427/256 373/425/256 388/451/256 389/453/256
f 382/428/257 381/426/257 396/452/257 397/454/257
f 375/429/258 374/427/258 389/453/258 390/455/258
f 383/430/259 382/428/259 397/454/259 398/439/259
f 376/431/260 375/429/260 390/455/260 391/441/260
f 388/451/261 387/449/261 402/456/261 403/457/261
f 396/452/262 395/450/262 410/458/262 411/459/262
f 389/453/263 388/451/263 403/457/263 404/460/263
f 397/454/264 396/452/264 411/459/264 412/461/264
f 390/455/265 389/453/265 404/460/265 405/462/265
f 398/439/266 397/454/266 412/461/266 413/463/266
f 391/441/267 390/455/267 405/462/267 406/464/267
f 399/440/268 398/439/268 413/463/268 414/465/268
f 392/442/269 391/441/269 406/464/269 407/466/269
f 400/443/270 399/440/270 414/465/270 415/467/270
f 393/444/271 392/442/271 407/466/271 408/468/271
f 386/446/272 250/469/272 401/470/272
f 476/471/273 400/443/273 415/467/273
f 394/448/274 393/444/274 408/468/274 409/472/274
f 387/449/275 386/446/275 401/470/275 402/456/275
f 395/450/276 394/448/276 409/472/276 410/458/276
f 407/466/277 406/464/277 421/473/277 422/474/277
f 415/467/278 414/465/278 429/475/278 430/476/278
f 408/468/279 407/466/279 422/474/279 423/477/279
f 401/470/280 250/478/280 416/479/280
f 476/480/281 415/467/281 430/476/281
f 409/472/282 408/468/282 423/477/282 424/481/282
f 402/456/283 401/470/283 416/479/283 417/482/283
f 410/458/284 409/472/284 424/481/284 425/483/284
f 403/457/285 402/456/285 417/482/285 418/484/285
f 411/459/286 410/458/286 425/483/286 426/485/286
f 404/460/287 403/457/287 418/484/287 419/486/287
f 412/461/288 411/459/288 426/485/288 427/487/288
f 405/462/289 404/460/289 419/486/289 420/488/289
f 413/463/290 412/461/290 427/487/290 428/489/290
f 406/464/291 405/462/291 420/488/291 421/473/291
f 414/465/292 413/463/292 428/489/292 429/475/292
f 426/485/293 425/483/293 440/490/293 441/491/293
f 419/486/294 418/484/294 433/492/294 434/493/294
f 427/487/295 426/485/295 441/491/295 442/494/295
f 420/488/296 419/486/296 434/493/296 435/495/296
f 428/489/297 427/487/297 442/494/297 443/496/297
f 421/473/298 420/488/298 435/495/298 436/497/298
f 429/475/299 428/489/299 443/496/299 444/498/299
f 422/474/300 421/473/300 436/497/300 437/499/300
f 430/476/301 429/475/301 444/498/301 445/500/301
f 423/477/302 422/474/302 437/499/302 438/501/302
f 416/479/303 250/502/303 431/503/303
f 476/504/304 430/476/304 445/500/304
f 424/481/305 423/477/305 438/501/305 439/505/305
f 417/482/306 416/479/306 431/503/306 432/506/306
f 425/483/307 424/481/307 439/505/307 440/490/307
f 418/484/308 417/482/308 432/506/308 433/492/308
f 445/500/309 444/498/309 459/507/309 460/508/309
f 438/501/310 437/499/310 452/509/310 453/510/310
f 431/503/311 250/511/311 446/512/311
f 476/513/312 445/500/312 460/508/312
f 439/505/313 438/501/313 453/510/313 454/514/313
f 432/506/314 431/503/314 446/512/314 447/515/314
f 440/490/315 439/505/315 454/514/315 455/516/315
f 433/492/316 432/506/316 447/515/316 448/517/316
f 441/491/317 440/490/317 455/516/317 456/518/317
f 434/493/318 433/492/318 448/517/318 449/519/318
f 442/494/319 441/491/319 456/518/319 457/520/319
f 435/495/320 434/493/320 449/519/320 450/521/320
f 443/496/321 442/494/321 457/520/321 458/522/321
f 436/497/322 435/495/322 450/521/322 451/523/322
f 444/498/323 443/496/323 458/522/323 459/507/323
f 437/499/324 436/497/324 451/523/324 452/509/324
f 457/520/325 456/518/325 471/524/325 472/525/325
f 450/521/326 449/519/326 464/526/326 465/527/326
f 458/522/327 457/520/327 472/525/327 473/528/327
f 451/523/328 450/521/328 465/527/328 466/529/328
f 459/507/329 458/522/329 473/528/329 474/530/329
f 452/509/330 451/523/330 466/529/330 467/531/330
f 460/508/331 459/507/331 474/530/331 475/532/331
f 453/510/332 452/509/332 467/531/332 468/533/332
f 446/512/333 250/534/333 461/535/333
f 476/536/334 460/508/334 475/532/334
f 454/514/335 453/510/335 468/533/335 469/537/335
f 447/515/336 446/512/336 461/535/336 462/538/336
f 455/516/337 454/514/337 469/537/337 470/539/337
f 448/517/338 447/515/338 462/538/338 463/540/338
f 456/518/339 455/516/339 470/539/339 471/524/339
f 449/519/340 448/517/340 463/540/340 464/526/340
f 461/535/341 250/541/341 477/542/341
f 476/543/342 475/532/342 491/544/342
f 469/537/343 468/533/343 484/545/343 485/546/343
f 462/538/344 461/535/344 477/542/344 478/547/344
f 470/539/345 469/537/345 485/546/345 486/548/345
f 463/540/346 462/538/346 478/547/346 479/549/346
f 471/524/347 470/539/347 486/548/347 487/550/347
f 464/526/348 463/540/348 479/549/348 480/551/348
f 472/525/349 471/524/349 487/550/349 488/552/349
f 465/527/350 464/526/350 480/551/350 481/553/350
f 473/528/351 472/525/351 488/552/351 489/554/351
f 466/529/352 465/527/352 481/553/352 482/555/352
f 474/530/353 473/528/353 489/554/353 490/556/353
f 467/531/354 466/529/354 482/555/354 483/557/354
f 475/532/355 474/530/355 490/556/355 491/544/355
f 468/533/356 467/531/356 483/557/356 484/545/356
f 481/553/357 480/551/357 495/558/357 496/559/357
f 489/554/358 488/552/358 503/560/358 504/561/358
f 482/555/359 481/553/359 496/559/359 497/562/359
f 490/556/360 489/554/360 504/561/360 505/563/360
f 483/557/361 482/555/361 497/562/361 498/564/361
f 491/544/362 490/556/362 505/563/362 506/565/362
f 484/545/363 483/557/363 498/564/363 499/566/363
f 477/542/364 250/567/364 492/568/364
f 476/569/365 491/544/365 506/565/365
f 485/546/366 484/545/366 499/566/366 500/570/366
f 478/547/367 477/542/367 492/568/367 493/571/367
f 486/548/368 485/546/368 500/570/368 501/572/368
f 479/549/369 478/547/369 493/571/369 494/573/369
f 487/550/370 486/548/370 501/572/370 502/574/370
f 480/551/371 479/549/371 494/573/371 495/558/371
f 488/552/372 487/550/372 502/574/372 503/560/372
f 500/570/373 499/566/373 514/575/373 515/576/373
f 493/571/374 492/568/374 507/577/374 508/578/374
f 501/572/375 500/570/375 515/576/375 516/579/375
f 494/573/376 493/571/376 508/578/376 509/580/376
f 502/574/377 501/572/377 516/579/377 517/581/377
f 495/558/378 494/573/378 509/580/378 510/582/378
f 503/560/379 502/574/379 517/581/379 518/583/379
f 496/559/380 495/558/380 510/582/380 511/584/380
f 504/561/381 503/560/381 518/583/381 519/585/381
f 497/562/382 496/559/382 511/584/382 512/586/382
f 505/563/383 504/561/383 519/585/383 520/587/383
f 498/564/384 497/562/384 512/586/384 513/588/384
f 506/565/385 505/563/385 520/587/385 521/589/385
f 499/566/386 498/564/386 513/588/386 514/575/386
f 492/568/387 250/590/387 507/577/387
f 476/591/388 506/565/388 521/589/388
f 519/585/389 518/583/389 533/592/389 534/593/389
f 512/586/390 511/584/390 526/594/390 527/595/390
f 520/587/391 519/585/391 534/593/391 535/596/391
f 513/588/392 512/586/392 527/595/392 528/597/392
f 521/589/393 520/587/393 535/596/393 536/598/393
f 514/575/394 513/588/394 528/597/394 529/599/394
f 507/577/395 250/600/395 522/601/395
f 476/602/396 521/589/396 536/598/396
f 515/576/397 514/575/397 529/599/397 530/603/397
f 508/578/398 507/577/398 522/601/398 523/604/398
f 516/579/399 515/576/399 530/603/399 531/605/399
f 509/580/400 508/578/400 523/604/400 524/606/400
f 517/581/401 516/579/401 531/605/401 532/607/401
f 510/582/402 509/580/402 524/606/402 525/608/402
f 518/583/403 517/581/403 532/607/403 533/592/403
f 511/584/404 510/582/404 525/608/404 526/594/404
f 523/609/405 522/610/405 537/611/405 538/612/405
f 531/613/406 530/614/406 545/615/406 546/616/406
f 524/617/407 523/609/407 538/612/407 539/618/407
f 532/619/408 531/613/408 546/616/408 547/620/408
f 525/621/409 524/617/409 539/618/409 540/622/409
f 533/623/410 532/619/410 547/620/410 548/624/410
f 526/625/411 525/621/411 540/622/411 541/626/411
f 534/627/412 533/623/412 548/624/412 549/628/412
f 527/629/413 526/625/413 541/626/413 542/630/413
f 535/631/414 534/627/414 549/628/414 550/632/414
f 528/633/415 527/629/415 542/630/415 543/634/415
f 536/635/416 535/631/416 550/632/416 551/636/416
f 529/637/417 528/633/417 543/634/417 544/638/417
f 522/610/418 250/639/418 537/611/418
f 476/640/419 536/635/419 551/636/419
f 530/614/420 529/637/420 544/638/420 545/615/420
f 542/630/421 541/626/421 556/641/421 557/642/421
f 550/632/422 549/628/422 564/643/422 565/644/422
f 543/634/423 542/630/423 557/642/423 558/645/423
f 551/636/424 550/632/424 565/644/424 566/646/424
f 544/638/425 543/634/425 558/645/425 559/647/425
f 537/611/426 250/648/426 552/649/426
f 476/650/427 551/636/427 566/646/427
f 545/615/428 544/638/428 559/647/428 560/651/428
f 538/612/429 537/611/429 552/649/429 553/652/429
f 546/616/430 545/615/430 560/651/430 561/653/430
f 539/618/431 538/612/431 553/652/431 554/654/431
f 547/620/432 546/616/432 561/653/432 562/655/432
f 540/622/433 539/618/433 554/654/433 555/656/433
f 548/624/434 547/620/434 562/655/434 563/657/434
f 541/626/435 540/622/435 555/656/435 556/641/435
f 549/628/436 548/624/436 563/657/436 564/643/436
f 561/653/437 560/651/437 575/658/437 576/659/437
f 554/654/438 553/652/438 568/660/438 569/661/438
f 562/655/439 561/653/439 576/659/439 577/662/439
f 555/656/440 554/654/440 569/661/440 570/663/440
f 563/657/441 562/655/441 577/662/441 578/664/441
f 556/641/442 555/656/442 570/663/442 571/665/442
f 564/643/443 563/657/443 578/664/443 579/666/443
f 557/642/444 556/641/444 571/665/444 572/667/444
f 565/644/445 564/643/445 579/666/445 580/668/445
f 558/645/446 557/642/446 572/667/446 573/669/446
f 566/646/447 565/644/447 580/668/447 581/670/447
f 559/647/448 558/645/448 573/669/448 574/671/448
f 552/649/449 250/672/449 567/673/449
f 476/674/450 566/646/450 581/670/450
f 560/651/451 559/647/451 574/671/451 575/658/451
f 553/652/452 552/649/452 567/673/452 568/660/452
f 580/668/453 579/666/453 594/675/453 595/676/453
f 573/669/454 572/667/454 587/677/454 588/678/454
f 581/670/455 580/668/455 595/676/455 596/679/455
f 574/671/456 573/669/456 588/678/456 589/680/456
f 567/673/457 250/681/457 582/682/457
f 476/683/458 581/670/458 596/679/458
f 575/658/459 574/671/459 589/680/459 590/684/459
f 568/660/460 567/673/460 582/682/460 583/685/460
f 576/659/461 575/658/461 590/684/461 591/686/461
f 569/661/462 568/660/462 583/685/462 584/687/462
f 577/662/463 576/659/463 591/686/463 592/688/463
f 570/663/464 569/661/464 584/687/464 585/689/464
f 578/664/465 577/662/465 592/688/465 593/690/465
f 571/665/466 570/663/466 585/689/466 586/691/466
f 579/666/467 578/664/467 593/690/467 594/675/467
f 572/667/468 571/665/468 586/691/468 587/677/468
f 592/688/469 591/686/469 606/692/469 607/693/469
f 585/689/470 584/687/470 599/694/470 600/695/470
f 593/690/471 592/688/471 607/693/471 608/696/471
f 586/691/472 585/689/472 600/695/472 601/697/472
f 594/675/473 593/690/473 608/696/473 609/698/473
f 587/677/474 586/691/474 601/697/474 602/699/474
f 595/676/475 594/675/475 609/698/475 610/700/475
f 588/678/476 587/677/476 602/699/476 603/701/476
f 596/679/477 595/676/477 610/700/477 611/702/477
f 589/680/478 588/678/478 603/701/478 604/703/478
f 582/682/479 250/704/479 597/705/479
f 476/706/480 596/679/480 611/702/480
f 590/684/481 589/680/481 604/703/481 605/707/481
f 583/685/482 582/682/482 597/705/482 598/708/482
f 591/686/483 590/684/483 605/707/483 606/692/483
f 584/687/484 583/685/484 598/708/484 599/694/484
f 611/702/485 610/700/485 625/709/485 626/710/485
f 604/703/486 603/701/486 618/711/486 619/712/486
f 597/705/487 250/713/487 612/714/487
f 476/715/488 611/702/488 626/710/488
f 605/707/489 604/703/489 619/712/489 620/716/489
f 598/708/490 597/705/490 612/714/490 613/717/490
f 606/692/491 605/707/491 620/716/491 621/718/491
f 599/694/492 598/708/492 613/717/492 614/719/492
f 607/693/493 606/692/493 621/718/493 622/720/493
f 600/695/494 599/694/494 614/719/494 615/721/494
f 608/696/495 607/693/495 622/720/495 623/722/495
f 601/697/496 600/695/496 615/721/496 616/723/496
f 609/698/497 608/696/497 623/722/497 624/724/497
f 602/699/498 601/697/498 616/723/498 617/725/498
f 610/700/499 609/698/499 624/724/499 625/709/499
f 603/701/500 602/699/500 617/725/500 618/711/500
f 615/721/501 614/719/501 629/726/501 630/727/501
f 623/722/502 622/720/502 637/728/502 638/729/502
f 616/723/503 615/721/503 630/727/503 631/730/503
f 624/724/504 623/722/504 638/729/504 639/731/504
f 617/725/505 616/723/505 631/730/505 632/732/505
f 625/709/506 624/724/506 639/731/506 640/733/506
f 618/711/507 617/725/507 632/732/507 633/734/507
f 626/710/508 625/709/508 640/733/508 641/735/508
f 619/712/509 618/711/509 633/734/509 634/736/509
f 612/714/510 250/737/510 627/738/510
f 476/739/511 626/710/511 641/735/511
f 620/716/512 619/712/512 634/736/512 635/740/512
f 613/717/513 612/714/513 627/738/513 628/741/513
f 621/718/514 620/716/514 635/740/514 636/742/514
f 614/719/515 613/717/515 628/741/515 629/726/515
f 622/720/516 621/718/516 636/742/516 637/728/516
f 634/736/517 633/734/517 171/191/517 172/190/517
f 627/738/518 250/743/518 642/194/518
f 476/744/519 641/735/519 650/186/519
f 635/740/520 634/736/520 172/190/520 173/198/520
f 628/741/521 627/738/521 642/194/521 643/200/521
f 636/742/522 635/740/522 173/198/522 646/202/522
f 629/726/523 628/741/523 643/200/523 169/204/523
f 637/728/524 636/742/524 646/202/524 174/206/524
f 630/727/525 629/726/525 169/204/525 644/208/525
f 638/729/526 637/728/526 174/206/526 647/210/526
f 631/730/527 630/727/527 644/208/527 170/212/527
f 639/731/528 638/729/528 647/210/528 648/214/528
f 632/732/529 631/730/529 170/212/529 645/216/529
f 640/733/530 639/731/530 648/214/530 649/187/530
f 633/734/531 632/732/531 645/216/531 171/191/531
f 641/735/532 640/733/532 649/187/532 650/186/532
o 球.003
v -0.041660 -0.042314 0.804401
v -0.041660 -0.060493 0.786222
v -0.041660 -0.084245 0.776383
v -0.041660 -0.097100 0.775117
v -0.041660 -0.109954 0.776383
v -0.041660 -0.133707 0.786222
v -0.039152 -0.032475 0.828400
v -0.036740 -0.036225 0.816277
v -0.034518 -0.042314 0.805104
v -0.032570 -0.050508 0.795312
v -0.030971 -0.060493 0.787275
v -0.029783 -0.071884 0.781303
v -0.029052 -0.084245 0.777625
v -0.028805 -0.097100 0.776383
v -0.029052 -0.109954 0.777625
v -0.029783 -0.122315 0.781303
v -0.030971 -0.133707 0.787275
v -0.032570 -0.143692 0.795312
v -0.034518 -0.151886 0.805104
v -0.036740 -0.157975 0.816277
v -0.039152 -0.161725 0.828400
v -0.036740 -0.032475 0.829132
v -0.032010 -0.036225 0.817712
v -0.027651 -0.042314 0.807188
v -0.023830 -0.050508 0.797963
v -0.020694 -0.060493 0.790392
v -0.018364 -0.071884 0.784767
v -0.016929 -0.084245 0.781303
v -0.016444 -0.097100 0.780133
v -0.016929 -0.109954 0.781303
v -0.018364 -0.122315 0.784767
v -0.020694 -0.133707 0.790392
v -0.023830 -0.143692 0.797963
v -0.027651 -0.151886 0.807188
v -0.032010 -0.157975 0.817712
v -0.036740 -0.161725 0.829132
v -0.034518 -0.032475 0.830320
v -0.027651 -0.036225 0.820042
v -0.021322 -0.042314 0.810570
v -0.015775 -0.050508 0.802268
v -0.011222 -0.060493 0.795455
v -0.007839 -0.071884 0.790392
v -0.005756 -0.084245 0.787275
v -0.005053 -0.097100 0.786222
v -0.005756 -0.109954 0.787275
v -0.007839 -0.122315 0.790392
v -0.011222 -0.133707 0.795455
v -0.015775 -0.143692 0.802268
v -0.021322 -0.151886 0.810570
v -0.027651 -0.157975 0.820042
v -0.034518 -0.161725 0.830320
v -0.032570 -0.032475 0.831918
v -0.023830 -0.036225 0.823178
v -0.015775 -0.042314 0.815123
v -0.008714 -0.050508 0.808063
v -0.002920 -0.060493 0.802268
v 0.001386 -0.071884 0.797963
v 0.004037 -0.084245 0.795312
v 0.004932 -0.097100 0.794416
v 0.004037 -0.109954 0.795312
v 0.001386 -0.122315 0.797963
v -0.002920 -0.133707 0.802268
v -0.008714 -0.143692 0.808063
v -0.015775 -0.151886 0.815123
v -0.023830 -0.157975 0.823178
v -0.032570 -0.161725 0.831918
v -0.030971 -0.032475 0.833866
v -0.020694 -0.036225 0.826999
v -0.011222 -0.042314 0.820670
v -0.002920 -0.050508 0.815123
v 0.003893 -0.060493 0.810570
v 0.008956 -0.071884 0.807188
v 0.012074 -0.084245 0.805104
v 0.013127 -0.097100 0.804401
v 0.012074 -0.109954 0.805104
v 0.008956 -0.122315 0.807188
v 0.003893 -0.133707 0.810570
v -0.002920 -0.143692 0.815123
v -0.011222 -0.151886 0.820670
v -0.020694 -0.157975 0.826999
v -0.030971 -0.161725 0.833866
v -0.041660 -0.031209 0.841008
v -0.029783 -0.032475 0.836089
v -0.018364 -0.036225 0.831359
v -0.007839 -0.042314 0.826999
v 0.001386 -0.050508 0.823178
v 0.008956 -0.060493 0.820042
v 0.014582 -0.071884 0.817712
v 0.018046 -0.084245 0.816277
v 0.019216 -0.097100 0.815793
v 0.018046 -0.109954 0.816277
v 0.014582 -0.122315 0.817712
v 0.008956 -0.133707 0.820042
v 0.001386 -0.143692 0.823178
v -0.007839 -0.151886 0.826999
v -0.018364 -0.157975 0.831359
v -0.029783 -0.161725 0.836089
v -0.029052 -0.032475 0.838500
v -0.016929 -0.036225 0.836089
v -0.005756 -0.042314 0.833866
v 0.004037 -0.050508 0.831918
v 0.012074 -0.060493 0.830320
v 0.018046 -0.071884 0.829132
v 0.021723 -0.084245 0.828400
v 0.022965 -0.097100 0.828153
v 0.021723 -0.109954 0.828400
v 0.018046 -0.122315 0.829132
v 0.012074 -0.133707 0.830320
v 0.004037 -0.143692 0.831918
v -0.005756 -0.151886 0.833866
v -0.016929 -0.157975 0.836089
v -0.029052 -0.161725 0.838500
v -0.028805 -0.032475 0.841008
v -0.016444 -0.036225 0.841008
v -0.005053 -0.042314 0.841008
v 0.004932 -0.050508 0.841008
v 0.013127 -0.060493 0.841008
v 0.019216 -0.071884 0.841008
v 0.022965 -0.084245 0.841008
v 0.024231 -0.097100 0.841008
v 0.022965 -0.109954 0.841008
v 0.019216 -0.122315 0.841008
v 0.013127 -0.133707 0.841008
v 0.004932 -0.143692 0.841008
v -0.005053 -0.151886 0.841008
v -0.016444 -0.157975 0.841008
v -0.028805 -0.161725 0.841008
v -0.029052 -0.032475 0.843516
v -0.016929 -0.036225 0.845927
v -0.005756 -0.042314 0.848150
v 0.004037 -0.050508 0.850098
v 0.012074 -0.060493 0.851696
v 0.018046 -0.071884 0.852884
v 0.021723 -0.084245 0.853616
v 0.022965 -0.097100 0.853863
v 0.021723 -0.109954 0.853616
v 0.018046 -0.122315 0.852884
v 0.012074 -0.133707 0.851696
v 0.004037 -0.143692 0.850098
v -0.005756 -0.151886 0.848150
v -0.016929 -0.157975 0.845927
v -0.029052 -0.161725 0.843516
v -0.029783 -0.032475 0.845927
v -0.018364 -0.036225 0.850658
v -0.007839 -0.042314 0.855017
v 0.001386 -0.050508 0.858838
v 0.008956 -0.060493 0.861974
v 0.014582 -0.071884 0.864304
v 0.018046 -0.084245 0.865739
v 0.019216 -0.097100 0.866223
v 0.018046 -0.109954 0.865739
v 0.014582 -0.122315 0.864304
v 0.008956 -0.133707 0.861974
v 0.001386 -0.143692 0.858838
v -0.007839 -0.151886 0.855017
v -0.018364 -0.157975 0.850658
v -0.029783 -0.161725 0.845927
v -0.030971 -0.032475 0.848150
v -0.020694 -0.036225 0.855017
v -0.011222 -0.042314 0.861346
v -0.002920 -0.050508 0.866893
v 0.003893 -0.060493 0.871446
v 0.008956 -0.071884 0.874828
v 0.012074 -0.084245 0.876912
v 0.013127 -0.097100 0.877615
v 0.012074 -0.109954 0.876912
v 0.008956 -0.122315 0.874828
v 0.003893 -0.133707 0.871446
v -0.002920 -0.143692 0.866893
v -0.011222 -0.151886 0.861346
v -0.020694 -0.157975 0.855017
v -0.030971 -0.161725 0.848150
v -0.032570 -0.032475 0.850098
v -0.023830 -0.036225 0.858838
v -0.015775 -0.042314 0.866893
v -0.008714 -0.050508 0.873953
v -0.002920 -0.060493 0.879748
v 0.001386 -0.071884 0.884053
v 0.004037 -0.084245 0.886705
v 0.004932 -0.097100 0.887600
v 0.004037 -0.109954 0.886705
v 0.001386 -0.122315 0.884053
v -0.002920 -0.133707 0.879748
v -0.008714 -0.143692 0.873953
v -0.015775 -0.151886 0.866893
v -0.023830 -0.157975 0.858838
v -0.032570 -0.161725 0.850098
v -0.034518 -0.032475 0.851696
v -0.027651 -0.036225 0.861974
v -0.021322 -0.042314 0.871446
v -0.015775 -0.050508 0.879748
v -0.011222 -0.060493 0.886561
v -0.007839 -0.071884 0.891624
v -0.005756 -0.084245 0.894742
v -0.005053 -0.097100 0.895794
v -0.005756 -0.109954 0.894742
v -0.007839 -0.122315 0.891624
v -0.011222 -0.133707 0.886561
v -0.015775 -0.143692 0.879748
v -0.021322 -0.151886 0.871446
v -0.027651 -0.157975 0.861974
v -0.034518 -0.161725 0.851696
v -0.036740 -0.032475 0.852884
v -0.032010 -0.036225 0.864304
v -0.027651 -0.042314 0.874828
v -0.023830 -0.050508 0.884053
v -0.020694 -0.060493 0.891624
v -0.018364 -0.071884 0.897249
v -0.016929 -0.084245 0.900714
v -0.016444 -0.097100 0.901883
v -0.016929 -0.109954 0.900714
v -0.018364 -0.122315 0.897249
v -0.020694 -0.133707 0.891624
v -0.023830 -0.143692 0.884053
v -0.027651 -0.151886 0.874828
v -0.032010 -0.157975 0.864304
v -0.036740 -0.161725 0.852884
v -0.039152 -0.032475 0.853616
v -0.036740 -0.036225 0.865739
v -0.034518 -0.042314 0.876912
v -0.032570 -0.050508 0.886705
v -0.030971 -0.060493 0.894742
v -0.029783 -0.071884 0.900714
v -0.029052 -0.084245 0.904391
v -0.028805 -0.097100 0.905633
v -0.029052 -0.109954 0.904391
v -0.029783 -0.122315 0.900714
v -0.030971 -0.133707 0.894742
v -0.032570 -0.143692 0.886705
v -0.034518 -0.151886 0.876912
v -0.036740 -0.157975 0.865739
v -0.039152 -0.161725 0.853616
v -0.041660 -0.032475 0.853863
v -0.041660 -0.036225 0.866223
v -0.041660 -0.042314 0.877615
v -0.041660 -0.050508 0.887600
v -0.041660 -0.060493 0.895794
v -0.041660 -0.071884 0.901883
v -0.041660 -0.084245 0.905633
v -0.041660 -0.097100 0.906899
v -0.041660 -0.109954 0.905633
v -0.041660 -0.122315 0.901883
v -0.041660 -0.133707 0.895794
v -0.041660 -0.143692 0.887600
v -0.041660 -0.151886 0.877615
v -0.041660 -0.157975 0.866223
v -0.041660 -0.161725 0.853863
v -0.044167 -0.032475 0.853616
v -0.046579 -0.036225 0.865739
v -0.048801 -0.042314 0.876912
v -0.050749 -0.050508 0.886705
v -0.052348 -0.060493 0.894742
v -0.053536 -0.071884 0.900714
v -0.054267 -0.084245 0.904391
v -0.054514 -0.097100 0.905633
v -0.054267 -0.109954 0.904391
v -0.053536 -0.122315 0.900714
v -0.052348 -0.133707 0.894742
v -0.050749 -0.143692 0.886705
v -0.048801 -0.151886 0.876912
v -0.046579 -0.157975 0.865739
v -0.044167 -0.161725 0.853616
v -0.046579 -0.032475 0.852884
v -0.051309 -0.036225 0.864304
v -0.055668 -0.042314 0.874828
v -0.059490 -0.050508 0.884053
v -0.062625 -0.060493 0.891624
v -0.064955 -0.071884 0.897249
v -0.066390 -0.084245 0.900714
v -0.066875 -0.097100 0.901883
v -0.066390 -0.109954 0.900714
v -0.064955 -0.122315 0.897249
v -0.062625 -0.133707 0.891624
v -0.059490 -0.143692 0.884053
v -0.055668 -0.151886 0.874828
v -0.051309 -0.157975 0.864304
v -0.046579 -0.161725 0.852884
v -0.048801 -0.032475 0.851696
v -0.055668 -0.036225 0.861974
v -0.061997 -0.042314 0.871446
v -0.067545 -0.050508 0.879748
v -0.072097 -0.060493 0.886561
v -0.075480 -0.071884 0.891624
v -0.077563 -0.084245 0.894742
v -0.078267 -0.097100 0.895794
v -0.077563 -0.109954 0.894742
v -0.075480 -0.122315 0.891624
v -0.072097 -0.133707 0.886561
v -0.067545 -0.143692 0.879748
v -0.061997 -0.151886 0.871446
v -0.055668 -0.157975 0.861974
v -0.048801 -0.161725 0.851696
v -0.050749 -0.032475 0.850098
v -0.059490 -0.036225 0.858838
v -0.067545 -0.042314 0.866893
v -0.074605 -0.050508 0.873953
v -0.080399 -0.060493 0.879748
v -0.084705 -0.071884 0.884053
v -0.087356 -0.084245 0.886705
v -0.088251 -0.097100 0.887600
v -0.087356 -0.109954 0.886705
v -0.084705 -0.122315 0.884053
v -0.080399 -0.133707 0.879748
v -0.074605 -0.143692 0.873953
v -0.067545 -0.151886 0.866893
v -0.059490 -0.157975 0.858838
v -0.050749 -0.161725 0.850098
v -0.041660 -0.162991 0.841008
v -0.052348 -0.032475 0.848150
v -0.062625 -0.036225 0.855017
v -0.072097 -0.042314 0.861346
v -0.080399 -0.050508 0.866893
v -0.087213 -0.060493 0.871446
v -0.092275 -0.071884 0.874828
v -0.095393 -0.084245 0.876912
v -0.096446 -0.097100 0.877615
v -0.095393 -0.109954 0.876912
v -0.092275 -0.122315 0.874828
v -0.087213 -0.133707 0.871446
v -0.080399 -0.143692 0.866893
v -0.072097 -0.151886 0.861346
v -0.062625 -0.157975 0.855017
v -0.052348 -0.161725 0.848150
v -0.053536 -0.032475 0.845927
v -0.064955 -0.036225 0.850658
v -0.075480 -0.042314 0.855017
v -0.084705 -0.050508 0.858838
v -0.092275 -0.060493 0.861974
v -0.097901 -0.071884 0.864304
v -0.101365 -0.084245 0.865739
v -0.102535 -0.097100 0.866223
v -0.101365 -0.109954 0.865739
v -0.097901 -0.122315 0.864304
v -0.092275 -0.133707 0.861974
v -0.084705 -0.143692 0.858838
v -0.075480 -0.151886 0.855017
v -0.064955 -0.157975 0.850658
v -0.053536 -0.161725 0.845927
v -0.054267 -0.032475 0.843516
v -0.066390 -0.036225 0.845927
v -0.077563 -0.042314 0.848150
v -0.087356 -0.050508 0.850098
v -0.095393 -0.060493 0.851696
v -0.101365 -0.071884 0.852884
v -0.105043 -0.084245 0.853616
v -0.106284 -0.097100 0.853863
v -0.105043 -0.109954 0.853616
v -0.101365 -0.122315 0.852884
v -0.095393 -0.133707 0.851696
v -0.087356 -0.143692 0.850098
v -0.077563 -0.151886 0.848150
v -0.066390 -0.157975 0.845927
v -0.054267 -0.161725 0.843516
v -0.054514 -0.032475 0.841008
v -0.066875 -0.036225 0.841008
v -0.078267 -0.042314 0.841008
v -0.088251 -0.050508 0.841008
v -0.096446 -0.060493 0.841008
v -0.102535 -0.071884 0.841008
v -0.106284 -0.084245 0.841008
v -0.107550 -0.097100 0.841008
v -0.106284 -0.109954 0.841008
v -0.102535 -0.122315 0.841008
v -0.096446 -0.133707 0.841008
v -0.088251 -0.143692 0.841008
v -0.078267 -0.151886 0.841008
v -0.066875 -0.157975 0.841008
v -0.054514 -0.161725 0.841008
v -0.054267 -0.032475 0.838500
v -0.066390 -0.036225 0.836089
v -0.077563 -0.042314 0.833866
v -0.087356 -0.050508 0.831918
v -0.095393 -0.060493 0.830320
v -0.101365 -0.071884 0.829132
v -0.105043 -0.084245 0.828400
v -0.106284 -0.097100 0.828153
v -0.105043 -0.109954 0.828400
v -0.101365 -0.122315 0.829132
v -0.095393 -0.133707 0.830320
v -0.087356 -0.143692 0.831918
v -0.077563 -0.151886 0.833866
v -0.066390 -0.157975 0.836089
v -0.054267 -0.161725 0.838500
v -0.053536 -0.032475 0.836089
v -0.064955 -0.036225 0.831359
v -0.075480 -0.042314 0.826999
v -0.084705 -0.050508 0.823178
v -0.092275 -0.060493 0.820042
v -0.097901 -0.071884 0.817712
v -0.101365 -0.084245 0.816277
v -0.102535 -0.097100 0.815793
v -0.101365 -0.109954 0.816277
v -0.097901 -0.122315 0.817712
v -0.092275 -0.133707 0.820042
v -0.084705 -0.143692 0.823178
v -0.075480 -0.151886 0.826999
v -0.064955 -0.157975 0.831359
v -0.053536 -0.161725 0.836089
v -0.052348 -0.032475 0.833866
v -0.062625 -0.036225 0.826999
v -0.072097 -0.042314 0.820670
v -0.080399 -0.050508 0.815123
v -0.087213 -0.060493 0.810570
v -0.092275 -0.071884 0.807188
v -0.095393 -0.084245 0.805104
v -0.096446 -0.097100 0.804401
v -0.095393 -0.109954 0.805104
v -0.092275 -0.122315 0.807188
v -0.087213 -0.133707 0.810570
v -0.080399 -0.143692 0.815123
v -0.072097 -0.151886 0.820670
v -0.062625 -0.157975 0.826999
v -0.052348 -0.161725 0.833866
v -0.050749 -0.032475 0.831918
v -0.059490 -0.036225 0.823178
v -0.067545 -0.042314 0.815123
v -0.074605 -0.050508 0.808063
v -0.080399 -0.060493 0.802268
v -0.084705 -0.071884 0.797963
v -0.087356 -0.084245 0.795312
v -0.088251 -0.097100 0.794416
v -0.087356 -0.109954 0.795312
v -0.084705 -0.122315 0.797963
v -0.080399 -0.133707 0.802268
v -0.074605 -0.143692 0.808063
v -0.067545 -0.151886 0.815123
v -0.059490 -0.157975 0.823178
v -0.050749 -0.161725 0.831918
v -0.048801 -0.032475 0.830320
v -0.055668 -0.036225 0.820042
v -0.061997 -0.042314 0.810571
v -0.067545 -0.050508 0.802268
v -0.072097 -0.060493 0.795455
v -0.075480 -0.071884 0.790392
v -0.077563 -0.084245 0.787275
v -0.078266 -0.097100 0.786222
v -0.077563 -0.109954 0.787275
v -0.075480 -0.122315 0.790392
v -0.072097 -0.133707 0.795455
v -0.067545 -0.143692 0.802268
v -0.061997 -0.151886 0.810571
v -0.055668 -0.157975 0.820042
v -0.048801 -0.161725 0.830320
v -0.046579 -0.032475 0.829132
v -0.051309 -0.036225 0.817712
v -0.055668 -0.042314 0.807188
v -0.059490 -0.050508 0.797963
v -0.062625 -0.060493 0.790392
v -0.064955 -0.071884 0.784767
v -0.066390 -0.084245 0.781303
v -0.066875 -0.097100 0.780133
v -0.066390 -0.109954 0.781303
v -0.064955 -0.122315 0.784767
v -0.062625 -0.133707 0.790392
v -0.059490 -0.143692 0.797963
v -0.055668 -0.151886 0.807188
v -0.051309 -0.157975 0.817712
v -0.046579 -0.161725 0.829132
v -0.044167 -0.032475 0.828400
v -0.046579 -0.036225 0.816277
v -0.048801 -0.042314 0.805105
v -0.050749 -0.050508 0.795312
v -0.052348 -0.060493 0.787275
v -0.053536 -0.071884 0.781303
v -0.054267 -0.084245 0.777625
v -0.054514 -0.097100 0.776383
v -0.054267 -0.109954 0.777625
v -0.053536 -0.122315 0.781303
v -0.052348 -0.133707 0.787275
v -0.050749 -0.143692 0.795312
v -0.048801 -0.151886 0.805105
v -0.046579 -0.157975 0.816277
v -0.044167 -0.161725 0.828400
v -0.041660 -0.032475 0.828153
v -0.041660 -0.036225 0.815793
v -0.041660 -0.050508 0.794416
v -0.041660 -0.071884 0.780133
v -0.041660 -0.122315 0.780133
v -0.041660 -0.143692 0.794416
v -0.041660 -0.151886 0.804401
v -0.041660 -0.157975 0.815793
v -0.041660 -0.161725 0.828153
vn 0.0286 -0.9565 -0.2902
vn 0.0975 0.0976 -0.9904
vn 0.0097 0.9951 -0.0980
vn 0.0096 -0.9951 -0.0980
vn 0.0975 -0.0976 -0.9904
vn 0.0286 0.9565 -0.2902
vn 0.0938 -0.2890 -0.9527
vn 0.0464 0.8810 -0.4709
vn 0.0865 -0.4696 -0.8786
vn 0.0624 0.7715 -0.6332
vn 0.0759 -0.6326 -0.7708
vn 0.0759 0.6326 -0.7708
vn 0.0624 -0.7715 -0.6332
vn 0.0865 0.4696 -0.8786
vn 0.0464 -0.8810 -0.4709
vn 0.0938 0.2890 -0.9527
vn 0.1374 -0.8810 -0.4528
vn 0.2779 0.2890 -0.9161
vn 0.0846 -0.9566 -0.2790
vn 0.2889 0.0975 -0.9524
vn 0.0286 0.9951 -0.0942
vn 0.0286 -0.9951 -0.0942
vn 0.2889 -0.0975 -0.9524
vn 0.0846 0.9565 -0.2790
vn 0.2779 -0.2890 -0.9161
vn 0.1374 0.8810 -0.4528
vn 0.2563 -0.4696 -0.8448
vn 0.1847 0.7715 -0.6088
vn 0.2248 -0.6326 -0.7412
vn 0.2248 0.6326 -0.7412
vn 0.1847 -0.7715 -0.6088
vn 0.2563 0.4696 -0.8448
vn 0.2231 0.8810 -0.4173
vn 0.4162 -0.4696 -0.7786
vn 0.2999 0.7715 -0.5611
vn 0.3651 -0.6326 -0.6831
vn 0.3651 0.6326 -0.6831
vn 0.2999 -0.7715 -0.5611
vn 0.4162 0.4696 -0.7786
vn 0.2231 -0.8810 -0.4173
vn 0.4513 0.2890 -0.8443
vn 0.1374 -0.9565 -0.2571
vn 0.4691 0.0976 -0.8777
vn 0.0464 0.9951 -0.0869
vn 0.0464 -0.9951 -0.0869
vn 0.4691 -0.0976 -0.8777
vn 0.1374 0.9565 -0.2571
vn 0.4513 -0.2890 -0.8443
vn 0.6073 0.2890 -0.7400
vn 0.1850 -0.9566 -0.2254
vn 0.6314 0.0975 -0.7693
vn 0.0625 0.9951 -0.0761
vn 0.0625 -0.9951 -0.0761
vn 0.6314 -0.0975 -0.7693
vn 0.1850 0.9565 -0.2254
vn 0.6073 -0.2890 -0.7400
vn 0.3002 0.8810 -0.3658
vn 0.5601 -0.4696 -0.6825
vn 0.4036 0.7715 -0.4918
vn 0.4913 -0.6326 -0.5987
vn 0.4913 0.6326 -0.5987
vn 0.4036 -0.7715 -0.4918
vn 0.5601 0.4696 -0.6825
vn 0.3002 -0.8810 -0.3658
vn 0.6825 -0.4696 -0.5601
vn 0.4918 0.7715 -0.4036
vn 0.5987 -0.6326 -0.4913
vn 0.5987 0.6326 -0.4913
vn 0.4918 -0.7715 -0.4036
vn 0.6825 0.4696 -0.5601
vn 0.3658 -0.8810 -0.3002
vn 0.7400 0.2890 -0.6073
vn 0.2254 -0.9565 -0.1850
vn 0.7693 0.0975 -0.6314
vn 0.0761 0.9951 -0.0625
vn 0.0761 -0.9951 -0.0625
vn 0.7693 -0.0975 -0.6314
vn 0.2254 0.9565 -0.1850
vn 0.7400 -0.2890 -0.6073
vn 0.3658 0.8810 -0.3002
vn 0.2571 -0.9566 -0.1374
vn 0.8777 0.0976 -0.4691
vn 0.0869 0.9951 -0.0464
vn 0.0869 -0.9951 -0.0464
vn 0.8777 -0.0976 -0.4691
vn 0.2571 0.9566 -0.1374
vn 0.8443 -0.2890 -0.4513
vn 0.4173 0.8810 -0.2230
vn 0.7786 -0.4696 -0.4162
vn 0.5611 0.7715 -0.2999
vn 0.6831 -0.6326 -0.3651
vn 0.6831 0.6326 -0.3651
vn 0.5611 -0.7715 -0.2999
vn 0.7786 0.4696 -0.4162
vn 0.4173 -0.8810 -0.2230
vn 0.8443 0.2890 -0.4513
vn 0.6088 0.7715 -0.1847
vn 0.7412 -0.6326 -0.2248
vn 0.7412 0.6326 -0.2248
vn 0.6088 -0.7715 -0.1847
vn 0.8448 0.4696 -0.2563
vn 0.4528 -0.8810 -0.1374
vn 0.9161 0.2890 -0.2779
vn 0.2790 -0.9566 -0.0846
vn 0.9524 0.0975 -0.2889
vn 0.0942 0.9951 -0.0286
vn 0.0942 -0.9951 -0.0286
vn 0.9524 -0.0975 -0.2889
vn 0.2790 0.9566 -0.0846
vn 0.9161 -0.2890 -0.2779
vn 0.4528 0.8810 -0.1374
vn 0.8448 -0.4696 -0.2563
vn 0.9904 0.0975 -0.0975
vn 0.0980 0.9951 -0.0097
vn 0.0980 -0.9951 -0.0097
vn 0.9904 -0.0975 -0.0975
vn 0.2902 0.9565 -0.0286
vn 0.9527 -0.2890 -0.0938
vn 0.4709 0.8810 -0.0464
vn 0.8786 -0.4696 -0.0865
vn 0.6332 0.7715 -0.0624
vn 0.7708 -0.6326 -0.0759
vn 0.7708 0.6326 -0.0759
vn 0.6332 -0.7715 -0.0624
vn 0.8786 0.4696 -0.0865
vn 0.4709 -0.8810 -0.0464
vn 0.9527 0.2890 -0.0938
vn 0.2902 -0.9566 -0.0286
vn 0.7708 -0.6326 0.0759
vn 0.7708 0.6326 0.0759
vn 0.6332 -0.7715 0.0624
vn 0.8786 0.4696 0.0865
vn 0.4709 -0.8810 0.0464
vn 0.9527 0.2890 0.0938
vn 0.2902 -0.9565 0.0286
vn 0.9904 0.0975 0.0975
vn 0.0980 0.9951 0.0097
vn 0.0980 -0.9951 0.0097
vn 0.9904 -0.0975 0.0975
vn 0.2902 0.9565 0.0286
vn 0.9527 -0.2890 0.0938
vn 0.4709 0.8810 0.0464
vn 0.8786 -0.4696 0.0865
vn 0.6332 0.7715 0.0624
vn 0.0943 -0.9951 0.0286
vn 0.9524 -0.0975 0.2889
vn 0.2790 0.9566 0.0846
vn 0.9161 -0.2890 0.2779
vn 0.4528 0.8810 0.1374
vn 0.8448 -0.4696 0.2563
vn 0.6088 0.7715 0.1847
vn 0.7412 -0.6326 0.2248
vn 0.7412 0.6326 0.2248
vn 0.6088 -0.7715 0.1847
vn 0.8448 0.4696 0.2563
vn 0.4528 -0.8810 0.1374
vn 0.9161 0.2890 0.2779
vn 0.2790 -0.9566 0.0846
vn 0.9524 0.0975 0.2889
vn 0.0942 0.9951 0.0286
vn 0.5611 -0.7715 0.2999
vn 0.7786 0.4696 0.4162
vn 0.4173 -0.8810 0.2231
vn 0.8443 0.2890 0.4513
vn 0.2571 -0.9566 0.1374
vn 0.8777 0.0975 0.4691
vn 0.0869 0.9951 0.0464
vn 0.0869 -0.9951 0.0464
vn 0.8777 -0.0976 0.4691
vn 0.2571 0.9566 0.1374
vn 0.8443 -0.2890 0.4513
vn 0.4173 0.8810 0.2231
vn 0.7786 -0.4696 0.4162
vn 0.5611 0.7715 0.2999
vn 0.6831 -0.6326 0.3651
vn 0.6831 0.6326 0.3651
vn 0.2254 0.9565 0.1850
vn 0.7400 -0.2890 0.6073
vn 0.3658 0.8810 0.3002
vn 0.6825 -0.4696 0.5601
vn 0.4918 0.7715 0.4036
vn 0.5987 -0.6326 0.4913
vn 0.5987 0.6326 0.4913
vn 0.4918 -0.7715 0.4036
vn 0.6825 0.4696 0.5601
vn 0.3658 -0.8810 0.3002
vn 0.7400 0.2890 0.6073
vn 0.2254 -0.9565 0.1850
vn 0.7693 0.0976 0.6314
vn 0.0761 0.9951 0.0625
vn 0.0761 -0.9951 0.0625
vn 0.7693 -0.0975 0.6314
vn 0.5601 0.4696 0.6825
vn 0.3002 -0.8810 0.3658
vn 0.6073 0.2890 0.7400
vn 0.1850 -0.9566 0.2254
vn 0.6314 0.0975 0.7693
vn 0.0625 0.9951 0.0761
vn 0.0625 -0.9951 0.0761
vn 0.6314 -0.0975 0.7693
vn 0.1850 0.9566 0.2254
vn 0.6073 -0.2890 0.7400
vn 0.3002 0.8810 0.3658
vn 0.5601 -0.4696 0.6825
vn 0.4036 0.7715 0.4918
vn 0.4913 -0.6326 0.5987
vn 0.4913 0.6326 0.5987
vn 0.4036 -0.7715 0.4918
vn 0.4513 -0.2890 0.8443
vn 0.2230 0.8810 0.4173
vn 0.4162 -0.4696 0.7786
vn 0.2999 0.7715 0.5611
vn 0.3651 -0.6326 0.6831
vn 0.3651 0.6326 0.6831
vn 0.2999 -0.7715 0.5611
vn 0.4162 0.4696 0.7786
vn 0.2230 -0.8810 0.4173
vn 0.4513 0.2890 0.8443
vn 0.1374 -0.9565 0.2571
vn 0.4691 0.0976 0.8777
vn 0.0464 0.9951 0.0869
vn 0.0464 -0.9951 0.0869
vn 0.4691 -0.0976 0.8777
vn 0.1374 0.9565 0.2571
vn 0.1374 -0.8810 0.4528
vn 0.2779 0.2890 0.9161
vn 0.0846 -0.9566 0.2790
vn 0.2889 0.0975 0.9524
vn 0.0286 0.9951 0.0942
vn 0.0286 -0.9951 0.0942
vn 0.2889 -0.0975 0.9524
vn 0.0846 0.9566 0.2790
vn 0.2779 -0.2890 0.9161
vn 0.1374 0.8810 0.4528
vn 0.2563 -0.4696 0.8449
vn 0.1847 0.7715 0.6088
vn 0.2248 -0.6326 0.7412
vn 0.2248 0.6326 0.7412
vn 0.1847 -0.7715 0.6088
vn 0.2563 0.4696 0.8449
vn 0.0464 0.8810 0.4709
vn 0.0865 -0.4696 0.8786
vn 0.0624 0.7715 0.6332
vn 0.0759 -0.6326 0.7708
vn 0.0759 0.6326 0.7708
vn 0.0624 -0.7715 0.6332
vn 0.0865 0.4696 0.8786
vn 0.0464 -0.8810 0.4709
vn 0.0938 0.2890 0.9527
vn 0.0286 -0.9565 0.2902
vn 0.0975 0.0975 0.9904
vn 0.0097 0.9951 0.0980
vn 0.0096 -0.9951 0.0980
vn 0.0975 -0.0975 0.9904
vn 0.0286 0.9565 0.2902
vn 0.0938 -0.2890 0.9527
vn -0.0938 0.2890 0.9527
vn -0.0286 -0.9565 0.2902
vn -0.0975 0.0975 0.9904
vn -0.0097 0.9951 0.0980
vn -0.0096 -0.9951 0.0980
vn -0.0975 -0.0975 0.9904
vn -0.0286 0.9565 0.2902
vn -0.0938 -0.2890 0.9527
vn -0.0464 0.8810 0.4709
vn -0.0865 -0.4696 0.8786
vn -0.0624 0.7715 0.6332
vn -0.0759 -0.6326 0.7708
vn -0.0759 0.6326 0.7708
vn -0.0624 -0.7715 0.6332
vn -0.0865 0.4696 0.8786
vn -0.0464 -0.8810 0.4709
vn -0.2563 -0.4696 0.8448
vn -0.1847 0.7715 0.6088
vn -0.2248 -0.6326 0.7412
vn -0.2248 0.6326 0.7412
vn -0.1847 -0.7715 0.6088
vn -0.2563 0.4696 0.8448
vn -0.1374 -0.8810 0.4528
vn -0.2779 0.2890 0.9161
vn -0.0846 -0.9566 0.2790
vn -0.2889 0.0975 0.9524
vn -0.0286 0.9951 0.0942
vn -0.0286 -0.9951 0.0942
vn -0.2889 -0.0975 0.9524
vn -0.0846 0.9566 0.2790
vn -0.2779 -0.2890 0.9161
vn -0.1374 0.8810 0.4528
vn -0.1374 -0.9566 0.2571
vn -0.4691 0.0975 0.8777
vn -0.0464 0.9951 0.0869
vn -0.0464 -0.9951 0.0869
vn -0.4691 -0.0975 0.8777
vn -0.1374 0.9566 0.2571
vn -0.4513 -0.2890 0.8443
vn -0.2231 0.8810 0.4173
vn -0.4162 -0.4696 0.7786
vn -0.2999 0.7715 0.5611
vn -0.3651 -0.6326 0.6831
vn -0.3651 0.6326 0.6831
vn -0.2999 -0.7715 0.5611
vn -0.4162 0.4696 0.7786
vn -0.2230 -0.8810 0.4173
vn -0.4513 0.2890 0.8443
vn -0.4913 -0.6326 0.5987
vn -0.4913 0.6326 0.5987
vn -0.4036 -0.7715 0.4918
vn -0.5601 0.4696 0.6825
vn -0.3002 -0.8810 0.3658
vn -0.6073 0.2890 0.7400
vn -0.1850 -0.9565 0.2254
vn -0.6314 0.0975 0.7693
vn -0.0625 0.9951 0.0761
vn -0.0625 -0.9951 0.0761
vn -0.6314 -0.0975 0.7693
vn -0.1850 0.9565 0.2254
vn -0.6073 -0.2890 0.7400
vn -0.3002 0.8810 0.3658
vn -0.5601 -0.4696 0.6825
vn -0.4036 0.7715 0.4918
vn -0.0761 0.9951 0.0625
vn -0.0761 -0.9951 0.0625
vn -0.7693 -0.0975 0.6314
vn -0.2254 0.9566 0.1850
vn -0.7400 -0.2890 0.6073
vn -0.3658 0.8810 0.3002
vn -0.6825 -0.4696 0.5601
vn -0.4918 0.7715 0.4036
vn -0.5987 -0.6326 0.4913
vn -0.5987 0.6326 0.4913
vn -0.4918 -0.7715 0.4036
vn -0.6825 0.4696 0.5601
vn -0.3658 -0.8810 0.3002
vn -0.7400 0.2890 0.6073
vn -0.2254 -0.9565 0.1850
vn -0.7693 0.0975 0.6314
vn -0.6831 0.6326 0.3651
vn -0.5611 -0.7715 0.2999
vn -0.7786 0.4696 0.4162
vn -0.4173 -0.8810 0.2230
vn -0.8443 0.2890 0.4513
vn -0.2571 -0.9565 0.1374
vn -0.8777 0.0975 0.4691
vn -0.0869 0.9951 0.0464
vn -0.0869 -0.9951 0.0464
vn -0.8777 -0.0975 0.4691
vn -0.2571 0.9565 0.1374
vn -0.8443 -0.2890 0.4513
vn -0.4173 0.8810 0.2230
vn -0.7786 -0.4696 0.4162
vn -0.5611 0.7715 0.2999
vn -0.6831 -0.6326 0.3651
vn -0.9524 -0.0975 0.2889
vn -0.2790 0.9566 0.0846
vn -0.9161 -0.2890 0.2779
vn -0.4528 0.8810 0.1374
vn -0.8448 -0.4696 0.2563
vn -0.6088 0.7715 0.1847
vn -0.7412 -0.6326 0.2248
vn -0.7412 0.6326 0.2248
vn -0.6088 -0.7715 0.1847
vn -0.8448 0.4696 0.2563
vn -0.4528 -0.8810 0.1374
vn -0.9161 0.2890 0.2779
vn -0.2790 -0.9565 0.0846
vn -0.9524 0.0975 0.2889
vn -0.0942 0.9951 0.0286
vn -0.0942 -0.9951 0.0286
vn -0.6332 -0.7715 0.0624
vn -0.8786 0.4696 0.0865
vn -0.4709 -0.8810 0.0464
vn -0.9527 0.2890 0.0938
vn -0.2902 -0.9565 0.0286
vn -0.9904 0.0975 0.0976
vn -0.0980 0.9951 0.0097
vn -0.0980 -0.9951 0.0097
vn -0.9904 -0.0975 0.0976
vn -0.2902 0.9565 0.0286
vn -0.9527 -0.2890 0.0938
vn -0.4709 0.8810 0.0464
vn -0.8786 -0.4696 0.0865
vn -0.6332 0.7715 0.0624
vn -0.7708 -0.6326 0.0759
vn -0.7708 0.6326 0.0759
vn -0.2902 0.9565 -0.0286
vn -0.9527 -0.2890 -0.0938
vn -0.4709 0.8810 -0.0464
vn -0.8786 -0.4696 -0.0865
vn -0.6332 0.7715 -0.0624
vn -0.7708 -0.6326 -0.0759
vn -0.7708 0.6326 -0.0759
vn -0.6332 -0.7715 -0.0624
vn -0.8786 0.4696 -0.0865
vn -0.4709 -0.8810 -0.0464
vn -0.9527 0.2890 -0.0938
vn -0.2902 -0.9565 -0.0286
vn -0.9904 0.0975 -0.0976
vn -0.0980 0.9951 -0.0097
vn -0.0980 -0.9951 -0.0097
vn -0.9904 -0.0975 -0.0976
vn -0.8448 0.4696 -0.2563
vn -0.4528 -0.8810 -0.1374
vn -0.9161 0.2890 -0.2779
vn -0.2790 -0.9565 -0.0846
vn -0.9524 0.0975 -0.2889
vn -0.0942 0.9951 -0.0286
vn -0.0942 -0.9951 -0.0286
vn -0.9524 -0.0975 -0.2889
vn -0.2790 0.9565 -0.0846
vn -0.9161 -0.2890 -0.2779
vn -0.4528 0.8810 -0.1374
vn -0.8448 -0.4696 -0.2563
vn -0.6088 0.7715 -0.1847
vn -0.7412 -0.6326 -0.2248
vn -0.7412 0.6326 -0.2248
vn -0.6088 -0.7715 -0.1847
vn -0.8443 -0.2890 -0.4513
vn -0.4173 0.8810 -0.2230
vn -0.7786 -0.4696 -0.4162
vn -0.5611 0.7715 -0.2999
vn -0.6831 -0.6326 -0.3651
vn -0.6831 0.6326 -0.3651
vn -0.5611 -0.7715 -0.2999
vn -0.7786 0.4696 -0.4162
vn -0.4173 -0.8810 -0.2230
vn -0.8443 0.2890 -0.4513
vn -0.2571 -0.9566 -0.1374
vn -0.8777 0.0975 -0.4691
vn -0.0869 0.9951 -0.0464
vn -0.0869 -0.9951 -0.0464
vn -0.8777 -0.0975 -0.4691
vn -0.2571 0.9566 -0.1374
vn -0.3658 -0.8810 -0.3002
vn -0.7400 0.2890 -0.6073
vn -0.2254 -0.9565 -0.1850
vn -0.7693 0.0975 -0.6314
vn -0.0761 0.9951 -0.0625
vn -0.0761 -0.9951 -0.0625
vn -0.7693 -0.0975 -0.6314
vn -0.2254 0.9565 -0.1850
vn -0.7400 -0.2890 -0.6073
vn -0.3658 0.8810 -0.3002
vn -0.6825 -0.4696 -0.5601
vn -0.4918 0.7715 -0.4036
vn -0.5987 -0.6326 -0.4913
vn -0.5987 0.6326 -0.4913
vn -0.4918 -0.7715 -0.4036
vn -0.6825 0.4696 -0.5601
vn -0.5601 -0.4696 -0.6825
vn -0.4036 0.7715 -0.4918
vn -0.4913 -0.6326 -0.5987
vn -0.4913 0.6326 -0.5987
vn -0.4036 -0.7715 -0.4918
vn -0.5601 0.4696 -0.6825
vn -0.3002 -0.8810 -0.3658
vn -0.6073 0.2890 -0.7400
vn -0.1850 -0.9565 -0.2254
vn -0.6314 0.0975 -0.7693
vn -0.0625 0.9951 -0.0761
vn -0.0625 -0.9951 -0.0761
vn -0.6314 -0.0975 -0.7693
vn -0.1850 0.9565 -0.2254
vn -0.6073 -0.2890 -0.7400
vn -0.3002 0.8810 -0.3658
vn -0.1374 -0.9565 -0.2571
vn -0.4691 0.0976 -0.8777
vn -0.0464 0.9951 -0.0869
vn -0.0464 -0.9951 -0.0869
vn -0.4691 -0.0975 -0.8777
vn -0.1374 0.9565 -0.2571
vn -0.4513 -0.2890 -0.8443
vn -0.2231 0.8810 -0.4173
vn -0.4162 -0.4696 -0.7786
vn -0.2999 0.7715 -0.5611
vn -0.3651 -0.6326 -0.6831
vn -0.3651 0.6326 -0.6831
vn -0.2999 -0.7715 -0.5611
vn -0.4162 0.4696 -0.7786
vn -0.2230 -0.8810 -0.4173
vn -0.4513 0.2890 -0.8443
vn -0.1847 0.7715 -0.6088
vn -0.2248 -0.6326 -0.7412
vn -0.2248 0.6326 -0.7412
vn -0.1847 -0.7715 -0.6088
vn -0.2563 0.4696 -0.8448
vn -0.1374 -0.8810 -0.4528
vn -0.2779 0.2890 -0.9161
vn -0.0846 -0.9566 -0.2790
vn -0.2889 0.0975 -0.9524
vn -0.0286 0.9951 -0.0942
vn -0.0286 -0.9951 -0.0942
vn -0.2889 -0.0975 -0.9524
vn -0.0846 0.9566 -0.2790
vn -0.2779 -0.2890 -0.9161
vn -0.1374 0.8810 -0.4528
vn -0.2563 -0.4696 -0.8448
vn -0.0976 0.0975 -0.9904
vn -0.0097 0.9951 -0.0980
vn -0.0096 -0.9951 -0.0980
vn -0.0976 -0.0975 -0.9904
vn -0.0286 0.9565 -0.2902
vn -0.0938 -0.2890 -0.9527
vn -0.0464 0.8810 -0.4709
vn -0.0865 -0.4696 -0.8786
vn -0.0624 0.7715 -0.6332
vn -0.0759 -0.6326 -0.7708
vn -0.0759 0.6326 -0.7708
vn -0.0624 -0.7715 -0.6332
vn -0.0865 0.4696 -0.8786
vn -0.0464 -0.8810 -0.4709
vn -0.0938 0.2890 -0.9527
vn -0.0286 -0.9565 -0.2902
vt 0.009169 0.773640
vt 0.013124 0.773640
vt 0.013124 0.775617
vt 0.009169 0.775617
vt 0.036850 0.773640
vt 0.040804 0.773640
vt 0.040804 0.775617
vt 0.036850 0.775617
vt 0.064530 0.773640
vt 0.068484 0.774628
vt 0.064530 0.775617
vt 0.005215 0.774628
vt 0.032895 0.773640
vt 0.032895 0.775617
vt 0.060575 0.773640
vt 0.060575 0.775617
vt 0.028941 0.773640
vt 0.028941 0.775617
vt 0.056621 0.773640
vt 0.056621 0.775617
vt 0.024987 0.773640
vt 0.024987 0.775617
vt 0.052667 0.773640
vt 0.052667 0.775617
vt 0.021032 0.773640
vt 0.021032 0.775617
vt 0.048712 0.773640
vt 0.048712 0.775617
vt 0.017078 0.773640
vt 0.017078 0.775617
vt 0.044758 0.773640
vt 0.044758 0.775617
vt 0.017078 0.777594
vt 0.013124 0.777594
vt 0.044758 0.777594
vt 0.040804 0.777594
vt 0.009169 0.777594
vt 0.036850 0.777594
vt 0.068484 0.776605
vt 0.064530 0.777594
vt 0.005215 0.776605
vt 0.032895 0.777594
vt 0.060575 0.777594
vt 0.028941 0.777594
vt 0.056621 0.777594
vt 0.024987 0.777594
vt 0.052667 0.777594
vt 0.021032 0.777594
vt 0.048712 0.777594
vt 0.060575 0.779571
vt 0.056621 0.779571
vt 0.028941 0.779571
vt 0.024987 0.779571
vt 0.052667 0.779571
vt 0.021032 0.779571
vt 0.048712 0.779571
vt 0.017078 0.779571
vt 0.044758 0.779571
vt 0.013124 0.779571
vt 0.040804 0.779571
vt 0.009169 0.779571
vt 0.036850 0.779571
vt 0.068484 0.778583
vt 0.064530 0.779571
vt 0.005215 0.778583
vt 0.032895 0.779571
vt 0.044758 0.781548
vt 0.040804 0.781548
vt 0.013124 0.781548
vt 0.009169 0.781548
vt 0.036850 0.781548
vt 0.068484 0.780560
vt 0.064530 0.781548
vt 0.005215 0.780560
vt 0.032895 0.781548
vt 0.060575 0.781548
vt 0.028941 0.781548
vt 0.056621 0.781548
vt 0.024987 0.781548
vt 0.052667 0.781548
vt 0.021032 0.781548
vt 0.048712 0.781548
vt 0.017078 0.781548
vt 0.028941 0.783525
vt 0.024987 0.783525
vt 0.056621 0.783525
vt 0.052667 0.783525
vt 0.021032 0.783525
vt 0.048712 0.783525
vt 0.017078 0.783525
vt 0.044758 0.783525
vt 0.013124 0.783525
vt 0.040804 0.783525
vt 0.009169 0.783525
vt 0.036850 0.783525
vt 0.068484 0.782537
vt 0.064530 0.783525
vt 0.005215 0.782537
vt 0.032895 0.783525
vt 0.060575 0.783525
vt 0.013124 0.785503
vt 0.009169 0.785503
vt 0.040804 0.785503
vt 0.036850 0.785503
vt 0.068484 0.784514
vt 0.064530 0.785503
vt 0.005215 0.784514
vt 0.032895 0.785503
vt 0.060575 0.785503
vt 0.028941 0.785503
vt 0.056621 0.785503
vt 0.024987 0.785503
vt 0.052667 0.785503
vt 0.021032 0.785503
vt 0.048712 0.785503
vt 0.017078 0.785503
vt 0.044758 0.785503
vt 0.056621 0.787480
vt 0.052667 0.787480
vt 0.024987 0.787480
vt 0.021032 0.787480
vt 0.048712 0.787480
vt 0.017078 0.787480
vt 0.044758 0.787480
vt 0.013124 0.787480
vt 0.040804 0.787480
vt 0.009169 0.787480
vt 0.036850 0.787480
vt 0.068484 0.786491
vt 0.064530 0.787480
vt 0.005215 0.786491
vt 0.032895 0.787480
vt 0.060575 0.787480
vt 0.028941 0.787480
vt 0.040804 0.789457
vt 0.036850 0.789457
vt 0.068484 0.788468
vt 0.064530 0.789457
vt 0.005215 0.788468
vt 0.009169 0.789457
vt 0.032895 0.789457
vt 0.060575 0.789457
vt 0.028941 0.789457
vt 0.056621 0.789457
vt 0.024987 0.789457
vt 0.052667 0.789457
vt 0.021032 0.789457
vt 0.048712 0.789457
vt 0.017078 0.789457
vt 0.044758 0.789457
vt 0.013124 0.789457
vt 0.024987 0.791434
vt 0.021032 0.791434
vt 0.052667 0.791434
vt 0.048712 0.791434
vt 0.017078 0.791434
vt 0.044758 0.791434
vt 0.013124 0.791434
vt 0.040804 0.791434
vt 0.009169 0.791434
vt 0.036850 0.791434
vt 0.068484 0.790445
vt 0.064530 0.791434
vt 0.005215 0.790445
vt 0.032895 0.791434
vt 0.060575 0.791434
vt 0.028941 0.791434
vt 0.056621 0.791434
vt 0.005215 0.792423
vt 0.009169 0.793411
vt 0.036850 0.793411
vt 0.032895 0.793411
vt 0.064530 0.793411
vt 0.060575 0.793411
vt 0.028941 0.793411
vt 0.056621 0.793411
vt 0.024987 0.793411
vt 0.052667 0.793411
vt 0.021032 0.793411
vt 0.048712 0.793411
vt 0.017078 0.793411
vt 0.044758 0.793411
vt 0.013124 0.793411
vt 0.040804 0.793411
vt 0.068484 0.792423
vt 0.021032 0.795388
vt 0.017078 0.795388
vt 0.048712 0.795388
vt 0.044758 0.795388
vt 0.013124 0.795388
vt 0.040804 0.795388
vt 0.009169 0.795388
vt 0.036850 0.795388
vt 0.068484 0.794400
vt 0.064530 0.795388
vt 0.005215 0.794400
vt 0.032895 0.795388
vt 0.060575 0.795388
vt 0.028941 0.795388
vt 0.056621 0.795388
vt 0.024987 0.795388
vt 0.052667 0.795388
vt 0.064530 0.797365
vt 0.060575 0.797365
vt 0.032895 0.797365
vt 0.028941 0.797365
vt 0.056621 0.797365
vt 0.024987 0.797365
vt 0.052667 0.797365
vt 0.021032 0.797365
vt 0.048712 0.797365
vt 0.017078 0.797365
vt 0.044758 0.797365
vt 0.013124 0.797365
vt 0.040804 0.797365
vt 0.009169 0.797365
vt 0.036850 0.797365
vt 0.068484 0.796377
vt 0.005215 0.796377
vt 0.048712 0.799343
vt 0.044758 0.799343
vt 0.017078 0.799343
vt 0.013124 0.799343
vt 0.040804 0.799343
vt 0.009169 0.799343
vt 0.036850 0.799343
vt 0.068484 0.798354
vt 0.064530 0.799343
vt 0.005215 0.798354
vt 0.032895 0.799343
vt 0.060575 0.799343
vt 0.028941 0.799343
vt 0.056621 0.799343
vt 0.024987 0.799343
vt 0.052667 0.799343
vt 0.021032 0.799343
vt 0.032895 0.801320
vt 0.028941 0.801320
vt 0.060575 0.801320
vt 0.056621 0.801320
vt 0.024987 0.801320
vt 0.052667 0.801320
vt 0.021032 0.801320
vt 0.048712 0.801320
vt 0.017078 0.801320
vt 0.044758 0.801320
vt 0.013124 0.801320
vt 0.040804 0.801320
vt 0.009169 0.801320
vt 0.036850 0.801320
vt 0.068484 0.800331
vt 0.064530 0.801320
vt 0.005215 0.800331
vt 0.017078 0.803297
vt 0.013124 0.803297
vt 0.044758 0.803297
vt 0.040804 0.803297
vt 0.009169 0.803297
vt 0.036850 0.803297
vt 0.068484 0.802308
vt 0.064530 0.803297
vt 0.005215 0.802308
vt 0.032895 0.803297
vt 0.060575 0.803297
vt 0.028941 0.803297
vt 0.056621 0.803297
vt 0.024987 0.803297
vt 0.052667 0.803297
vt 0.021032 0.803297
vt 0.048712 0.803297
vt 0.060575 0.805274
vt 0.056621 0.805274
vt 0.028941 0.805274
vt 0.024987 0.805274
vt 0.052667 0.805274
vt 0.021032 0.805274
vt 0.048712 0.805274
vt 0.017078 0.805274
vt 0.044758 0.805274
vt 0.013124 0.805274
vt 0.040804 0.805274
vt 0.009169 0.805274
vt 0.036850 0.805274
vt 0.068484 0.804286
vt 0.064530 0.805274
vt 0.005215 0.804286
vt 0.032895 0.805274
vt 0.044758 0.807251
vt 0.040804 0.807251
vt 0.013124 0.807251
vt 0.009169 0.807251
vt 0.036850 0.807251
vt 0.068484 0.806263
vt 0.064530 0.807251
vt 0.005215 0.806263
vt 0.032895 0.807251
vt 0.060575 0.807251
vt 0.028941 0.807251
vt 0.056621 0.807251
vt 0.024987 0.807251
vt 0.052667 0.807251
vt 0.021032 0.807251
vt 0.048712 0.807251
vt 0.017078 0.807251
vt 0.028941 0.809228
vt 0.024987 0.809228
vt 0.056621 0.809228
vt 0.052667 0.809228
vt 0.021032 0.809228
vt 0.048712 0.809228
vt 0.017078 0.809228
vt 0.044758 0.809228
vt 0.013124 0.809228
vt 0.040804 0.809228
vt 0.009169 0.809228
vt 0.036850 0.809228
vt 0.068484 0.808240
vt 0.064530 0.809228
vt 0.005215 0.808240
vt 0.032895 0.809228
vt 0.060575 0.809228
vt 0.013124 0.811206
vt 0.009169 0.811206
vt 0.040804 0.811206
vt 0.036850 0.811206
vt 0.068484 0.810217
vt 0.064530 0.811206
vt 0.005215 0.810217
vt 0.032895 0.811206
vt 0.060575 0.811206
vt 0.028941 0.811206
vt 0.056621 0.811206
vt 0.024987 0.811206
vt 0.052667 0.811206
vt 0.021032 0.811206
vt 0.048712 0.811206
vt 0.017078 0.811206
vt 0.044758 0.811206
vt 0.024987 0.813183
vt 0.021032 0.813183
vt 0.052667 0.813183
vt 0.048712 0.813183
vt 0.017078 0.813183
vt 0.044758 0.813183
vt 0.013124 0.813183
vt 0.040804 0.813183
vt 0.009169 0.813183
vt 0.036850 0.813183
vt 0.068484 0.812194
vt 0.064530 0.813183
vt 0.005215 0.812194
vt 0.032895 0.813183
vt 0.060575 0.813183
vt 0.028941 0.813183
vt 0.056621 0.813183
vt 0.068484 0.814171
vt 0.064530 0.815160
vt 0.005215 0.814171
vt 0.009169 0.815160
vt 0.036850 0.815160
vt 0.032895 0.815160
vt 0.060575 0.815160
vt 0.028941 0.815160
vt 0.056621 0.815160
vt 0.024987 0.815160
vt 0.052667 0.815160
vt 0.021032 0.815160
vt 0.048712 0.815160
vt 0.017078 0.815160
vt 0.044758 0.815160
vt 0.013124 0.815160
vt 0.040804 0.815160
vt 0.052667 0.817137
vt 0.048712 0.817137
vt 0.021032 0.817137
vt 0.017078 0.817137
vt 0.044758 0.817137
vt 0.013124 0.817137
vt 0.040804 0.817137
vt 0.009169 0.817137
vt 0.036850 0.817137
vt 0.068484 0.816149
vt 0.064530 0.817137
vt 0.005215 0.816149
vt 0.032895 0.817137
vt 0.060575 0.817137
vt 0.028941 0.817137
vt 0.056621 0.817137
vt 0.024987 0.817137
vt 0.036850 0.819114
vt 0.032895 0.819114
vt 0.064530 0.819114
vt 0.060575 0.819114
vt 0.028941 0.819114
vt 0.056621 0.819114
vt 0.024987 0.819114
vt 0.052667 0.819114
vt 0.021032 0.819114
vt 0.048712 0.819114
vt 0.017078 0.819114
vt 0.044758 0.819114
vt 0.013124 0.819114
vt 0.040804 0.819114
vt 0.009169 0.819114
vt 0.068484 0.818126
vt 0.005215 0.818126
vt 0.021032 0.821091
vt 0.017078 0.821091
vt 0.048712 0.821091
vt 0.044758 0.821091
vt 0.013124 0.821091
vt 0.040804 0.821091
vt 0.009169 0.821091
vt 0.036850 0.821091
vt 0.068484 0.820103
vt 0.064530 0.821091
vt 0.005215 0.820103
vt 0.032895 0.821091
vt 0.060575 0.821091
vt 0.028941 0.821091
vt 0.056621 0.821091
vt 0.024987 0.821091
vt 0.052667 0.821091
vt 0.060575 0.757822
vt 0.064530 0.757822
vt 0.064530 0.759800
vt 0.060575 0.759800
vt 0.028941 0.757822
vt 0.032895 0.757822
vt 0.032895 0.759800
vt 0.028941 0.759800
vt 0.056621 0.757822
vt 0.056621 0.759800
vt 0.024987 0.757822
vt 0.024987 0.759800
vt 0.052667 0.757822
vt 0.052667 0.759800
vt 0.021032 0.757822
vt 0.021032 0.759800
vt 0.048712 0.757822
vt 0.048712 0.759800
vt 0.017078 0.757822
vt 0.017078 0.759800
vt 0.044758 0.757822
vt 0.044758 0.759800
vt 0.013124 0.757822
vt 0.013124 0.759800
vt 0.040804 0.757822
vt 0.040804 0.759800
vt 0.009169 0.757822
vt 0.009169 0.759800
vt 0.036850 0.757822
vt 0.036850 0.759800
vt 0.068484 0.758811
vt 0.005215 0.758811
vt 0.048712 0.761777
vt 0.044758 0.761777
vt 0.017078 0.761777
vt 0.013124 0.761777
vt 0.040804 0.761777
vt 0.009169 0.761777
vt 0.036850 0.761777
vt 0.068484 0.760788
vt 0.064530 0.761777
vt 0.005215 0.760788
vt 0.032895 0.761777
vt 0.060575 0.761777
vt 0.028941 0.761777
vt 0.056621 0.761777
vt 0.024987 0.761777
vt 0.052667 0.761777
vt 0.021032 0.761777
vt 0.032895 0.763754
vt 0.028941 0.763754
vt 0.060575 0.763754
vt 0.056621 0.763754
vt 0.024987 0.763754
vt 0.052667 0.763754
vt 0.021032 0.763754
vt 0.048712 0.763754
vt 0.017078 0.763754
vt 0.044758 0.763754
vt 0.013124 0.763754
vt 0.040804 0.763754
vt 0.009169 0.763754
vt 0.036850 0.763754
vt 0.068484 0.762765
vt 0.064530 0.763754
vt 0.005215 0.762765
vt 0.017078 0.765731
vt 0.013124 0.765731
vt 0.044758 0.765731
vt 0.040804 0.765731
vt 0.009169 0.765731
vt 0.036850 0.765731
vt 0.068484 0.764742
vt 0.064530 0.765731
vt 0.005215 0.764742
vt 0.032895 0.765731
vt 0.060575 0.765731
vt 0.028941 0.765731
vt 0.056621 0.765731
vt 0.024987 0.765731
vt 0.052667 0.765731
vt 0.021032 0.765731
vt 0.048712 0.765731
vt 0.028941 0.767708
vt 0.024987 0.767708
vt 0.056621 0.767708
vt 0.052667 0.767708
vt 0.021032 0.767708
vt 0.048712 0.767708
vt 0.017078 0.767708
vt 0.044758 0.767708
vt 0.013124 0.767708
vt 0.040804 0.767708
vt 0.009169 0.767708
vt 0.036850 0.767708
vt 0.068484 0.766720
vt 0.064530 0.767708
vt 0.005215 0.766720
vt 0.032895 0.767708
vt 0.060575 0.767708
vt 0.013124 0.769685
vt 0.009169 0.769685
vt 0.040804 0.769685
vt 0.036850 0.769685
vt 0.068484 0.768697
vt 0.064530 0.769685
vt 0.005215 0.768697
vt 0.032895 0.769685
vt 0.060575 0.769685
vt 0.028941 0.769685
vt 0.056621 0.769685
vt 0.024987 0.769685
vt 0.052667 0.769685
vt 0.021032 0.769685
vt 0.048712 0.769685
vt 0.017078 0.769685
vt 0.044758 0.769685
vt 0.056621 0.771662
vt 0.052667 0.771662
vt 0.024987 0.771662
vt 0.021032 0.771662
vt 0.048712 0.771662
vt 0.017078 0.771662
vt 0.044758 0.771662
vt 0.013124 0.771662
vt 0.040804 0.771662
vt 0.009169 0.771662
vt 0.036850 0.771662
vt 0.068484 0.770674
vt 0.064530 0.771662
vt 0.005215 0.770674
vt 0.032895 0.771662
vt 0.060575 0.771662
vt 0.028941 0.771662
vt 0.068484 0.772651
vt 0.005215 0.772651
s 0
usemtl マテリアル.002
f 1132/745/533 1131/746/533 670/747/533 671/748/533
f 654/749/534 653/750/534 663/751/534 664/752/534
f 1124/753/535 732/754/535 657/755/535
f 958/756/536 1132/745/536 671/748/536
f 655/757/537 654/749/537 664/752/537 665/758/537
f 1125/759/538 1124/753/538 657/755/538 658/760/538
f 1128/761/539 655/757/539 665/758/539 666/762/539
f 651/763/540 1125/759/540 658/760/540 659/764/540
f 656/765/541 1128/761/541 666/762/541 667/766/541
f 1126/767/542 651/763/542 659/764/542 660/768/542
f 1129/769/543 656/765/543 667/766/543 668/770/543
f 652/771/544 1126/767/544 660/768/544 661/772/544
f 1130/773/545 1129/769/545 668/770/545 669/774/545
f 1127/775/546 652/771/546 661/772/546 662/776/546
f 1131/746/547 1130/773/547 669/774/547 670/747/547
f 653/750/548 1127/775/548 662/776/548 663/751/548
f 670/747/549 669/774/549 684/777/549 685/778/549
f 663/751/550 662/776/550 677/779/550 678/780/550
f 671/748/551 670/747/551 685/778/551 686/781/551
f 664/752/552 663/751/552 678/780/552 679/782/552
f 657/755/553 732/783/553 672/784/553
f 958/785/554 671/748/554 686/781/554
f 665/758/555 664/752/555 679/782/555 680/786/555
f 658/760/556 657/755/556 672/784/556 673/787/556
f 666/762/557 665/758/557 680/786/557 681/788/557
f 659/764/558 658/760/558 673/787/558 674/789/558
f 667/766/559 666/762/559 681/788/559 682/790/559
f 660/768/560 659/764/560 674/789/560 675/791/560
f 668/770/561 667/766/561 682/790/561 683/792/561
f 661/772/562 660/768/562 675/791/562 676/793/562
f 669/774/563 668/770/563 683/792/563 684/777/563
f 662/776/564 661/772/564 676/793/564 677/779/564
f 674/789/565 673/787/565 688/794/565 689/795/565
f 682/790/566 681/788/566 696/796/566 697/797/566
f 675/791/567 674/789/567 689/795/567 690/798/567
f 683/792/568 682/790/568 697/797/568 698/799/568
f 676/793/569 675/791/569 690/798/569 691/800/569
f 684/777/570 683/792/570 698/799/570 699/801/570
f 677/779/571 676/793/571 691/800/571 692/802/571
f 685/778/572 684/777/572 699/801/572 700/803/572
f 678/780/573 677/779/573 692/802/573 693/804/573
f 686/781/574 685/778/574 700/803/574 701/805/574
f 679/782/575 678/780/575 693/804/575 694/806/575
f 672/784/576 732/807/576 687/808/576
f 958/809/577 686/781/577 701/805/577
f 680/786/578 679/782/578 694/806/578 695/810/578
f 673/787/579 672/784/579 687/808/579 688/794/579
f 681/788/580 680/786/580 695/810/580 696/796/580
f 693/804/581 692/802/581 707/811/581 708/812/581
f 701/805/582 700/803/582 715/813/582 716/814/582
f 694/806/583 693/804/583 708/812/583 709/815/583
f 687/808/584 732/816/584 702/817/584
f 958/818/585 701/805/585 716/814/585
f 695/810/586 694/806/586 709/815/586 710/819/586
f 688/794/587 687/808/587 702/817/587 703/820/587
f 696/796/588 695/810/588 710/819/588 711/821/588
f 689/795/589 688/794/589 703/820/589 704/822/589
f 697/797/590 696/796/590 711/821/590 712/823/590
f 690/798/591 689/795/591 704/822/591 705/824/591
f 698/799/592 697/797/592 712/823/592 713/825/592
f 691/800/593 690/798/593 705/824/593 706/826/593
f 699/801/594 698/799/594 713/825/594 714/827/594
f 692/802/595 691/800/595 706/826/595 707/811/595
f 700/803/596 699/801/596 714/827/596 715/813/596
f 712/823/597 711/821/597 726/828/597 727/829/597
f 705/824/598 704/822/598 719/830/598 720/831/598
f 713/825/599 712/823/599 727/829/599 728/832/599
f 706/826/600 705/824/600 720/831/600 721/833/600
f 714/827/601 713/825/601 728/832/601 729/834/601
f 707/811/602 706/826/602 721/833/602 722/835/602
f 715/813/603 714/827/603 729/834/603 730/836/603
f 708/812/604 707/811/604 722/835/604 723/837/604
f 716/814/605 715/813/605 730/836/605 731/838/605
f 709/815/606 708/812/606 723/837/606 724/839/606
f 702/817/607 732/840/607 717/841/607
f 958/842/608 716/814/608 731/838/608
f 710/819/609 709/815/609 724/839/609 725/843/609
f 703/820/610 702/817/610 717/841/610 718/844/610
f 711/821/611 710/819/611 725/843/611 726/828/611
f 704/822/612 703/820/612 718/844/612 719/830/612
f 731/838/613 730/836/613 746/845/613 747/846/613
f 724/839/614 723/837/614 739/847/614 740/848/614
f 717/841/615 732/849/615 733/850/615
f 958/851/616 731/838/616 747/846/616
f 725/843/617 724/839/617 740/848/617 741/852/617
f 718/844/618 717/841/618 733/850/618 734/853/618
f 726/828/619 725/843/619 741/852/619 742/854/619
f 719/830/620 718/844/620 734/853/620 735/855/620
f 727/829/621 726/828/621 742/854/621 743/856/621
f 720/831/622 719/830/622 735/855/622 736/857/622
f 728/832/623 727/829/623 743/856/623 744/858/623
f 721/833/624 720/831/624 736/857/624 737/859/624
f 729/834/625 728/832/625 744/858/625 745/860/625
f 722/835/626 721/833/626 737/859/626 738/861/626
f 730/836/627 729/834/627 745/860/627 746/845/627
f 723/837/628 722/835/628 738/861/628 739/847/628
f 736/857/629 735/855/629 750/862/629 751/863/629
f 744/858/630 743/856/630 758/864/630 759/865/630
f 737/859/631 736/857/631 751/863/631 752/866/631
f 745/860/632 744/858/632 759/865/632 760/867/632
f 738/861/633 737/859/633 752/866/633 753/868/633
f 746/845/634 745/860/634 760/867/634 761/869/634
f 739/847/635 738/861/635 753/868/635 754/870/635
f 747/846/636 746/845/636 761/869/636 762/871/636
f 740/848/637 739/847/637 754/870/637 755/872/637
f 733/850/638 732/873/638 748/874/638
f 958/875/639 747/846/639 762/871/639
f 741/852/640 740/848/640 755/872/640 756/876/640
f 734/853/641 733/850/641 748/874/641 749/877/641
f 742/854/642 741/852/642 756/876/642 757/878/642
f 735/855/643 734/853/643 749/877/643 750/862/643
f 743/856/644 742/854/644 757/878/644 758/864/644
f 755/872/645 754/870/645 769/879/645 770/880/645
f 748/874/646 732/881/646 763/882/646
f 958/883/647 762/871/647 777/884/647
f 756/876/648 755/872/648 770/880/648 771/885/648
f 749/877/649 748/874/649 763/882/649 764/886/649
f 757/878/650 756/876/650 771/885/650 772/887/650
f 750/862/651 749/877/651 764/886/651 765/888/651
f 758/864/652 757/878/652 772/887/652 773/889/652
f 751/863/653 750/862/653 765/888/653 766/890/653
f 759/865/654 758/864/654 773/889/654 774/891/654
f 752/866/655 751/863/655 766/890/655 767/892/655
f 760/867/656 759/865/656 774/891/656 775/893/656
f 753/868/657 752/866/657 767/892/657 768/894/657
f 761/869/658 760/867/658 775/893/658 776/895/658
f 754/870/659 753/868/659 768/894/659 769/879/659
f 762/871/660 761/869/660 776/895/660 777/884/660
f 774/891/661 773/889/661 788/896/661 789/897/661
f 767/892/662 766/890/662 781/898/662 782/899/662
f 775/893/663 774/891/663 789/897/663 790/900/663
f 768/894/664 767/892/664 782/899/664 783/901/664
f 776/895/665 775/893/665 790/900/665 791/902/665
f 769/879/666 768/894/666 783/901/666 784/903/666
f 777/884/667 776/895/667 791/902/667 792/904/667
f 770/880/668 769/879/668 784/903/668 785/905/668
f 763/882/669 732/906/669 778/907/669
f 958/908/670 777/884/670 792/904/670
f 771/885/671 770/880/671 785/905/671 786/909/671
f 764/886/672 763/882/672 778/907/672 779/910/672
f 772/887/673 771/885/673 786/909/673 787/911/673
f 765/888/674 764/886/674 779/910/674 780/912/674
f 773/889/675 772/887/675 787/911/675 788/896/675
f 766/890/676 765/888/676 780/912/676 781/898/676
f 958/913/677 792/904/677 807/914/677
f 786/909/678 785/905/678 800/915/678 801/916/678
f 779/910/679 778/907/679 793/917/679 794/918/679
f 787/911/680 786/909/680 801/916/680 802/919/680
f 780/912/681 779/910/681 794/918/681 795/920/681
f 788/896/682 787/911/682 802/919/682 803/921/682
f 781/898/683 780/912/683 795/920/683 796/922/683
f 789/897/684 788/896/684 803/921/684 804/923/684
f 782/899/685 781/898/685 796/922/685 797/924/685
f 790/900/686 789/897/686 804/923/686 805/925/686
f 783/901/687 782/899/687 797/924/687 798/926/687
f 791/902/688 790/900/688 805/925/688 806/927/688
f 784/903/689 783/901/689 798/926/689 799/928/689
f 792/904/690 791/902/690 806/927/690 807/914/690
f 785/905/691 784/903/691 799/928/691 800/915/691
f 778/907/692 732/929/692 793/917/692
f 805/925/693 804/923/693 819/930/693 820/931/693
f 798/926/694 797/924/694 812/932/694 813/933/694
f 806/927/695 805/925/695 820/931/695 821/934/695
f 799/928/696 798/926/696 813/933/696 814/935/696
f 807/914/697 806/927/697 821/934/697 822/936/697
f 800/915/698 799/928/698 814/935/698 815/937/698
f 793/917/699 732/938/699 808/939/699
f 958/940/700 807/914/700 822/936/700
f 801/916/701 800/915/701 815/937/701 816/941/701
f 794/918/702 793/917/702 808/939/702 809/942/702
f 802/919/703 801/916/703 816/941/703 817/943/703
f 795/920/704 794/918/704 809/942/704 810/944/704
f 803/921/705 802/919/705 817/943/705 818/945/705
f 796/922/706 795/920/706 810/944/706 811/946/706
f 804/923/707 803/921/707 818/945/707 819/930/707
f 797/924/708 796/922/708 811/946/708 812/932/708
f 809/942/709 808/939/709 823/947/709 824/948/709
f 817/943/710 816/941/710 831/949/710 832/950/710
f 810/944/711 809/942/711 824/948/711 825/951/711
f 818/945/712 817/943/712 832/950/712 833/952/712
f 811/946/713 810/944/713 825/951/713 826/953/713
f 819/930/714 818/945/714 833/952/714 834/954/714
f 812/932/715 811/946/715 826/953/715 827/955/715
f 820/931/716 819/930/716 834/954/716 835/956/716
f 813/933/717 812/932/717 827/955/717 828/957/717
f 821/934/718 820/931/718 835/956/718 836/958/718
f 814/935/719 813/933/719 828/957/719 829/959/719
f 822/936/720 821/934/720 836/958/720 837/960/720
f 815/937/721 814/935/721 829/959/721 830/961/721
f 808/939/722 732/962/722 823/947/722
f 958/963/723 822/936/723 837/960/723
f 816/941/724 815/937/724 830/961/724 831/949/724
f 828/957/725 827/955/725 842/964/725 843/965/725
f 836/958/726 835/956/726 850/966/726 851/967/726
f 829/959/727 828/957/727 843/965/727 844/968/727
f 837/960/728 836/958/728 851/967/728 852/969/728
f 830/961/729 829/959/729 844/968/729 845/970/729
f 823/947/730 732/971/730 838/972/730
f 958/973/731 837/960/731 852/969/731
f 831/949/732 830/961/732 845/970/732 846/974/732
f 824/948/733 823/947/733 838/972/733 839/975/733
f 832/950/734 831/949/734 846/974/734 847/976/734
f 825/951/735 824/948/735 839/975/735 840/977/735
f 833/952/736 832/950/736 847/976/736 848/978/736
f 826/953/737 825/951/737 840/977/737 841/979/737
f 834/954/738 833/952/738 848/978/738 849/980/738
f 827/955/739 826/953/739 841/979/739 842/964/739
f 835/956/740 834/954/740 849/980/740 850/966/740
f 847/976/741 846/974/741 861/981/741 862/982/741
f 840/977/742 839/975/742 854/983/742 855/984/742
f 848/978/743 847/976/743 862/982/743 863/985/743
f 841/979/744 840/977/744 855/984/744 856/986/744
f 849/980/745 848/978/745 863/985/745 864/987/745
f 842/964/746 841/979/746 856/986/746 857/988/746
f 850/966/747 849/980/747 864/987/747 865/989/747
f 843/965/748 842/964/748 857/988/748 858/990/748
f 851/967/749 850/966/749 865/989/749 866/991/749
f 844/968/750 843/965/750 858/990/750 859/992/750
f 852/969/751 851/967/751 866/991/751 867/993/751
f 845/970/752 844/968/752 859/992/752 860/994/752
f 838/972/753 732/995/753 853/996/753
f 958/997/754 852/969/754 867/993/754
f 846/974/755 845/970/755 860/994/755 861/981/755
f 839/975/756 838/972/756 853/996/756 854/983/756
f 866/991/757 865/989/757 880/998/757 881/999/757
f 859/992/758 858/990/758 873/1000/758 874/1001/758
f 867/993/759 866/991/759 881/999/759 882/1002/759
f 860/994/760 859/992/760 874/1001/760 875/1003/760
f 853/996/761 732/1004/761 868/1005/761
f 958/1006/762 867/993/762 882/1002/762
f 861/981/763 860/994/763 875/1003/763 876/1007/763
f 854/983/764 853/996/764 868/1005/764 869/1008/764
f 862/982/765 861/981/765 876/1007/765 877/1009/765
f 855/984/766 854/983/766 869/1008/766 870/1010/766
f 863/985/767 862/982/767 877/1009/767 878/1011/767
f 856/986/768 855/984/768 870/1010/768 871/1012/768
f 864/987/769 863/985/769 878/1011/769 879/1013/769
f 857/988/770 856/986/770 871/1012/770 872/1014/770
f 865/989/771 864/987/771 879/1013/771 880/998/771
f 858/990/772 857/988/772 872/1014/772 873/1000/772
f 870/1010/773 869/1008/773 884/1015/773 885/1016/773
f 878/1011/774 877/1009/774 892/1017/774 893/1018/774
f 871/1012/775 870/1010/775 885/1016/775 886/1019/775
f 879/1013/776 878/1011/776 893/1018/776 894/1020/776
f 872/1014/777 871/1012/777 886/1019/777 887/1021/777
f 880/998/778 879/1013/778 894/1020/778 895/1022/778
f 873/1000/779 872/1014/779 887/1021/779 888/1023/779
f 881/999/780 880/998/780 895/1022/780 896/1024/780
f 874/1001/781 873/1000/781 888/1023/781 889/1025/781
f 882/1002/782 881/999/782 896/1024/782 897/1026/782
f 875/1003/783 874/1001/783 889/1025/783 890/1027/783
f 868/1005/784 732/1028/784 883/1029/784
f 958/1030/785 882/1002/785 897/1026/785
f 876/1007/786 875/1003/786 890/1027/786 891/1031/786
f 869/1008/787 868/1005/787 883/1029/787 884/1015/787
f 877/1009/788 876/1007/788 891/1031/788 892/1017/788
f 889/1025/789 888/1023/789 903/1032/789 904/1033/789
f 897/1026/790 896/1024/790 911/1034/790 912/1035/790
f 890/1027/791 889/1025/791 904/1033/791 905/1036/791
f 883/1029/792 732/1037/792 898/1038/792
f 958/1039/793 897/1026/793 912/1035/793
f 891/1031/794 890/1027/794 905/1036/794 906/1040/794
f 884/1015/795 883/1029/795 898/1038/795 899/1041/795
f 892/1017/796 891/1031/796 906/1040/796 907/1042/796
f 885/1016/797 884/1015/797 899/1041/797 900/1043/797
f 893/1018/798 892/1017/798 907/1042/798 908/1044/798
f 886/1019/799 885/1016/799 900/1043/799 901/1045/799
f 894/1020/800 893/1018/800 908/1044/800 909/1046/800
f 887/1021/801 886/1019/801 901/1045/801 902/1047/801
f 895/1022/802 894/1020/802 909/1046/802 910/1048/802
f 888/1023/803 887/1021/803 902/1047/803 903/1032/803
f 896/1024/804 895/1022/804 910/1048/804 911/1034/804
f 908/1044/805 907/1042/805 922/1049/805 923/1050/805
f 901/1045/806 900/1043/806 915/1051/806 916/1052/806
f 909/1046/807 908/1044/807 923/1050/807 924/1053/807
f 902/1047/808 901/1045/808 916/1052/808 917/1054/808
f 910/1048/809 909/1046/809 924/1053/809 925/1055/809
f 903/1032/810 902/1047/810 917/1054/810 918/1056/810
f 911/1034/811 910/1048/811 925/1055/811 926/1057/811
f 904/1033/812 903/1032/812 918/1056/812 919/1058/812
f 912/1035/813 911/1034/813 926/1057/813 927/1059/813
f 905/1036/814 904/1033/814 919/1058/814 920/1060/814
f 898/1038/815 732/1061/815 913/1062/815
f 958/1063/816 912/1035/816 927/1059/816
f 906/1040/817 905/1036/817 920/1060/817 921/1064/817
f 899/1041/818 898/1038/818 913/1062/818 914/1065/818
f 907/1042/819 906/1040/819 921/1064/819 922/1049/819
f 900/1043/820 899/1041/820 914/1065/820 915/1051/820
f 927/1059/821 926/1057/821 941/1066/821 942/1067/821
f 920/1060/822 919/1058/822 934/1068/822 935/1069/822
f 913/1062/823 732/1070/823 928/1071/823
f 958/1072/824 927/1059/824 942/1067/824
f 921/1064/825 920/1060/825 935/1069/825 936/1073/825
f 914/1065/826 913/1062/826 928/1071/826 929/1074/826
f 922/1049/827 921/1064/827 936/1073/827 937/1075/827
f 915/1051/828 914/1065/828 929/1074/828 930/1076/828
f 923/1050/829 922/1049/829 937/1075/829 938/1077/829
f 916/1052/830 915/1051/830 930/1076/830 931/1078/830
f 924/1053/831 923/1050/831 938/1077/831 939/1079/831
f 917/1054/832 916/1052/832 931/1078/832 932/1080/832
f 925/1055/833 924/1053/833 939/1079/833 940/1081/833
f 918/1056/834 917/1054/834 932/1080/834 933/1082/834
f 926/1057/835 925/1055/835 940/1081/835 941/1066/835
f 919/1058/836 918/1056/836 933/1082/836 934/1068/836
f 939/1079/837 938/1077/837 953/1083/837 954/1084/837
f 932/1080/838 931/1078/838 946/1085/838 947/1086/838
f 940/1081/839 939/1079/839 954/1084/839 955/1087/839
f 933/1082/840 932/1080/840 947/1086/840 948/1088/840
f 941/1066/841 940/1081/841 955/1087/841 956/1089/841
f 934/1068/842 933/1082/842 948/1088/842 949/1090/842
f 942/1067/843 941/1066/843 956/1089/843 957/1091/843
f 935/1069/844 934/1068/844 949/1090/844 950/1092/844
f 928/1071/845 732/1093/845 943/1094/845
f 958/1095/846 942/1067/846 957/1091/846
f 936/1073/847 935/1069/847 950/1092/847 951/1096/847
f 929/1074/848 928/1071/848 943/1094/848 944/1097/848
f 937/1075/849 936/1073/849 951/1096/849 952/1098/849
f 930/1076/850 929/1074/850 944/1097/850 945/1099/850
f 938/1077/851 937/1075/851 952/1098/851 953/1083/851
f 931/1078/852 930/1076/852 945/1099/852 946/1085/852
f 943/1094/853 732/1100/853 959/1101/853
f 958/1102/854 957/1091/854 973/1103/854
f 951/1096/855 950/1092/855 966/1104/855 967/1105/855
f 944/1097/856 943/1094/856 959/1101/856 960/1106/856
f 952/1098/857 951/1096/857 967/1105/857 968/1107/857
f 945/1099/858 944/1097/858 960/1106/858 961/1108/858
f 953/1083/859 952/1098/859 968/1107/859 969/1109/859
f 946/1085/860 945/1099/860 961/1108/860 962/1110/860
f 954/1084/861 953/1083/861 969/1109/861 970/1111/861
f 947/1086/862 946/1085/862 962/1110/862 963/1112/862
f 955/1087/863 954/1084/863 970/1111/863 971/1113/863
f 948/1088/864 947/1086/864 963/1112/864 964/1114/864
f 956/1089/865 955/1087/865 971/1113/865 972/1115/865
f 949/1090/866 948/1088/866 964/1114/866 965/1116/866
f 957/1091/867 956/1089/867 972/1115/867 973/1103/867
f 950/1092/868 949/1090/868 965/1116/868 966/1104/868
f 963/1112/869 962/1110/869 977/1117/869 978/1118/869
f 971/1113/870 970/1111/870 985/1119/870 986/1120/870
f 964/1114/871 963/1112/871 978/1118/871 979/1121/871
f 972/1115/872 971/1113/872 986/1120/872 987/1122/872
f 965/1116/873 964/1114/873 979/1121/873 980/1123/873
f 973/1103/874 972/1115/874 987/1122/874 988/1124/874
f 966/1104/875 965/1116/875 980/1123/875 981/1125/875
f 959/1101/876 732/1126/876 974/1127/876
f 958/1128/877 973/1103/877 988/1124/877
f 967/1105/878 966/1104/878 981/1125/878 982/1129/878
f 960/1106/879 959/1101/879 974/1127/879 975/1130/879
f 968/1107/880 967/1105/880 982/1129/880 983/1131/880
f 961/1108/881 960/1106/881 975/1130/881 976/1132/881
f 969/1109/882 968/1107/882 983/1131/882 984/1133/882
f 962/1110/883 961/1108/883 976/1132/883 977/1117/883
f 970/1111/884 969/1109/884 984/1133/884 985/1119/884
f 982/1129/885 981/1125/885 996/1134/885 997/1135/885
f 975/1130/886 974/1127/886 989/1136/886 990/1137/886
f 983/1131/887 982/1129/887 997/1135/887 998/1138/887
f 976/1132/888 975/1130/888 990/1137/888 991/1139/888
f 984/1133/889 983/1131/889 998/1138/889 999/1140/889
f 977/1117/890 976/1132/890 991/1139/890 992/1141/890
f 985/1119/891 984/1133/891 999/1140/891 1000/1142/891
f 978/1118/892 977/1117/892 992/1141/892 993/1143/892
f 986/1120/893 985/1119/893 1000/1142/893 1001/1144/893
f 979/1121/894 978/1118/894 993/1143/894 994/1145/894
f 987/1122/895 986/1120/895 1001/1144/895 1002/1146/895
f 980/1123/896 979/1121/896 994/1145/896 995/1147/896
f 988/1124/897 987/1122/897 1002/1146/897 1003/1148/897
f 981/1125/898 980/1123/898 995/1147/898 996/1134/898
f 974/1127/899 732/1149/899 989/1136/899
f 958/1150/900 988/1124/900 1003/1148/900
f 1001/1144/901 1000/1142/901 1015/1151/901 1016/1152/901
f 994/1145/902 993/1143/902 1008/1153/902 1009/1154/902
f 1002/1146/903 1001/1144/903 1016/1152/903 1017/1155/903
f 995/1147/904 994/1145/904 1009/1154/904 1010/1156/904
f 1003/1148/905 1002/1146/905 1017/1155/905 1018/1157/905
f 996/1134/906 995/1147/906 1010/1156/906 1011/1158/906
f 989/1136/907 732/1159/907 1004/1160/907
f 958/1161/908 1003/1148/908 1018/1157/908
f 997/1135/909 996/1134/909 1011/1158/909 1012/1162/909
f 990/1137/910 989/1136/910 1004/1160/910 1005/1163/910
f 998/1138/911 997/1135/911 1012/1162/911 1013/1164/911
f 991/1139/912 990/1137/912 1005/1163/912 1006/1165/912
f 999/1140/913 998/1138/913 1013/1164/913 1014/1166/913
f 992/1141/914 991/1139/914 1006/1165/914 1007/1167/914
f 1000/1142/915 999/1140/915 1014/1166/915 1015/1151/915
f 993/1143/916 992/1141/916 1007/1167/916 1008/1153/916
f 1005/1168/917 1004/1169/917 1019/1170/917 1020/1171/917
f 1013/1172/918 1012/1173/918 1027/1174/918 1028/1175/918
f 1006/1176/919 1005/1168/919 1020/1171/919 1021/1177/919
f 1014/1178/920 1013/1172/920 1028/1175/920 1029/1179/920
f 1007/1180/921 1006/1176/921 1021/1177/921 1022/1181/921
f 1015/1182/922 1014/1178/922 1029/1179/922 1030/1183/922
f 1008/1184/923 1007/1180/923 1022/1181/923 1023/1185/923
f 1016/1186/924 1015/1182/924 1030/1183/924 1031/1187/924
f 1009/1188/925 1008/1184/925 1023/1185/925 1024/1189/925
f 1017/1190/926 1016/1186/926 1031/1187/926 1032/1191/926
f 1010/1192/927 1009/1188/927 1024/1189/927 1025/1193/927
f 1018/1194/928 1017/1190/928 1032/1191/928 1033/1195/928
f 1011/1196/929 1010/1192/929 1025/1193/929 1026/1197/929
f 1004/1169/930 732/1198/930 1019/1170/930
f 958/1199/931 1018/1194/931 1033/1195/931
f 1012/1173/932 1011/1196/932 1026/1197/932 1027/1174/932
f 1024/1189/933 1023/1185/933 1038/1200/933 1039/1201/933
f 1032/1191/934 1031/1187/934 1046/1202/934 1047/1203/934
f 1025/1193/935 1024/1189/935 1039/1201/935 1040/1204/935
f 1033/1195/936 1032/1191/936 1047/1203/936 1048/1205/936
f 1026/1197/937 1025/1193/937 1040/1204/937 1041/1206/937
f 1019/1170/938 732/1207/938 1034/1208/938
f 958/1209/939 1033/1195/939 1048/1205/939
f 1027/1174/940 1026/1197/940 1041/1206/940 1042/1210/940
f 1020/1171/941 1019/1170/941 1034/1208/941 1035/1211/941
f 1028/1175/942 1027/1174/942 1042/1210/942 1043/1212/942
f 1021/1177/943 1020/1171/943 1035/1211/943 1036/1213/943
f 1029/1179/944 1028/1175/944 1043/1212/944 1044/1214/944
f 1022/1181/945 1021/1177/945 1036/1213/945 1037/1215/945
f 1030/1183/946 1029/1179/946 1044/1214/946 1045/1216/946
f 1023/1185/947 1022/1181/947 1037/1215/947 1038/1200/947
f 1031/1187/948 1030/1183/948 1045/1216/948 1046/1202/948
f 1043/1212/949 1042/1210/949 1057/1217/949 1058/1218/949
f 1036/1213/950 1035/1211/950 1050/1219/950 1051/1220/950
f 1044/1214/951 1043/1212/951 1058/1218/951 1059/1221/951
f 1037/1215/952 1036/1213/952 1051/1220/952 1052/1222/952
f 1045/1216/953 1044/1214/953 1059/1221/953 1060/1223/953
f 1038/1200/954 1037/1215/954 1052/1222/954 1053/1224/954
f 1046/1202/955 1045/1216/955 1060/1223/955 1061/1225/955
f 1039/1201/956 1038/1200/956 1053/1224/956 1054/1226/956
f 1047/1203/957 1046/1202/957 1061/1225/957 1062/1227/957
f 1040/1204/958 1039/1201/958 1054/1226/958 1055/1228/958
f 1048/1205/959 1047/1203/959 1062/1227/959 1063/1229/959
f 1041/1206/960 1040/1204/960 1055/1228/960 1056/1230/960
f 1034/1208/961 732/1231/961 1049/1232/961
f 958/1233/962 1048/1205/962 1063/1229/962
f 1042/1210/963 1041/1206/963 1056/1230/963 1057/1217/963
f 1035/1211/964 1034/1208/964 1049/1232/964 1050/1219/964
f 1062/1227/965 1061/1225/965 1076/1234/965 1077/1235/965
f 1055/1228/966 1054/1226/966 1069/1236/966 1070/1237/966
f 1063/1229/967 1062/1227/967 1077/1235/967 1078/1238/967
f 1056/1230/968 1055/1228/968 1070/1237/968 1071/1239/968
f 1049/1232/969 732/1240/969 1064/1241/969
f 958/1242/970 1063/1229/970 1078/1238/970
f 1057/1217/971 1056/1230/971 1071/1239/971 1072/1243/971
f 1050/1219/972 1049/1232/972 1064/1241/972 1065/1244/972
f 1058/1218/973 1057/1217/973 1072/1243/973 1073/1245/973
f 1051/1220/974 1050/1219/974 1065/1244/974 1066/1246/974
f 1059/1221/975 1058/1218/975 1073/1245/975 1074/1247/975
f 1052/1222/976 1051/1220/976 1066/1246/976 1067/1248/976
f 1060/1223/977 1059/1221/977 1074/1247/977 1075/1249/977
f 1053/1224/978 1052/1222/978 1067/1248/978 1068/1250/978
f 1061/1225/979 1060/1223/979 1075/1249/979 1076/1234/979
f 1054/1226/980 1053/1224/980 1068/1250/980 1069/1236/980
f 1074/1247/981 1073/1245/981 1088/1251/981 1089/1252/981
f 1067/1248/982 1066/1246/982 1081/1253/982 1082/1254/982
f 1075/1249/983 1074/1247/983 1089/1252/983 1090/1255/983
f 1068/1250/984 1067/1248/984 1082/1254/984 1083/1256/984
f 1076/1234/985 1075/1249/985 1090/1255/985 1091/1257/985
f 1069/1236/986 1068/1250/986 1083/1256/986 1084/1258/986
f 1077/1235/987 1076/1234/987 1091/1257/987 1092/1259/987
f 1070/1237/988 1069/1236/988 1084/1258/988 1085/1260/988
f 1078/1238/989 1077/1235/989 1092/1259/989 1093/1261/989
f 1071/1239/990 1070/1237/990 1085/1260/990 1086/1262/990
f 1064/1241/991 732/1263/991 1079/1264/991
f 958/1265/992 1078/1238/992 1093/1261/992
f 1072/1243/993 1071/1239/993 1086/1262/993 1087/1266/993
f 1065/1244/994 1064/1241/994 1079/1264/994 1080/1267/994
f 1073/1245/995 1072/1243/995 1087/1266/995 1088/1251/995
f 1066/1246/996 1065/1244/996 1080/1267/996 1081/1253/996
f 1093/1261/997 1092/1259/997 1107/1268/997 1108/1269/997
f 1086/1262/998 1085/1260/998 1100/1270/998 1101/1271/998
f 1079/1264/999 732/1272/999 1094/1273/999
f 958/1274/1000 1093/1261/1000 1108/1269/1000
f 1087/1266/1001 1086/1262/1001 1101/1271/1001 1102/1275/1001
f 1080/1267/1002 1079/1264/1002 1094/1273/1002 1095/1276/1002
f 1088/1251/1003 1087/1266/1003 1102/1275/1003 1103/1277/1003
f 1081/1253/1004 1080/1267/1004 1095/1276/1004 1096/1278/1004
f 1089/1252/1005 1088/1251/1005 1103/1277/1005 1104/1279/1005
f 1082/1254/1006 1081/1253/1006 1096/1278/1006 1097/1280/1006
f 1090/1255/1007 1089/1252/1007 1104/1279/1007 1105/1281/1007
f 1083/1256/1008 1082/1254/1008 1097/1280/1008 1098/1282/1008
f 1091/1257/1009 1090/1255/1009 1105/1281/1009 1106/1283/1009
f 1084/1258/1010 1083/1256/1010 1098/1282/1010 1099/1284/1010
f 1092/1259/1011 1091/1257/1011 1106/1283/1011 1107/1268/1011
f 1085/1260/1012 1084/1258/1012 1099/1284/1012 1100/1270/1012
f 1097/1280/1013 1096/1278/1013 1111/1285/1013 1112/1286/1013
f 1105/1281/1014 1104/1279/1014 1119/1287/1014 1120/1288/1014
f 1098/1282/1015 1097/1280/1015 1112/1286/1015 1113/1289/1015
f 1106/1283/1016 1105/1281/1016 1120/1288/1016 1121/1290/1016
f 1099/1284/1017 1098/1282/1017 1113/1289/1017 1114/1291/1017
f 1107/1268/1018 1106/1283/1018 1121/1290/1018 1122/1292/1018
f 1100/1270/1019 1099/1284/1019 1114/1291/1019 1115/1293/1019
f 1108/1269/1020 1107/1268/1020 1122/1292/1020 1123/1294/1020
f 1101/1271/1021 1100/1270/1021 1115/1293/1021 1116/1295/1021
f 1094/1273/1022 732/1296/1022 1109/1297/1022
f 958/1298/1023 1108/1269/1023 1123/1294/1023
f 1102/1275/1024 1101/1271/1024 1116/1295/1024 1117/1299/1024
f 1095/1276/1025 1094/1273/1025 1109/1297/1025 1110/1300/1025
f 1103/1277/1026 1102/1275/1026 1117/1299/1026 1118/1301/1026
f 1096/1278/1027 1095/1276/1027 1110/1300/1027 1111/1285/1027
f 1104/1279/1028 1103/1277/1028 1118/1301/1028 1119/1287/1028
f 1116/1295/1029 1115/1293/1029 653/750/1029 654/749/1029
f 1109/1297/1030 732/1302/1030 1124/753/1030
f 958/1303/1031 1123/1294/1031 1132/745/1031
f 1117/1299/1032 1116/1295/1032 654/749/1032 655/757/1032
f 1110/1300/1033 1109/1297/1033 1124/753/1033 1125/759/1033
f 1118/1301/1034 1117/1299/1034 655/757/1034 1128/761/1034
f 1111/1285/1035 1110/1300/1035 1125/759/1035 651/763/1035
f 1119/1287/1036 1118/1301/1036 1128/761/1036 656/765/1036
f 1112/1286/1037 1111/1285/1037 651/763/1037 1126/767/1037
f 1120/1288/1038 1119/1287/1038 656/765/1038 1129/769/1038
f 1113/1289/1039 1112/1286/1039 1126/767/1039 652/771/1039
f 1121/1290/1040 1120/1288/1040 1129/769/1040 1130/773/1040
f 1114/1291/1041 1113/1289/1041 652/771/1041 1127/775/1041
f 1122/1292/1042 1121/1290/1042 1130/773/1042 1131/746/1042
f 1115/1293/1043 1114/1291/1043 1127/775/1043 653/750/1043
f 1123/1294/1044 1122/1292/1044 1131/746/1044 1132/745/1044
o 球.004
v -0.229905 0.112331 0.700470
v -0.229905 0.098571 0.686710
v -0.229905 0.080593 0.679263
v -0.229905 0.070863 0.678305
v -0.229905 0.061133 0.679263
v -0.229905 0.043155 0.686710
v -0.228007 0.119778 0.718636
v -0.226182 0.116940 0.709459
v -0.224499 0.112331 0.701003
v -0.223025 0.106129 0.693590
v -0.221815 0.098571 0.687507
v -0.220916 0.089949 0.682987
v -0.220362 0.080593 0.680203
v -0.220175 0.070863 0.679263
v -0.220362 0.061133 0.680203
v -0.220916 0.051778 0.682987
v -0.221815 0.043155 0.687507
v -0.223025 0.035598 0.693590
v -0.224499 0.029395 0.701003
v -0.226182 0.024786 0.709459
v -0.228007 0.021948 0.718636
v -0.226182 0.119778 0.719189
v -0.222601 0.116940 0.710546
v -0.219302 0.112331 0.702579
v -0.216409 0.106129 0.695597
v -0.214036 0.098571 0.689867
v -0.212272 0.089949 0.685609
v -0.211186 0.080593 0.682987
v -0.210819 0.070863 0.682102
v -0.211186 0.061133 0.682987
v -0.212272 0.051778 0.685609
v -0.214036 0.043155 0.689867
v -0.216409 0.035598 0.695597
v -0.219302 0.029395 0.702579
v -0.222601 0.024786 0.710546
v -0.226182 0.021948 0.719189
v -0.224499 0.119778 0.720088
v -0.219302 0.116940 0.712309
v -0.214511 0.112331 0.705140
v -0.210312 0.106129 0.698856
v -0.206867 0.098571 0.693699
v -0.204306 0.089949 0.689867
v -0.202729 0.080593 0.687507
v -0.202197 0.070863 0.686710
v -0.202729 0.061133 0.687507
v -0.204306 0.051778 0.689867
v -0.206867 0.043155 0.693699
v -0.210312 0.035598 0.698856
v -0.214511 0.029395 0.705140
v -0.219302 0.024786 0.712309
v -0.224499 0.021948 0.720088
v -0.223025 0.119778 0.721298
v -0.216409 0.116940 0.714683
v -0.210312 0.112331 0.708586
v -0.204968 0.106129 0.703242
v -0.200583 0.098571 0.698856
v -0.197324 0.089949 0.695597
v -0.195317 0.080593 0.693590
v -0.194639 0.070863 0.692913
v -0.195317 0.061133 0.693590
v -0.197324 0.051778 0.695597
v -0.200583 0.043155 0.698856
v -0.204968 0.035598 0.703242
v -0.210312 0.029395 0.708586
v -0.216409 0.024786 0.714683
v -0.223025 0.021948 0.721298
v -0.221815 0.119778 0.722773
v -0.214036 0.116940 0.717575
v -0.206867 0.112331 0.712785
v -0.200583 0.106129 0.708586
v -0.195426 0.098571 0.705140
v -0.191593 0.089949 0.702579
v -0.189234 0.080593 0.701003
v -0.188437 0.070863 0.700470
v -0.189234 0.061133 0.701003
v -0.191593 0.051778 0.702579
v -0.195426 0.043155 0.705140
v -0.200583 0.035598 0.708586
v -0.206867 0.029395 0.712785
v -0.214036 0.024786 0.717575
v -0.221815 0.021948 0.722773
v -0.229905 0.120737 0.728178
v -0.220916 0.119778 0.724455
v -0.212272 0.116940 0.720875
v -0.204306 0.112331 0.717575
v -0.197324 0.106129 0.714683
v -0.191593 0.098571 0.712309
v -0.187336 0.089949 0.710546
v -0.184713 0.080593 0.709459
v -0.183828 0.070863 0.709093
v -0.184713 0.061133 0.709459
v -0.187336 0.051778 0.710546
v -0.191593 0.043155 0.712309
v -0.197324 0.035598 0.714683
v -0.204306 0.029395 0.717575
v -0.212272 0.024786 0.720875
v -0.220916 0.021948 0.724455
v -0.220362 0.119778 0.726280
v -0.211186 0.116940 0.724455
v -0.202729 0.112331 0.722773
v -0.195317 0.106129 0.721298
v -0.189234 0.098571 0.720088
v -0.184713 0.089949 0.719189
v -0.181930 0.080593 0.718636
v -0.180990 0.070863 0.718449
v -0.181930 0.061133 0.718636
v -0.184713 0.051778 0.719189
v -0.189234 0.043155 0.720088
v -0.195317 0.035598 0.721298
v -0.202729 0.029395 0.722773
v -0.211186 0.024786 0.724455
v -0.220362 0.021948 0.726280
v -0.220175 0.119778 0.728178
v -0.210819 0.116940 0.728178
v -0.202197 0.112331 0.728178
v -0.194639 0.106129 0.728178
v -0.188437 0.098571 0.728178
v -0.183828 0.089949 0.728178
v -0.180990 0.080593 0.728178
v -0.180032 0.070863 0.728178
v -0.180990 0.061133 0.728178
v -0.183828 0.051778 0.728178
v -0.188437 0.043155 0.728178
v -0.194639 0.035598 0.728178
v -0.202197 0.029395 0.728178
v -0.210819 0.024786 0.728178
v -0.220175 0.021948 0.728178
v -0.220362 0.119778 0.730077
v -0.211186 0.116940 0.731902
v -0.202729 0.112331 0.733584
v -0.195317 0.106129 0.735058
v -0.189234 0.098571 0.736268
v -0.184713 0.089949 0.737168
v -0.181930 0.080593 0.737721
v -0.180990 0.070863 0.737908
v -0.181930 0.061133 0.737721
v -0.184713 0.051778 0.737168
v -0.189234 0.043155 0.736268
v -0.195317 0.035598 0.735058
v -0.202729 0.029395 0.733584
v -0.211186 0.024786 0.731902
v -0.220362 0.021948 0.730077
v -0.220916 0.119778 0.731902
v -0.212272 0.116940 0.735482
v -0.204306 0.112331 0.738782
v -0.197324 0.106129 0.741674
v -0.191593 0.098571 0.744048
v -0.187336 0.089949 0.745811
v -0.184713 0.080593 0.746897
v -0.183828 0.070863 0.747264
v -0.184713 0.061133 0.746897
v -0.187336 0.051778 0.745811
v -0.191593 0.043155 0.744048
v -0.197324 0.035598 0.741674
v -0.204306 0.029395 0.738782
v -0.212272 0.024786 0.735482
v -0.220916 0.021948 0.731902
v -0.221815 0.119778 0.733584
v -0.214036 0.116940 0.738782
v -0.206867 0.112331 0.743572
v -0.200583 0.106129 0.747771
v -0.195426 0.098571 0.751217
v -0.191593 0.089949 0.753777
v -0.189234 0.080593 0.755354
v -0.188437 0.070863 0.755887
v -0.189234 0.061133 0.755354
v -0.191593 0.051778 0.753777
v -0.195426 0.043155 0.751217
v -0.200583 0.035598 0.747771
v -0.206867 0.029395 0.743572
v -0.214036 0.024786 0.738782
v -0.221815 0.021948 0.733584
v -0.223025 0.119778 0.735058
v -0.216409 0.116940 0.741674
v -0.210312 0.112331 0.747771
v -0.204968 0.106129 0.753115
v -0.200583 0.098571 0.757501
v -0.197324 0.089949 0.760760
v -0.195317 0.080593 0.762767
v -0.194639 0.070863 0.763444
v -0.195317 0.061133 0.762767
v -0.197324 0.051778 0.760760
v -0.200583 0.043155 0.757501
v -0.204968 0.035598 0.753115
v -0.210312 0.029395 0.747771
v -0.216409 0.024786 0.741674
v -0.223025 0.021948 0.735058
v -0.224499 0.119778 0.736268
v -0.219302 0.116940 0.744048
v -0.214511 0.112331 0.751217
v -0.210312 0.106129 0.757501
v -0.206867 0.098571 0.762658
v -0.204306 0.089949 0.766490
v -0.202729 0.080593 0.768850
v -0.202197 0.070863 0.769647
v -0.202729 0.061133 0.768850
v -0.204306 0.051778 0.766490
v -0.206867 0.043155 0.762658
v -0.210312 0.035598 0.757501
v -0.214511 0.029395 0.751217
v -0.219302 0.024786 0.744048
v -0.224499 0.021948 0.736268
v -0.226182 0.119778 0.737168
v -0.222601 0.116940 0.745811
v -0.219302 0.112331 0.753777
v -0.216409 0.106129 0.760760
v -0.214036 0.098571 0.766490
v -0.212272 0.089949 0.770748
v -0.211186 0.080593 0.773370
v -0.210819 0.070863 0.774255
v -0.211186 0.061133 0.773370
v -0.212272 0.051778 0.770748
v -0.214036 0.043155 0.766490
v -0.216409 0.035598 0.760760
v -0.219302 0.029395 0.753777
v -0.222601 0.024786 0.745811
v -0.226182 0.021948 0.737168
v -0.228007 0.119778 0.737721
v -0.226182 0.116940 0.746897
v -0.224499 0.112331 0.755354
v -0.223025 0.106129 0.762767
v -0.221815 0.098571 0.768850
v -0.220916 0.089949 0.773370
v -0.220362 0.080593 0.776154
v -0.220175 0.070863 0.777093
v -0.220362 0.061133 0.776154
v -0.220916 0.051778 0.773370
v -0.221815 0.043155 0.768850
v -0.223025 0.035598 0.762767
v -0.224499 0.029395 0.755354
v -0.226182 0.024786 0.746897
v -0.228007 0.021948 0.737721
v -0.229905 0.119778 0.737908
v -0.229905 0.116940 0.747264
v -0.229905 0.112331 0.755887
v -0.229905 0.106129 0.763444
v -0.229905 0.098571 0.769647
v -0.229905 0.089949 0.774255
v -0.229905 0.080593 0.777093
v -0.229905 0.070863 0.778052
v -0.229905 0.061133 0.777093
v -0.229905 0.051778 0.774255
v -0.229905 0.043155 0.769647
v -0.229905 0.035598 0.763444
v -0.229905 0.029395 0.755887
v -0.229905 0.024786 0.747264
v -0.229905 0.021948 0.737908
v -0.231803 0.119778 0.737721
v -0.233628 0.116940 0.746897
v -0.235311 0.112331 0.755354
v -0.236785 0.106129 0.762767
v -0.237995 0.098571 0.768850
v -0.238894 0.089949 0.773370
v -0.239448 0.080593 0.776154
v -0.239635 0.070863 0.777093
v -0.239448 0.061133 0.776154
v -0.238894 0.051778 0.773370
v -0.237995 0.043155 0.768850
v -0.236785 0.035598 0.762767
v -0.235311 0.029395 0.755354
v -0.233628 0.024786 0.746897
v -0.231803 0.021948 0.737721
v -0.233628 0.119778 0.737168
v -0.237209 0.116940 0.745811
v -0.240508 0.112331 0.753777
v -0.243401 0.106129 0.760760
v -0.245774 0.098571 0.766490
v -0.247538 0.089949 0.770748
v -0.248624 0.080593 0.773370
v -0.248991 0.070863 0.774255
v -0.248624 0.061133 0.773370
v -0.247538 0.051778 0.770748
v -0.245774 0.043155 0.766490
v -0.243401 0.035598 0.760760
v -0.240508 0.029395 0.753777
v -0.237209 0.024786 0.745811
v -0.233628 0.021948 0.737168
v -0.235311 0.119778 0.736268
v -0.240508 0.116940 0.744048
v -0.245299 0.112331 0.751217
v -0.249498 0.106129 0.757501
v -0.252943 0.098571 0.762658
v -0.255504 0.089949 0.766490
v -0.257081 0.080593 0.768850
v -0.257613 0.070863 0.769647
v -0.257081 0.061133 0.768850
v -0.255504 0.051778 0.766490
v -0.252943 0.043155 0.762658
v -0.249498 0.035598 0.757501
v -0.245299 0.029395 0.751217
v -0.240508 0.024786 0.744048
v -0.235311 0.021948 0.736268
v -0.236785 0.119778 0.735058
v -0.243401 0.116940 0.741674
v -0.249498 0.112331 0.747771
v -0.254842 0.106129 0.753115
v -0.259227 0.098571 0.757501
v -0.262486 0.089949 0.760760
v -0.264493 0.080593 0.762767
v -0.265171 0.070863 0.763444
v -0.264493 0.061133 0.762767
v -0.262486 0.051778 0.760760
v -0.259227 0.043155 0.757501
v -0.254842 0.035598 0.753115
v -0.249498 0.029395 0.747771
v -0.243401 0.024786 0.741674
v -0.236785 0.021948 0.735058
v -0.229905 0.020990 0.728178
v -0.237995 0.119778 0.733584
v -0.245774 0.116940 0.738782
v -0.252943 0.112331 0.743572
v -0.259227 0.106129 0.747771
v -0.264384 0.098571 0.751217
v -0.268217 0.089949 0.753777
v -0.270576 0.080593 0.755354
v -0.271373 0.070863 0.755886
v -0.270576 0.061133 0.755354
v -0.268217 0.051778 0.753777
v -0.264384 0.043155 0.751217
v -0.259227 0.035598 0.747771
v -0.252943 0.029395 0.743572
v -0.245774 0.024786 0.738782
v -0.237995 0.021948 0.733584
v -0.238894 0.119778 0.731902
v -0.247538 0.116940 0.735482
v -0.255504 0.112331 0.738782
v -0.262486 0.106129 0.741674
v -0.268217 0.098571 0.744048
v -0.272474 0.089949 0.745811
v -0.275097 0.080593 0.746897
v -0.275982 0.070863 0.747264
v -0.275097 0.061133 0.746897
v -0.272474 0.051778 0.745811
v -0.268217 0.043155 0.744048
v -0.262486 0.035598 0.741674
v -0.255504 0.029395 0.738782
v -0.247538 0.024786 0.735482
v -0.238894 0.021948 0.731902
v -0.239448 0.119778 0.730077
v -0.248624 0.116940 0.731902
v -0.257081 0.112331 0.733584
v -0.264493 0.106129 0.735058
v -0.270576 0.098571 0.736268
v -0.275097 0.089949 0.737168
v -0.277880 0.080593 0.737721
v -0.278820 0.070863 0.737908
v -0.277880 0.061133 0.737721
v -0.275097 0.051778 0.737168
v -0.270576 0.043155 0.736268
v -0.264493 0.035598 0.735058
v -0.257081 0.029395 0.733584
v -0.248624 0.024786 0.731902
v -0.239448 0.021948 0.730077
v -0.239635 0.119778 0.728178
v -0.248991 0.116940 0.728178
v -0.257613 0.112331 0.728178
v -0.265171 0.106129 0.728178
v -0.271373 0.098571 0.728178
v -0.275982 0.089949 0.728178
v -0.278820 0.080593 0.728178
v -0.279778 0.070863 0.728178
v -0.278820 0.061133 0.728178
v -0.275982 0.051778 0.728178
v -0.271373 0.043155 0.728178
v -0.265171 0.035598 0.728178
v -0.257613 0.029395 0.728178
v -0.248991 0.024786 0.728178
v -0.239635 0.021948 0.728178
v -0.239448 0.119778 0.726280
v -0.248624 0.116940 0.724455
v -0.257081 0.112331 0.722773
v -0.264493 0.106129 0.721298
v -0.270576 0.098571 0.720088
v -0.275097 0.089949 0.719189
v -0.277880 0.080593 0.718636
v -0.278820 0.070863 0.718449
v -0.277880 0.061133 0.718636
v -0.275097 0.051778 0.719189
v -0.270576 0.043155 0.720088
v -0.264493 0.035598 0.721298
v -0.257081 0.029395 0.722773
v -0.248624 0.024786 0.724455
v -0.239448 0.021948 0.726280
v -0.238894 0.119778 0.724455
v -0.247538 0.116940 0.720875
v -0.255504 0.112331 0.717575
v -0.262486 0.106129 0.714683
v -0.268217 0.098571 0.712309
v -0.272474 0.089949 0.710546
v -0.275097 0.080593 0.709459
v -0.275982 0.070863 0.709093
v -0.275097 0.061133 0.709459
v -0.272474 0.051778 0.710546
v -0.268217 0.043155 0.712309
v -0.262486 0.035598 0.714683
v -0.255504 0.029395 0.717575
v -0.247538 0.024786 0.720875
v -0.238894 0.021948 0.724455
v -0.237995 0.119778 0.722773
v -0.245774 0.116940 0.717575
v -0.252943 0.112331 0.712785
v -0.259227 0.106129 0.708586
v -0.264384 0.098571 0.705140
v -0.268217 0.089949 0.702579
v -0.270576 0.080593 0.701003
v -0.271373 0.070863 0.700470
v -0.270576 0.061133 0.701003
v -0.268217 0.051778 0.702579
v -0.264384 0.043155 0.705140
v -0.259227 0.035598 0.708586
v -0.252943 0.029395 0.712785
v -0.245774 0.024786 0.717575
v -0.237995 0.021948 0.722773
v -0.236785 0.119778 0.721298
v -0.243401 0.116940 0.714683
v -0.249498 0.112331 0.708586
v -0.254842 0.106129 0.703242
v -0.259227 0.098571 0.698856
v -0.262486 0.089949 0.695597
v -0.264493 0.080593 0.693590
v -0.265171 0.070863 0.692913
v -0.264493 0.061133 0.693590
v -0.262486 0.051778 0.695597
v -0.259227 0.043155 0.698856
v -0.254842 0.035598 0.703242
v -0.249498 0.029395 0.708586
v -0.243401 0.024786 0.714683
v -0.236785 0.021948 0.721298
v -0.235311 0.119778 0.720088
v -0.240508 0.116940 0.712309
v -0.245299 0.112331 0.705140
v -0.249498 0.106129 0.698856
v -0.252943 0.098571 0.693699
v -0.255504 0.089949 0.689867
v -0.257081 0.080593 0.687507
v -0.257613 0.070863 0.686710
v -0.257081 0.061133 0.687507
v -0.255504 0.051778 0.689867
v -0.252943 0.043155 0.693699
v -0.249498 0.035598 0.698856
v -0.245299 0.029395 0.705140
v -0.240508 0.024786 0.712309
v -0.235311 0.021948 0.720088
v -0.233628 0.119778 0.719189
v -0.237209 0.116940 0.710546
v -0.240508 0.112331 0.702579
v -0.243401 0.106129 0.695597
v -0.245774 0.098571 0.689867
v -0.247538 0.089949 0.685609
v -0.248624 0.080593 0.682987
v -0.248991 0.070863 0.682102
v -0.248624 0.061133 0.682987
v -0.247538 0.051778 0.685609
v -0.245774 0.043155 0.689867
v -0.243401 0.035598 0.695597
v -0.240508 0.029395 0.702579
v -0.237209 0.024786 0.710546
v -0.233628 0.021948 0.719189
v -0.231803 0.119778 0.718636
v -0.233628 0.116940 0.709459
v -0.235311 0.112331 0.701003
v -0.236785 0.106129 0.693590
v -0.237995 0.098571 0.687507
v -0.238894 0.089949 0.682987
v -0.239448 0.080593 0.680203
v -0.239635 0.070863 0.679264
v -0.239448 0.061133 0.680203
v -0.238894 0.051778 0.682987
v -0.237995 0.043155 0.687507
v -0.236785 0.035598 0.693590
v -0.235311 0.029395 0.701003
v -0.233628 0.024786 0.709459
v -0.231803 0.021948 0.718636
v -0.229905 0.119778 0.718449
v -0.229905 0.116940 0.709093
v -0.229905 0.106129 0.692913
v -0.229905 0.089949 0.682102
v -0.229905 0.051778 0.682102
v -0.229905 0.035598 0.692913
v -0.229905 0.029395 0.700470
v -0.229905 0.024786 0.709093
v -0.229905 0.021948 0.718449
vn 0.0286 -0.9565 -0.2902
vn 0.0976 0.0975 -0.9904
vn 0.0096 0.9951 -0.0980
vn 0.0097 -0.9951 -0.0980
vn 0.0976 -0.0975 -0.9904
vn 0.0286 0.9565 -0.2902
vn 0.0938 -0.2890 -0.9527
vn 0.0464 0.8810 -0.4709
vn 0.0865 -0.4696 -0.8786
vn 0.0624 0.7715 -0.6332
vn 0.0759 -0.6326 -0.7708
vn 0.0759 0.6326 -0.7708
vn 0.0624 -0.7715 -0.6332
vn 0.0865 0.4696 -0.8786
vn 0.0464 -0.8810 -0.4709
vn 0.0938 0.2890 -0.9527
vn 0.1374 -0.8810 -0.4528
vn 0.2779 0.2890 -0.9161
vn 0.0846 -0.9566 -0.2790
vn 0.2889 0.0976 -0.9524
vn 0.0286 0.9951 -0.0943
vn 0.0286 -0.9951 -0.0942
vn 0.2889 -0.0976 -0.9524
vn 0.0846 0.9566 -0.2790
vn 0.2779 -0.2890 -0.9161
vn 0.1374 0.8810 -0.4528
vn 0.2563 -0.4696 -0.8448
vn 0.1847 0.7715 -0.6088
vn 0.2248 -0.6326 -0.7412
vn 0.2248 0.6326 -0.7412
vn 0.1847 -0.7715 -0.6088
vn 0.2563 0.4696 -0.8448
vn 0.2230 0.8810 -0.4173
vn 0.4162 -0.4696 -0.7786
vn 0.2999 0.7715 -0.5611
vn 0.3651 -0.6326 -0.6831
vn 0.3651 0.6326 -0.6831
vn 0.2999 -0.7715 -0.5611
vn 0.4162 0.4696 -0.7786
vn 0.2230 -0.8810 -0.4173
vn 0.4513 0.2890 -0.8443
vn 0.1374 -0.9565 -0.2571
vn 0.4691 0.0976 -0.8777
vn 0.0464 0.9951 -0.0869
vn 0.0464 -0.9951 -0.0869
vn 0.4691 -0.0976 -0.8777
vn 0.1374 0.9565 -0.2571
vn 0.4513 -0.2890 -0.8443
vn 0.6073 0.2890 -0.7400
vn 0.1850 -0.9566 -0.2254
vn 0.6314 0.0975 -0.7693
vn 0.0625 0.9951 -0.0761
vn 0.0625 -0.9951 -0.0761
vn 0.6314 -0.0975 -0.7693
vn 0.1850 0.9566 -0.2254
vn 0.6073 -0.2890 -0.7400
vn 0.3002 0.8810 -0.3658
vn 0.5601 -0.4696 -0.6825
vn 0.4036 0.7715 -0.4918
vn 0.4913 -0.6326 -0.5987
vn 0.4913 0.6326 -0.5987
vn 0.4036 -0.7715 -0.4918
vn 0.5601 0.4696 -0.6825
vn 0.3002 -0.8810 -0.3658
vn 0.6825 -0.4696 -0.5601
vn 0.4918 0.7715 -0.4036
vn 0.5987 -0.6326 -0.4913
vn 0.5987 0.6326 -0.4913
vn 0.4918 -0.7715 -0.4036
vn 0.6825 0.4696 -0.5601
vn 0.3658 -0.8810 -0.3002
vn 0.7400 0.2890 -0.6073
vn 0.2254 -0.9566 -0.1850
vn 0.7693 0.0975 -0.6314
vn 0.0761 0.9951 -0.0625
vn 0.0761 -0.9951 -0.0625
vn 0.7693 -0.0975 -0.6314
vn 0.2254 0.9566 -0.1850
vn 0.7400 -0.2890 -0.6073
vn 0.3658 0.8810 -0.3002
vn 0.2571 -0.9565 -0.1374
vn 0.8777 0.0975 -0.4691
vn 0.0869 0.9951 -0.0464
vn 0.0869 -0.9951 -0.0464
vn 0.8777 -0.0975 -0.4691
vn 0.2571 0.9566 -0.1374
vn 0.8443 -0.2890 -0.4513
vn 0.4173 0.8810 -0.2230
vn 0.7786 -0.4696 -0.4162
vn 0.5611 0.7715 -0.2999
vn 0.6831 -0.6326 -0.3651
vn 0.6831 0.6326 -0.3651
vn 0.5611 -0.7715 -0.2999
vn 0.7786 0.4696 -0.4162
vn 0.4173 -0.8810 -0.2230
vn 0.8443 0.2890 -0.4513
vn 0.6088 0.7715 -0.1847
vn 0.7412 -0.6326 -0.2248
vn 0.7412 0.6326 -0.2248
vn 0.6088 -0.7715 -0.1847
vn 0.8448 0.4696 -0.2563
vn 0.4528 -0.8810 -0.1374
vn 0.9161 0.2890 -0.2779
vn 0.2790 -0.9566 -0.0846
vn 0.9524 0.0975 -0.2889
vn 0.0942 0.9951 -0.0286
vn 0.0942 -0.9951 -0.0286
vn 0.9524 -0.0975 -0.2889
vn 0.2790 0.9566 -0.0846
vn 0.9161 -0.2890 -0.2779
vn 0.4528 0.8810 -0.1374
vn 0.8448 -0.4696 -0.2563
vn 0.9904 0.0975 -0.0976
vn 0.0980 0.9951 -0.0097
vn 0.0980 -0.9951 -0.0097
vn 0.9904 -0.0975 -0.0976
vn 0.2902 0.9565 -0.0286
vn 0.9527 -0.2890 -0.0938
vn 0.4709 0.8810 -0.0464
vn 0.8786 -0.4696 -0.0865
vn 0.6332 0.7715 -0.0624
vn 0.7708 -0.6326 -0.0759
vn 0.7708 0.6326 -0.0759
vn 0.6332 -0.7715 -0.0624
vn 0.8786 0.4696 -0.0865
vn 0.4709 -0.8810 -0.0464
vn 0.9527 0.2890 -0.0938
vn 0.2902 -0.9565 -0.0286
vn 0.7708 -0.6326 0.0759
vn 0.7708 0.6326 0.0759
vn 0.6332 -0.7715 0.0624
vn 0.8786 0.4696 0.0865
vn 0.4709 -0.8810 0.0464
vn 0.9527 0.2890 0.0938
vn 0.2902 -0.9565 0.0286
vn 0.9904 0.0975 0.0976
vn 0.0980 0.9951 0.0097
vn 0.0980 -0.9951 0.0097
vn 0.9904 -0.0975 0.0976
vn 0.2902 0.9565 0.0286
vn 0.9527 -0.2890 0.0938
vn 0.4709 0.8810 0.0464
vn 0.8786 -0.4696 0.0865
vn 0.6332 0.7715 0.0624
vn 0.0942 -0.9951 0.0286
vn 0.9524 -0.0975 0.2889
vn 0.2790 0.9565 0.0846
vn 0.9161 -0.2890 0.2779
vn 0.4528 0.8810 0.1374
vn 0.8449 -0.4696 0.2563
vn 0.6088 0.7715 0.1847
vn 0.7412 -0.6326 0.2248
vn 0.7412 0.6326 0.2248
vn 0.6088 -0.7715 0.1847
vn 0.8448 0.4696 0.2563
vn 0.4528 -0.8810 0.1374
vn 0.9161 0.2890 0.2779
vn 0.2790 -0.9565 0.0846
vn 0.9524 0.0975 0.2889
vn 0.0942 0.9951 0.0286
vn 0.5611 -0.7715 0.2999
vn 0.7786 0.4696 0.4162
vn 0.4173 -0.8810 0.2230
vn 0.8443 0.2890 0.4513
vn 0.2571 -0.9565 0.1374
vn 0.8777 0.0975 0.4691
vn 0.0869 0.9951 0.0464
vn 0.0869 -0.9951 0.0464
vn 0.8777 -0.0975 0.4691
vn 0.2571 0.9565 0.1374
vn 0.8443 -0.2890 0.4513
vn 0.4173 0.8810 0.2230
vn 0.7786 -0.4696 0.4162
vn 0.5611 0.7715 0.2999
vn 0.6831 -0.6326 0.3651
vn 0.6831 0.6326 0.3651
vn 0.2254 0.9565 0.1850
vn 0.7400 -0.2890 0.6073
vn 0.3658 0.8810 0.3002
vn 0.6825 -0.4696 0.5601
vn 0.4918 0.7715 0.4036
vn 0.5987 -0.6326 0.4913
vn 0.5987 0.6326 0.4913
vn 0.4918 -0.7715 0.4036
vn 0.6825 0.4696 0.5601
vn 0.3658 -0.8810 0.3002
vn 0.7400 0.2890 0.6073
vn 0.2254 -0.9565 0.1850
vn 0.7693 0.0975 0.6314
vn 0.0761 0.9951 0.0625
vn 0.0761 -0.9951 0.0625
vn 0.7693 -0.0975 0.6314
vn 0.5601 0.4696 0.6825
vn 0.3002 -0.8810 0.3658
vn 0.6073 0.2890 0.7400
vn 0.1850 -0.9566 0.2254
vn 0.6314 0.0976 0.7693
vn 0.0625 0.9951 0.0761
vn 0.0625 -0.9951 0.0761
vn 0.6314 -0.0976 0.7693
vn 0.1850 0.9566 0.2254
vn 0.6073 -0.2890 0.7400
vn 0.3002 0.8810 0.3658
vn 0.5601 -0.4696 0.6825
vn 0.4036 0.7715 0.4918
vn 0.4913 -0.6326 0.5987
vn 0.4913 0.6326 0.5987
vn 0.4036 -0.7715 0.4918
vn 0.4513 -0.2890 0.8443
vn 0.2230 0.8810 0.4173
vn 0.4162 -0.4696 0.7786
vn 0.2999 0.7715 0.5611
vn 0.3651 -0.6326 0.6831
vn 0.3651 0.6326 0.6831
vn 0.2999 -0.7715 0.5611
vn 0.4162 0.4696 0.7786
vn 0.2230 -0.8810 0.4173
vn 0.4513 0.2890 0.8443
vn 0.1374 -0.9565 0.2571
vn 0.4691 0.0976 0.8777
vn 0.0464 0.9951 0.0869
vn 0.0464 -0.9951 0.0869
vn 0.4692 -0.0976 0.8777
vn 0.1374 0.9565 0.2571
vn 0.1374 -0.8810 0.4528
vn 0.2779 0.2890 0.9161
vn 0.0846 -0.9566 0.2790
vn 0.2889 0.0975 0.9524
vn 0.0286 0.9951 0.0943
vn 0.0286 -0.9951 0.0942
vn 0.2889 -0.0975 0.9524
vn 0.0846 0.9565 0.2790
vn 0.2779 -0.2890 0.9161
vn 0.1374 0.8810 0.4528
vn 0.2563 -0.4696 0.8448
vn 0.1847 0.7715 0.6088
vn 0.2248 -0.6326 0.7412
vn 0.2248 0.6326 0.7412
vn 0.1847 -0.7715 0.6088
vn 0.2563 0.4696 0.8448
vn 0.0464 0.8810 0.4709
vn 0.0865 -0.4696 0.8786
vn 0.0624 0.7715 0.6332
vn 0.0759 -0.6326 0.7708
vn 0.0759 0.6326 0.7708
vn 0.0624 -0.7715 0.6332
vn 0.0865 0.4696 0.8786
vn 0.0464 -0.8810 0.4709
vn 0.0938 0.2890 0.9527
vn 0.0286 -0.9565 0.2902
vn 0.0975 0.0975 0.9904
vn 0.0096 0.9951 0.0980
vn 0.0097 -0.9951 0.0980
vn 0.0975 -0.0975 0.9904
vn 0.0286 0.9565 0.2902
vn 0.0938 -0.2890 0.9527
vn -0.0938 0.2890 0.9527
vn -0.0286 -0.9565 0.2902
vn -0.0976 0.0975 0.9904
vn -0.0096 0.9951 0.0980
vn -0.0097 -0.9951 0.0980
vn -0.0976 -0.0975 0.9904
vn -0.0286 0.9565 0.2902
vn -0.0938 -0.2890 0.9527
vn -0.0464 0.8810 0.4709
vn -0.0865 -0.4696 0.8786
vn -0.0624 0.7715 0.6332
vn -0.0759 -0.6326 0.7708
vn -0.0759 0.6326 0.7708
vn -0.0624 -0.7715 0.6332
vn -0.0865 0.4696 0.8786
vn -0.0464 -0.8810 0.4709
vn -0.2563 -0.4696 0.8448
vn -0.1847 0.7715 0.6088
vn -0.2248 -0.6326 0.7412
vn -0.2248 0.6326 0.7412
vn -0.1847 -0.7715 0.6088
vn -0.2563 0.4696 0.8448
vn -0.1374 -0.8810 0.4528
vn -0.2779 0.2890 0.9161
vn -0.0846 -0.9565 0.2790
vn -0.2889 0.0975 0.9524
vn -0.0286 0.9951 0.0942
vn -0.0286 -0.9951 0.0942
vn -0.2889 -0.0975 0.9524
vn -0.0846 0.9565 0.2790
vn -0.2779 -0.2890 0.9161
vn -0.1374 0.8810 0.4528
vn -0.1374 -0.9565 0.2571
vn -0.4691 0.0976 0.8777
vn -0.0464 0.9951 0.0869
vn -0.0464 -0.9951 0.0869
vn -0.4691 -0.0976 0.8777
vn -0.1374 0.9565 0.2571
vn -0.4513 -0.2890 0.8443
vn -0.2230 0.8810 0.4173
vn -0.4162 -0.4696 0.7786
vn -0.2999 0.7715 0.5611
vn -0.3651 -0.6326 0.6831
vn -0.3651 0.6326 0.6831
vn -0.2999 -0.7715 0.5611
vn -0.4162 0.4696 0.7786
vn -0.2230 -0.8810 0.4173
vn -0.4513 0.2890 0.8443
vn -0.4913 -0.6326 0.5987
vn -0.4913 0.6326 0.5987
vn -0.4036 -0.7715 0.4918
vn -0.5601 0.4696 0.6825
vn -0.3002 -0.8810 0.3658
vn -0.6073 0.2890 0.7400
vn -0.1850 -0.9566 0.2254
vn -0.6314 0.0975 0.7693
vn -0.0625 0.9951 0.0761
vn -0.0625 -0.9951 0.0761
vn -0.6314 -0.0975 0.7693
vn -0.1850 0.9565 0.2254
vn -0.6073 -0.2890 0.7400
vn -0.3002 0.8810 0.3658
vn -0.5601 -0.4696 0.6825
vn -0.4036 0.7715 0.4918
vn -0.0761 0.9951 0.0625
vn -0.0761 -0.9951 0.0625
vn -0.7693 -0.0975 0.6314
vn -0.2254 0.9565 0.1850
vn -0.7400 -0.2890 0.6073
vn -0.3658 0.8810 0.3002
vn -0.6825 -0.4696 0.5601
vn -0.4918 0.7715 0.4036
vn -0.5987 -0.6326 0.4913
vn -0.5987 0.6326 0.4913
vn -0.4918 -0.7715 0.4036
vn -0.6825 0.4696 0.5601
vn -0.3658 -0.8810 0.3002
vn -0.7400 0.2890 0.6073
vn -0.2254 -0.9565 0.1850
vn -0.7693 0.0976 0.6314
vn -0.6831 0.6326 0.3651
vn -0.5611 -0.7715 0.2999
vn -0.7786 0.4696 0.4162
vn -0.4173 -0.8810 0.2230
vn -0.8443 0.2890 0.4513
vn -0.2571 -0.9565 0.1374
vn -0.8777 0.0975 0.4692
vn -0.0869 0.9951 0.0464
vn -0.0869 -0.9951 0.0464
vn -0.8777 -0.0975 0.4692
vn -0.2571 0.9565 0.1374
vn -0.8443 -0.2890 0.4513
vn -0.4173 0.8810 0.2230
vn -0.7786 -0.4696 0.4162
vn -0.5611 0.7715 0.2999
vn -0.6831 -0.6326 0.3651
vn -0.9524 -0.0975 0.2889
vn -0.2790 0.9565 0.0846
vn -0.9161 -0.2890 0.2779
vn -0.4528 0.8810 0.1374
vn -0.8448 -0.4696 0.2563
vn -0.6088 0.7715 0.1847
vn -0.7412 -0.6326 0.2248
vn -0.7412 0.6326 0.2248
vn -0.6088 -0.7715 0.1847
vn -0.8448 0.4696 0.2563
vn -0.4528 -0.8810 0.1374
vn -0.9161 0.2890 0.2779
vn -0.2790 -0.9565 0.0846
vn -0.9524 0.0975 0.2889
vn -0.0942 0.9951 0.0286
vn -0.0942 -0.9951 0.0286
vn -0.6332 -0.7715 0.0624
vn -0.8786 0.4696 0.0865
vn -0.4709 -0.8810 0.0464
vn -0.9527 0.2890 0.0938
vn -0.2902 -0.9565 0.0286
vn -0.9904 0.0975 0.0976
vn -0.0980 0.9951 0.0097
vn -0.0980 -0.9951 0.0097
vn -0.9904 -0.0975 0.0976
vn -0.2902 0.9565 0.0286
vn -0.9527 -0.2890 0.0938
vn -0.4709 0.8810 0.0464
vn -0.8786 -0.4696 0.0865
vn -0.6332 0.7715 0.0624
vn -0.7708 -0.6326 0.0759
vn -0.7708 0.6326 0.0759
vn -0.2902 0.9565 -0.0286
vn -0.9527 -0.2890 -0.0938
vn -0.4709 0.8810 -0.0464
vn -0.8786 -0.4696 -0.0865
vn -0.6332 0.7715 -0.0624
vn -0.7708 -0.6326 -0.0759
vn -0.7708 0.6326 -0.0759
vn -0.6332 -0.7715 -0.0624
vn -0.8786 0.4696 -0.0865
vn -0.4709 -0.8810 -0.0464
vn -0.9527 0.2890 -0.0938
vn -0.2902 -0.9565 -0.0286
vn -0.9904 0.0975 -0.0976
vn -0.0980 0.9951 -0.0097
vn -0.0980 -0.9951 -0.0097
vn -0.9904 -0.0975 -0.0976
vn -0.8448 0.4696 -0.2563
vn -0.4528 -0.8810 -0.1374
vn -0.9161 0.2890 -0.2779
vn -0.2790 -0.9565 -0.0846
vn -0.9524 0.0975 -0.2889
vn -0.0942 0.9951 -0.0286
vn -0.0942 -0.9951 -0.0286
vn -0.9524 -0.0975 -0.2889
vn -0.2790 0.9565 -0.0846
vn -0.9161 -0.2890 -0.2779
vn -0.4528 0.8810 -0.1374
vn -0.8448 -0.4696 -0.2563
vn -0.6088 0.7715 -0.1847
vn -0.7412 -0.6326 -0.2248
vn -0.7412 0.6326 -0.2248
vn -0.6088 -0.7715 -0.1847
vn -0.8443 -0.2890 -0.4513
vn -0.4173 0.8810 -0.2230
vn -0.7786 -0.4696 -0.4162
vn -0.5611 0.7715 -0.2999
vn -0.6831 -0.6326 -0.3651
vn -0.6831 0.6326 -0.3651
vn -0.5611 -0.7715 -0.2999
vn -0.7786 0.4696 -0.4162
vn -0.4173 -0.8810 -0.2230
vn -0.8443 0.2890 -0.4513
vn -0.2571 -0.9565 -0.1374
vn -0.8777 0.0975 -0.4691
vn -0.0869 0.9951 -0.0464
vn -0.0869 -0.9951 -0.0464
vn -0.8777 -0.0975 -0.4691
vn -0.2571 0.9565 -0.1374
vn -0.3658 -0.8810 -0.3002
vn -0.7400 0.2890 -0.6073
vn -0.2254 -0.9566 -0.1850
vn -0.7693 0.0975 -0.6314
vn -0.0761 0.9951 -0.0625
vn -0.0761 -0.9951 -0.0625
vn -0.7693 -0.0975 -0.6314
vn -0.2254 0.9566 -0.1850
vn -0.7400 -0.2890 -0.6073
vn -0.3658 0.8810 -0.3002
vn -0.6825 -0.4696 -0.5601
vn -0.4918 0.7715 -0.4036
vn -0.5987 -0.6326 -0.4913
vn -0.5987 0.6326 -0.4913
vn -0.4918 -0.7715 -0.4036
vn -0.6825 0.4696 -0.5601
vn -0.5601 -0.4696 -0.6825
vn -0.4036 0.7715 -0.4918
vn -0.4913 -0.6326 -0.5987
vn -0.4913 0.6326 -0.5987
vn -0.4036 -0.7715 -0.4918
vn -0.5601 0.4696 -0.6825
vn -0.3002 -0.8810 -0.3658
vn -0.6073 0.2890 -0.7400
vn -0.1850 -0.9566 -0.2254
vn -0.6314 0.0975 -0.7693
vn -0.0625 0.9951 -0.0761
vn -0.0625 -0.9951 -0.0761
vn -0.6314 -0.0975 -0.7693
vn -0.1850 0.9565 -0.2254
vn -0.6073 -0.2890 -0.7400
vn -0.3002 0.8810 -0.3658
vn -0.1374 -0.9565 -0.2571
vn -0.4691 0.0975 -0.8777
vn -0.0464 0.9951 -0.0869
vn -0.0464 -0.9951 -0.0869
vn -0.4691 -0.0975 -0.8777
vn -0.1374 0.9565 -0.2571
vn -0.4513 -0.2890 -0.8443
vn -0.2230 0.8810 -0.4173
vn -0.4162 -0.4696 -0.7786
vn -0.2999 0.7715 -0.5611
vn -0.3651 -0.6326 -0.6831
vn -0.3651 0.6326 -0.6831
vn -0.2999 -0.7715 -0.5611
vn -0.4162 0.4696 -0.7786
vn -0.2230 -0.8810 -0.4173
vn -0.4513 0.2890 -0.8443
vn -0.1847 0.7715 -0.6088
vn -0.2248 -0.6326 -0.7412
vn -0.2248 0.6326 -0.7412
vn -0.1847 -0.7715 -0.6088
vn -0.2563 0.4696 -0.8448
vn -0.1374 -0.8810 -0.4528
vn -0.2779 0.2890 -0.9161
vn -0.0846 -0.9565 -0.2790
vn -0.2889 0.0975 -0.9524
vn -0.0286 0.9951 -0.0943
vn -0.0286 -0.9951 -0.0943
vn -0.2889 -0.0975 -0.9524
vn -0.0846 0.9565 -0.2790
vn -0.2779 -0.2890 -0.9161
vn -0.1374 0.8810 -0.4528
vn -0.2563 -0.4696 -0.8448
vn -0.0976 0.0975 -0.9904
vn -0.0096 0.9951 -0.0980
vn -0.0097 -0.9951 -0.0980
vn -0.0976 -0.0975 -0.9904
vn -0.0286 0.9565 -0.2902
vn -0.0938 -0.2890 -0.9527
vn -0.0464 0.8810 -0.4709
vn -0.0865 -0.4696 -0.8786
vn -0.0624 0.7715 -0.6332
vn -0.0759 -0.6326 -0.7708
vn -0.0759 0.6326 -0.7708
vn -0.0624 -0.7715 -0.6332
vn -0.0865 0.4696 -0.8786
vn -0.0464 -0.8810 -0.4709
vn -0.0938 0.2890 -0.9527
vn -0.0286 -0.9565 -0.2902
vt 0.151160 0.802718
vt 0.151160 0.799725
vt 0.152657 0.799725
vt 0.152657 0.802718
vt 0.151160 0.781767
vt 0.151160 0.778774
vt 0.152657 0.778774
vt 0.152657 0.781767
vt 0.151160 0.760816
vt 0.151909 0.757822
vt 0.152657 0.760816
vt 0.151909 0.805711
vt 0.151160 0.784760
vt 0.152657 0.784760
vt 0.151160 0.763809
vt 0.152657 0.763809
vt 0.151160 0.787753
vt 0.152657 0.787753
vt 0.151160 0.766802
vt 0.152657 0.766802
vt 0.151160 0.790746
vt 0.152657 0.790746
vt 0.151160 0.769795
vt 0.152657 0.769795
vt 0.151160 0.793739
vt 0.152657 0.793739
vt 0.151160 0.772788
vt 0.152657 0.772788
vt 0.151160 0.796732
vt 0.152657 0.796732
vt 0.151160 0.775781
vt 0.152657 0.775781
vt 0.154153 0.796732
vt 0.154153 0.799725
vt 0.154153 0.775781
vt 0.154153 0.778774
vt 0.154153 0.802718
vt 0.154153 0.781767
vt 0.153405 0.757822
vt 0.154153 0.760816
vt 0.153405 0.805711
vt 0.154153 0.784760
vt 0.154153 0.763809
vt 0.154153 0.787753
vt 0.154153 0.766802
vt 0.154153 0.790746
vt 0.154153 0.769795
vt 0.154153 0.793739
vt 0.154153 0.772788
vt 0.155650 0.763809
vt 0.155650 0.766802
vt 0.155650 0.787753
vt 0.155650 0.790746
vt 0.155650 0.769795
vt 0.155650 0.793739
vt 0.155650 0.772788
vt 0.155650 0.796732
vt 0.155650 0.775781
vt 0.155650 0.799725
vt 0.155650 0.778774
vt 0.155650 0.802718
vt 0.155650 0.781767
vt 0.154902 0.757822
vt 0.155650 0.760816
vt 0.154902 0.805711
vt 0.155650 0.784760
vt 0.157146 0.775781
vt 0.157146 0.778774
vt 0.157146 0.799725
vt 0.157146 0.802718
vt 0.157146 0.781767
vt 0.156398 0.757822
vt 0.157146 0.760816
vt 0.156398 0.805711
vt 0.157146 0.784760
vt 0.157146 0.763809
vt 0.157146 0.787753
vt 0.157146 0.766802
vt 0.157146 0.790746
vt 0.157146 0.769795
vt 0.157146 0.793739
vt 0.157146 0.772788
vt 0.157146 0.796732
vt 0.158643 0.787753
vt 0.158643 0.790746
vt 0.158643 0.766802
vt 0.158643 0.769795
vt 0.158643 0.793739
vt 0.158643 0.772788
vt 0.158643 0.796732
vt 0.158643 0.775781
vt 0.158643 0.799725
vt 0.158643 0.778774
vt 0.158643 0.802718
vt 0.158643 0.781767
vt 0.157895 0.757822
vt 0.158643 0.760816
vt 0.157895 0.805711
vt 0.158643 0.784760
vt 0.158643 0.763809
vt 0.160139 0.799725
vt 0.160139 0.802718
vt 0.160139 0.778774
vt 0.160139 0.781767
vt 0.159391 0.757822
vt 0.160139 0.760816
vt 0.159391 0.805711
vt 0.160139 0.784760
vt 0.160139 0.763809
vt 0.160139 0.787753
vt 0.160139 0.766802
vt 0.160139 0.790746
vt 0.160139 0.769795
vt 0.160139 0.793739
vt 0.160139 0.772788
vt 0.160139 0.796732
vt 0.160139 0.775781
vt 0.161636 0.766802
vt 0.161636 0.769795
vt 0.161636 0.790746
vt 0.161636 0.793739
vt 0.161636 0.772788
vt 0.161636 0.796732
vt 0.161636 0.775781
vt 0.161636 0.799725
vt 0.161636 0.778774
vt 0.161636 0.802718
vt 0.161636 0.781767
vt 0.160888 0.757822
vt 0.161636 0.760816
vt 0.160888 0.805711
vt 0.161636 0.784760
vt 0.161636 0.763809
vt 0.161636 0.787753
vt 0.163133 0.778774
vt 0.163133 0.781767
vt 0.162384 0.757822
vt 0.163133 0.760816
vt 0.162384 0.805711
vt 0.163133 0.802718
vt 0.163133 0.784760
vt 0.163133 0.763809
vt 0.163133 0.787753
vt 0.163133 0.766802
vt 0.163133 0.790746
vt 0.163133 0.769795
vt 0.163133 0.793739
vt 0.163133 0.772788
vt 0.163133 0.796732
vt 0.163133 0.775781
vt 0.163133 0.799725
vt 0.164629 0.790746
vt 0.164629 0.793739
vt 0.164629 0.769795
vt 0.164629 0.772788
vt 0.164629 0.796732
vt 0.164629 0.775781
vt 0.164629 0.799725
vt 0.164629 0.778774
vt 0.164629 0.802718
vt 0.164629 0.781767
vt 0.163881 0.757822
vt 0.164629 0.760816
vt 0.163881 0.805711
vt 0.164629 0.784760
vt 0.164629 0.763809
vt 0.164629 0.787753
vt 0.164629 0.766802
vt 0.165377 0.805711
vt 0.166126 0.802718
vt 0.166126 0.781767
vt 0.166126 0.784760
vt 0.166126 0.760816
vt 0.166126 0.763809
vt 0.166126 0.787753
vt 0.166126 0.766802
vt 0.166126 0.790746
vt 0.166126 0.769795
vt 0.166126 0.793739
vt 0.166126 0.772788
vt 0.166126 0.796732
vt 0.166126 0.775781
vt 0.166126 0.799725
vt 0.166126 0.778774
vt 0.165377 0.757822
vt 0.167622 0.793739
vt 0.167622 0.796732
vt 0.167622 0.772788
vt 0.167622 0.775781
vt 0.167622 0.799725
vt 0.167622 0.778774
vt 0.167622 0.802718
vt 0.167622 0.781767
vt 0.166874 0.757822
vt 0.167622 0.760816
vt 0.166874 0.805711
vt 0.167622 0.784760
vt 0.167622 0.763809
vt 0.167622 0.787753
vt 0.167622 0.766802
vt 0.167622 0.790746
vt 0.167622 0.769795
vt 0.169119 0.760816
vt 0.169119 0.763809
vt 0.169119 0.784760
vt 0.169119 0.787753
vt 0.169119 0.766802
vt 0.169119 0.790746
vt 0.169119 0.769795
vt 0.169119 0.793739
vt 0.169119 0.772788
vt 0.169119 0.796732
vt 0.169119 0.775781
vt 0.169119 0.799725
vt 0.169119 0.778774
vt 0.169119 0.802718
vt 0.169119 0.781767
vt 0.168370 0.757822
vt 0.168370 0.805711
vt 0.170615 0.772788
vt 0.170615 0.775781
vt 0.170615 0.796732
vt 0.170615 0.799725
vt 0.170615 0.778774
vt 0.170615 0.802718
vt 0.170615 0.781767
vt 0.169867 0.757822
vt 0.170615 0.760816
vt 0.169867 0.805711
vt 0.170615 0.784760
vt 0.170615 0.763809
vt 0.170615 0.787753
vt 0.170615 0.766802
vt 0.170615 0.790746
vt 0.170615 0.769795
vt 0.170615 0.793739
vt 0.172112 0.784760
vt 0.172112 0.787753
vt 0.172112 0.763809
vt 0.172112 0.766802
vt 0.172112 0.790746
vt 0.172112 0.769795
vt 0.172112 0.793739
vt 0.172112 0.772788
vt 0.172112 0.796732
vt 0.172112 0.775781
vt 0.172112 0.799725
vt 0.172112 0.778774
vt 0.172112 0.802718
vt 0.172112 0.781767
vt 0.171363 0.757822
vt 0.172112 0.760816
vt 0.171363 0.805711
vt 0.173608 0.796732
vt 0.173608 0.799725
vt 0.173608 0.775781
vt 0.173608 0.778774
vt 0.173608 0.802718
vt 0.173608 0.781767
vt 0.172860 0.757822
vt 0.173608 0.760816
vt 0.172860 0.805711
vt 0.173608 0.784760
vt 0.173608 0.763809
vt 0.173608 0.787753
vt 0.173608 0.766802
vt 0.173608 0.790746
vt 0.173608 0.769795
vt 0.173608 0.793739
vt 0.173608 0.772788
vt 0.175105 0.763809
vt 0.175105 0.766802
vt 0.175105 0.787753
vt 0.175105 0.790746
vt 0.175105 0.769795
vt 0.175105 0.793739
vt 0.175105 0.772788
vt 0.175105 0.796732
vt 0.175105 0.775781
vt 0.175105 0.799725
vt 0.175105 0.778774
vt 0.175105 0.802718
vt 0.175105 0.781767
vt 0.174356 0.757822
vt 0.175105 0.760816
vt 0.174356 0.805711
vt 0.175105 0.784760
vt 0.176601 0.775781
vt 0.176601 0.778774
vt 0.176601 0.799725
vt 0.176601 0.802718
vt 0.176601 0.781767
vt 0.175853 0.757822
vt 0.176601 0.760816
vt 0.175853 0.805711
vt 0.176601 0.784760
vt 0.176601 0.763809
vt 0.176601 0.787753
vt 0.176601 0.766802
vt 0.176601 0.790746
vt 0.176601 0.769795
vt 0.176601 0.793739
vt 0.176601 0.772788
vt 0.176601 0.796732
vt 0.178098 0.787753
vt 0.178098 0.790746
vt 0.178098 0.766802
vt 0.178098 0.769795
vt 0.178098 0.793739
vt 0.178098 0.772788
vt 0.178098 0.796732
vt 0.178098 0.775781
vt 0.178098 0.799725
vt 0.178098 0.778774
vt 0.178098 0.802718
vt 0.178098 0.781767
vt 0.177350 0.757822
vt 0.178098 0.760816
vt 0.177350 0.805711
vt 0.178098 0.784760
vt 0.178098 0.763809
vt 0.179594 0.799725
vt 0.179594 0.802718
vt 0.179594 0.778774
vt 0.179594 0.781767
vt 0.178846 0.757822
vt 0.179594 0.760816
vt 0.178846 0.805711
vt 0.179594 0.784760
vt 0.179594 0.763809
vt 0.179594 0.787753
vt 0.179594 0.766802
vt 0.179594 0.790746
vt 0.179594 0.769795
vt 0.179594 0.793739
vt 0.179594 0.772788
vt 0.179594 0.796732
vt 0.179594 0.775781
vt 0.181091 0.790746
vt 0.181091 0.793739
vt 0.181091 0.769795
vt 0.181091 0.772788
vt 0.181091 0.796732
vt 0.181091 0.775781
vt 0.181091 0.799725
vt 0.181091 0.778774
vt 0.181091 0.802718
vt 0.181091 0.781767
vt 0.180343 0.757822
vt 0.181091 0.760816
vt 0.180343 0.805711
vt 0.181091 0.784760
vt 0.181091 0.763809
vt 0.181091 0.787753
vt 0.181091 0.766802
vt 0.181839 0.757822
vt 0.182587 0.760816
vt 0.181839 0.805711
vt 0.182587 0.802718
vt 0.182587 0.781767
vt 0.182587 0.784760
vt 0.182587 0.763809
vt 0.182587 0.787753
vt 0.182587 0.766802
vt 0.182587 0.790746
vt 0.182587 0.769795
vt 0.182587 0.793739
vt 0.182587 0.772788
vt 0.182587 0.796732
vt 0.182587 0.775781
vt 0.182587 0.799725
vt 0.182587 0.778774
vt 0.184084 0.769795
vt 0.184084 0.772788
vt 0.184084 0.793739
vt 0.184084 0.796732
vt 0.184084 0.775781
vt 0.184084 0.799725
vt 0.184084 0.778774
vt 0.184084 0.802718
vt 0.184084 0.781767
vt 0.183336 0.757822
vt 0.184084 0.760816
vt 0.183336 0.805711
vt 0.184084 0.784760
vt 0.184084 0.763809
vt 0.184084 0.787753
vt 0.184084 0.766802
vt 0.184084 0.790746
vt 0.185580 0.781767
vt 0.185580 0.784760
vt 0.185580 0.760816
vt 0.185580 0.763809
vt 0.185580 0.787753
vt 0.185580 0.766802
vt 0.185580 0.790746
vt 0.185580 0.769795
vt 0.185580 0.793739
vt 0.185580 0.772788
vt 0.185580 0.796732
vt 0.185580 0.775781
vt 0.185580 0.799725
vt 0.185580 0.778774
vt 0.185580 0.802718
vt 0.184832 0.757822
vt 0.184832 0.805711
vt 0.187077 0.793739
vt 0.187077 0.796732
vt 0.187077 0.772788
vt 0.187077 0.775781
vt 0.187077 0.799725
vt 0.187077 0.778774
vt 0.187077 0.802718
vt 0.187077 0.781767
vt 0.186329 0.757822
vt 0.187077 0.760816
vt 0.186329 0.805711
vt 0.187077 0.784760
vt 0.187077 0.763809
vt 0.187077 0.787753
vt 0.187077 0.766802
vt 0.187077 0.790746
vt 0.187077 0.769795
vt 0.139188 0.763809
vt 0.139188 0.760816
vt 0.140685 0.760816
vt 0.140685 0.763809
vt 0.139188 0.787753
vt 0.139188 0.784760
vt 0.140685 0.784760
vt 0.140685 0.787753
vt 0.139188 0.766802
vt 0.140685 0.766802
vt 0.139188 0.790746
vt 0.140685 0.790746
vt 0.139188 0.769795
vt 0.140685 0.769795
vt 0.139188 0.793739
vt 0.140685 0.793739
vt 0.139188 0.772788
vt 0.140685 0.772788
vt 0.139188 0.796732
vt 0.140685 0.796732
vt 0.139188 0.775781
vt 0.140685 0.775781
vt 0.139188 0.799725
vt 0.140685 0.799725
vt 0.139188 0.778774
vt 0.140685 0.778774
vt 0.139188 0.802718
vt 0.140685 0.802718
vt 0.139188 0.781767
vt 0.140685 0.781767
vt 0.139936 0.757822
vt 0.139936 0.805711
vt 0.142181 0.772788
vt 0.142181 0.775781
vt 0.142181 0.796732
vt 0.142181 0.799725
vt 0.142181 0.778774
vt 0.142181 0.802718
vt 0.142181 0.781767
vt 0.141433 0.757822
vt 0.142181 0.760816
vt 0.141433 0.805711
vt 0.142181 0.784760
vt 0.142181 0.763809
vt 0.142181 0.787753
vt 0.142181 0.766802
vt 0.142181 0.790746
vt 0.142181 0.769795
vt 0.142181 0.793739
vt 0.143678 0.784760
vt 0.143678 0.787753
vt 0.143678 0.763809
vt 0.143678 0.766802
vt 0.143678 0.790746
vt 0.143678 0.769795
vt 0.143678 0.793739
vt 0.143678 0.772788
vt 0.143678 0.796732
vt 0.143678 0.775781
vt 0.143678 0.799725
vt 0.143678 0.778774
vt 0.143678 0.802718
vt 0.143678 0.781767
vt 0.142929 0.757822
vt 0.143678 0.760816
vt 0.142929 0.805711
vt 0.145174 0.796732
vt 0.145174 0.799725
vt 0.145174 0.775781
vt 0.145174 0.778774
vt 0.145174 0.802718
vt 0.145174 0.781767
vt 0.144426 0.757822
vt 0.145174 0.760816
vt 0.144426 0.805711
vt 0.145174 0.784760
vt 0.145174 0.763809
vt 0.145174 0.787753
vt 0.145174 0.766802
vt 0.145174 0.790746
vt 0.145174 0.769795
vt 0.145174 0.793739
vt 0.145174 0.772788
vt 0.146671 0.787753
vt 0.146671 0.790746
vt 0.146671 0.766802
vt 0.146671 0.769795
vt 0.146671 0.793739
vt 0.146671 0.772788
vt 0.146671 0.796732
vt 0.146671 0.775781
vt 0.146671 0.799725
vt 0.146671 0.778774
vt 0.146671 0.802718
vt 0.146671 0.781767
vt 0.145922 0.757822
vt 0.146671 0.760816
vt 0.145922 0.805711
vt 0.146671 0.784760
vt 0.146671 0.763809
vt 0.148167 0.799725
vt 0.148167 0.802718
vt 0.148167 0.778774
vt 0.148167 0.781767
vt 0.147419 0.757822
vt 0.148167 0.760816
vt 0.147419 0.805711
vt 0.148167 0.784760
vt 0.148167 0.763809
vt 0.148167 0.787753
vt 0.148167 0.766802
vt 0.148167 0.790746
vt 0.148167 0.769795
vt 0.148167 0.793739
vt 0.148167 0.772788
vt 0.148167 0.796732
vt 0.148167 0.775781
vt 0.149664 0.766802
vt 0.149664 0.769795
vt 0.149664 0.790746
vt 0.149664 0.793739
vt 0.149664 0.772788
vt 0.149664 0.796732
vt 0.149664 0.775781
vt 0.149664 0.799725
vt 0.149664 0.778774
vt 0.149664 0.802718
vt 0.149664 0.781767
vt 0.148916 0.757822
vt 0.149664 0.760816
vt 0.148916 0.805711
vt 0.149664 0.784760
vt 0.149664 0.763809
vt 0.149664 0.787753
vt 0.150412 0.757822
vt 0.150412 0.805711
s 0
usemtl マテリアル.003
f 1614/1304/1045 1613/1305/1045 1152/1306/1045 1153/1307/1045
f 1136/1308/1046 1135/1309/1046 1145/1310/1046 1146/1311/1046
f 1606/1312/1047 1214/1313/1047 1139/1314/1047
f 1440/1315/1048 1614/1304/1048 1153/1307/1048
f 1137/1316/1049 1136/1308/1049 1146/1311/1049 1147/1317/1049
f 1607/1318/1050 1606/1312/1050 1139/1314/1050 1140/1319/1050
f 1610/1320/1051 1137/1316/1051 1147/1317/1051 1148/1321/1051
f 1133/1322/1052 1607/1318/1052 1140/1319/1052 1141/1323/1052
f 1138/1324/1053 1610/1320/1053 1148/1321/1053 1149/1325/1053
f 1608/1326/1054 1133/1322/1054 1141/1323/1054 1142/1327/1054
f 1611/1328/1055 1138/1324/1055 1149/1325/1055 1150/1329/1055
f 1134/1330/1056 1608/1326/1056 1142/1327/1056 1143/1331/1056
f 1612/1332/1057 1611/1328/1057 1150/1329/1057 1151/1333/1057
f 1609/1334/1058 1134/1330/1058 1143/1331/1058 1144/1335/1058
f 1613/1305/1059 1612/1332/1059 1151/1333/1059 1152/1306/1059
f 1135/1309/1060 1609/1334/1060 1144/1335/1060 1145/1310/1060
f 1152/1306/1061 1151/1333/1061 1166/1336/1061 1167/1337/1061
f 1145/1310/1062 1144/1335/1062 1159/1338/1062 1160/1339/1062
f 1153/1307/1063 1152/1306/1063 1167/1337/1063 1168/1340/1063
f 1146/1311/1064 1145/1310/1064 1160/1339/1064 1161/1341/1064
f 1139/1314/1065 1214/1342/1065 1154/1343/1065
f 1440/1344/1066 1153/1307/1066 1168/1340/1066
f 1147/1317/1067 1146/1311/1067 1161/1341/1067 1162/1345/1067
f 1140/1319/1068 1139/1314/1068 1154/1343/1068 1155/1346/1068
f 1148/1321/1069 1147/1317/1069 1162/1345/1069 1163/1347/1069
f 1141/1323/1070 1140/1319/1070 1155/1346/1070 1156/1348/1070
f 1149/1325/1071 1148/1321/1071 1163/1347/1071 1164/1349/1071
f 1142/1327/1072 1141/1323/1072 1156/1348/1072 1157/1350/1072
f 1150/1329/1073 1149/1325/1073 1164/1349/1073 1165/1351/1073
f 1143/1331/1074 1142/1327/1074 1157/1350/1074 1158/1352/1074
f 1151/1333/1075 1150/1329/1075 1165/1351/1075 1166/1336/1075
f 1144/1335/1076 1143/1331/1076 1158/1352/1076 1159/1338/1076
f 1156/1348/1077 1155/1346/1077 1170/1353/1077 1171/1354/1077
f 1164/1349/1078 1163/1347/1078 1178/1355/1078 1179/1356/1078
f 1157/1350/1079 1156/1348/1079 1171/1354/1079 1172/1357/1079
f 1165/1351/1080 1164/1349/1080 1179/1356/1080 1180/1358/1080
f 1158/1352/1081 1157/1350/1081 1172/1357/1081 1173/1359/1081
f 1166/1336/1082 1165/1351/1082 1180/1358/1082 1181/1360/1082
f 1159/1338/1083 1158/1352/1083 1173/1359/1083 1174/1361/1083
f 1167/1337/1084 1166/1336/1084 1181/1360/1084 1182/1362/1084
f 1160/1339/1085 1159/1338/1085 1174/1361/1085 1175/1363/1085
f 1168/1340/1086 1167/1337/1086 1182/1362/1086 1183/1364/1086
f 1161/1341/1087 1160/1339/1087 1175/1363/1087 1176/1365/1087
f 1154/1343/1088 1214/1366/1088 1169/1367/1088
f 1440/1368/1089 1168/1340/1089 1183/1364/1089
f 1162/1345/1090 1161/1341/1090 1176/1365/1090 1177/1369/1090
f 1155/1346/1091 1154/1343/1091 1169/1367/1091 1170/1353/1091
f 1163/1347/1092 1162/1345/1092 1177/1369/1092 1178/1355/1092
f 1175/1363/1093 1174/1361/1093 1189/1370/1093 1190/1371/1093
f 1183/1364/1094 1182/1362/1094 1197/1372/1094 1198/1373/1094
f 1176/1365/1095 1175/1363/1095 1190/1371/1095 1191/1374/1095
f 1169/1367/1096 1214/1375/1096 1184/1376/1096
f 1440/1377/1097 1183/1364/1097 1198/1373/1097
f 1177/1369/1098 1176/1365/1098 1191/1374/1098 1192/1378/1098
f 1170/1353/1099 1169/1367/1099 1184/1376/1099 1185/1379/1099
f 1178/1355/1100 1177/1369/1100 1192/1378/1100 1193/1380/1100
f 1171/1354/1101 1170/1353/1101 1185/1379/1101 1186/1381/1101
f 1179/1356/1102 1178/1355/1102 1193/1380/1102 1194/1382/1102
f 1172/1357/1103 1171/1354/1103 1186/1381/1103 1187/1383/1103
f 1180/1358/1104 1179/1356/1104 1194/1382/1104 1195/1384/1104
f 1173/1359/1105 1172/1357/1105 1187/1383/1105 1188/1385/1105
f 1181/1360/1106 1180/1358/1106 1195/1384/1106 1196/1386/1106
f 1174/1361/1107 1173/1359/1107 1188/1385/1107 1189/1370/1107
f 1182/1362/1108 1181/1360/1108 1196/1386/1108 1197/1372/1108
f 1194/1382/1109 1193/1380/1109 1208/1387/1109 1209/1388/1109
f 1187/1383/1110 1186/1381/1110 1201/1389/1110 1202/1390/1110
f 1195/1384/1111 1194/1382/1111 1209/1388/1111 1210/1391/1111
f 1188/1385/1112 1187/1383/1112 1202/1390/1112 1203/1392/1112
f 1196/1386/1113 1195/1384/1113 1210/1391/1113 1211/1393/1113
f 1189/1370/1114 1188/1385/1114 1203/1392/1114 1204/1394/1114
f 1197/1372/1115 1196/1386/1115 1211/1393/1115 1212/1395/1115
f 1190/1371/1116 1189/1370/1116 1204/1394/1116 1205/1396/1116
f 1198/1373/1117 1197/1372/1117 1212/1395/1117 1213/1397/1117
f 1191/1374/1118 1190/1371/1118 1205/1396/1118 1206/1398/1118
f 1184/1376/1119 1214/1399/1119 1199/1400/1119
f 1440/1401/1120 1198/1373/1120 1213/1397/1120
f 1192/1378/1121 1191/1374/1121 1206/1398/1121 1207/1402/1121
f 1185/1379/1122 1184/1376/1122 1199/1400/1122 1200/1403/1122
f 1193/1380/1123 1192/1378/1123 1207/1402/1123 1208/1387/1123
f 1186/1381/1124 1185/1379/1124 1200/1403/1124 1201/1389/1124
f 1213/1397/1125 1212/1395/1125 1228/1404/1125 1229/1405/1125
f 1206/1398/1126 1205/1396/1126 1221/1406/1126 1222/1407/1126
f 1199/1400/1127 1214/1408/1127 1215/1409/1127
f 1440/1410/1128 1213/1397/1128 1229/1405/1128
f 1207/1402/1129 1206/1398/1129 1222/1407/1129 1223/1411/1129
f 1200/1403/1130 1199/1400/1130 1215/1409/1130 1216/1412/1130
f 1208/1387/1131 1207/1402/1131 1223/1411/1131 1224/1413/1131
f 1201/1389/1132 1200/1403/1132 1216/1412/1132 1217/1414/1132
f 1209/1388/1133 1208/1387/1133 1224/1413/1133 1225/1415/1133
f 1202/1390/1134 1201/1389/1134 1217/1414/1134 1218/1416/1134
f 1210/1391/1135 1209/1388/1135 1225/1415/1135 1226/1417/1135
f 1203/1392/1136 1202/1390/1136 1218/1416/1136 1219/1418/1136
f 1211/1393/1137 1210/1391/1137 1226/1417/1137 1227/1419/1137
f 1204/1394/1138 1203/1392/1138 1219/1418/1138 1220/1420/1138
f 1212/1395/1139 1211/1393/1139 1227/1419/1139 1228/1404/1139
f 1205/1396/1140 1204/1394/1140 1220/1420/1140 1221/1406/1140
f 1218/1416/1141 1217/1414/1141 1232/1421/1141 1233/1422/1141
f 1226/1417/1142 1225/1415/1142 1240/1423/1142 1241/1424/1142
f 1219/1418/1143 1218/1416/1143 1233/1422/1143 1234/1425/1143
f 1227/1419/1144 1226/1417/1144 1241/1424/1144 1242/1426/1144
f 1220/1420/1145 1219/1418/1145 1234/1425/1145 1235/1427/1145
f 1228/1404/1146 1227/1419/1146 1242/1426/1146 1243/1428/1146
f 1221/1406/1147 1220/1420/1147 1235/1427/1147 1236/1429/1147
f 1229/1405/1148 1228/1404/1148 1243/1428/1148 1244/1430/1148
f 1222/1407/1149 1221/1406/1149 1236/1429/1149 1237/1431/1149
f 1215/1409/1150 1214/1432/1150 1230/1433/1150
f 1440/1434/1151 1229/1405/1151 1244/1430/1151
f 1223/1411/1152 1222/1407/1152 1237/1431/1152 1238/1435/1152
f 1216/1412/1153 1215/1409/1153 1230/1433/1153 1231/1436/1153
f 1224/1413/1154 1223/1411/1154 1238/1435/1154 1239/1437/1154
f 1217/1414/1155 1216/1412/1155 1231/1436/1155 1232/1421/1155
f 1225/1415/1156 1224/1413/1156 1239/1437/1156 1240/1423/1156
f 1237/1431/1157 1236/1429/1157 1251/1438/1157 1252/1439/1157
f 1230/1433/1158 1214/1440/1158 1245/1441/1158
f 1440/1442/1159 1244/1430/1159 1259/1443/1159
f 1238/1435/1160 1237/1431/1160 1252/1439/1160 1253/1444/1160
f 1231/1436/1161 1230/1433/1161 1245/1441/1161 1246/1445/1161
f 1239/1437/1162 1238/1435/1162 1253/1444/1162 1254/1446/1162
f 1232/1421/1163 1231/1436/1163 1246/1445/1163 1247/1447/1163
f 1240/1423/1164 1239/1437/1164 1254/1446/1164 1255/1448/1164
f 1233/1422/1165 1232/1421/1165 1247/1447/1165 1248/1449/1165
f 1241/1424/1166 1240/1423/1166 1255/1448/1166 1256/1450/1166
f 1234/1425/1167 1233/1422/1167 1248/1449/1167 1249/1451/1167
f 1242/1426/1168 1241/1424/1168 1256/1450/1168 1257/1452/1168
f 1235/1427/1169 1234/1425/1169 1249/1451/1169 1250/1453/1169
f 1243/1428/1170 1242/1426/1170 1257/1452/1170 1258/1454/1170
f 1236/1429/1171 1235/1427/1171 1250/1453/1171 1251/1438/1171
f 1244/1430/1172 1243/1428/1172 1258/1454/1172 1259/1443/1172
f 1256/1450/1173 1255/1448/1173 1270/1455/1173 1271/1456/1173
f 1249/1451/1174 1248/1449/1174 1263/1457/1174 1264/1458/1174
f 1257/1452/1175 1256/1450/1175 1271/1456/1175 1272/1459/1175
f 1250/1453/1176 1249/1451/1176 1264/1458/1176 1265/1460/1176
f 1258/1454/1177 1257/1452/1177 1272/1459/1177 1273/1461/1177
f 1251/1438/1178 1250/1453/1178 1265/1460/1178 1266/1462/1178
f 1259/1443/1179 1258/1454/1179 1273/1461/1179 1274/1463/1179
f 1252/1439/1180 1251/1438/1180 1266/1462/1180 1267/1464/1180
f 1245/1441/1181 1214/1465/1181 1260/1466/1181
f 1440/1467/1182 1259/1443/1182 1274/1463/1182
f 1253/1444/1183 1252/1439/1183 1267/1464/1183 1268/1468/1183
f 1246/1445/1184 1245/1441/1184 1260/1466/1184 1261/1469/1184
f 1254/1446/1185 1253/1444/1185 1268/1468/1185 1269/1470/1185
f 1247/1447/1186 1246/1445/1186 1261/1469/1186 1262/1471/1186
f 1255/1448/1187 1254/1446/1187 1269/1470/1187 1270/1455/1187
f 1248/1449/1188 1247/1447/1188 1262/1471/1188 1263/1457/1188
f 1440/1472/1189 1274/1463/1189 1289/1473/1189
f 1268/1468/1190 1267/1464/1190 1282/1474/1190 1283/1475/1190
f 1261/1469/1191 1260/1466/1191 1275/1476/1191 1276/1477/1191
f 1269/1470/1192 1268/1468/1192 1283/1475/1192 1284/1478/1192
f 1262/1471/1193 1261/1469/1193 1276/1477/1193 1277/1479/1193
f 1270/1455/1194 1269/1470/1194 1284/1478/1194 1285/1480/1194
f 1263/1457/1195 1262/1471/1195 1277/1479/1195 1278/1481/1195
f 1271/1456/1196 1270/1455/1196 1285/1480/1196 1286/1482/1196
f 1264/1458/1197 1263/1457/1197 1278/1481/1197 1279/1483/1197
f 1272/1459/1198 1271/1456/1198 1286/1482/1198 1287/1484/1198
f 1265/1460/1199 1264/1458/1199 1279/1483/1199 1280/1485/1199
f 1273/1461/1200 1272/1459/1200 1287/1484/1200 1288/1486/1200
f 1266/1462/1201 1265/1460/1201 1280/1485/1201 1281/1487/1201
f 1274/1463/1202 1273/1461/1202 1288/1486/1202 1289/1473/1202
f 1267/1464/1203 1266/1462/1203 1281/1487/1203 1282/1474/1203
f 1260/1466/1204 1214/1488/1204 1275/1476/1204
f 1287/1484/1205 1286/1482/1205 1301/1489/1205 1302/1490/1205
f 1280/1485/1206 1279/1483/1206 1294/1491/1206 1295/1492/1206
f 1288/1486/1207 1287/1484/1207 1302/1490/1207 1303/1493/1207
f 1281/1487/1208 1280/1485/1208 1295/1492/1208 1296/1494/1208
f 1289/1473/1209 1288/1486/1209 1303/1493/1209 1304/1495/1209
f 1282/1474/1210 1281/1487/1210 1296/1494/1210 1297/1496/1210
f 1275/1476/1211 1214/1497/1211 1290/1498/1211
f 1440/1499/1212 1289/1473/1212 1304/1495/1212
f 1283/1475/1213 1282/1474/1213 1297/1496/1213 1298/1500/1213
f 1276/1477/1214 1275/1476/1214 1290/1498/1214 1291/1501/1214
f 1284/1478/1215 1283/1475/1215 1298/1500/1215 1299/1502/1215
f 1277/1479/1216 1276/1477/1216 1291/1501/1216 1292/1503/1216
f 1285/1480/1217 1284/1478/1217 1299/1502/1217 1300/1504/1217
f 1278/1481/1218 1277/1479/1218 1292/1503/1218 1293/1505/1218
f 1286/1482/1219 1285/1480/1219 1300/1504/1219 1301/1489/1219
f 1279/1483/1220 1278/1481/1220 1293/1505/1220 1294/1491/1220
f 1291/1501/1221 1290/1498/1221 1305/1506/1221 1306/1507/1221
f 1299/1502/1222 1298/1500/1222 1313/1508/1222 1314/1509/1222
f 1292/1503/1223 1291/1501/1223 1306/1507/1223 1307/1510/1223
f 1300/1504/1224 1299/1502/1224 1314/1509/1224 1315/1511/1224
f 1293/1505/1225 1292/1503/1225 1307/1510/1225 1308/1512/1225
f 1301/1489/1226 1300/1504/1226 1315/1511/1226 1316/1513/1226
f 1294/1491/1227 1293/1505/1227 1308/1512/1227 1309/1514/1227
f 1302/1490/1228 1301/1489/1228 1316/1513/1228 1317/1515/1228
f 1295/1492/1229 1294/1491/1229 1309/1514/1229 1310/1516/1229
f 1303/1493/1230 1302/1490/1230 1317/1515/1230 1318/1517/1230
f 1296/1494/1231 1295/1492/1231 1310/1516/1231 1311/1518/1231
f 1304/1495/1232 1303/1493/1232 1318/1517/1232 1319/1519/1232
f 1297/1496/1233 1296/1494/1233 1311/1518/1233 1312/1520/1233
f 1290/1498/1234 1214/1521/1234 1305/1506/1234
f 1440/1522/1235 1304/1495/1235 1319/1519/1235
f 1298/1500/1236 1297/1496/1236 1312/1520/1236 1313/1508/1236
f 1310/1516/1237 1309/1514/1237 1324/1523/1237 1325/1524/1237
f 1318/1517/1238 1317/1515/1238 1332/1525/1238 1333/1526/1238
f 1311/1518/1239 1310/1516/1239 1325/1524/1239 1326/1527/1239
f 1319/1519/1240 1318/1517/1240 1333/1526/1240 1334/1528/1240
f 1312/1520/1241 1311/1518/1241 1326/1527/1241 1327/1529/1241
f 1305/1506/1242 1214/1530/1242 1320/1531/1242
f 1440/1532/1243 1319/1519/1243 1334/1528/1243
f 1313/1508/1244 1312/1520/1244 1327/1529/1244 1328/1533/1244
f 1306/1507/1245 1305/1506/1245 1320/1531/1245 1321/1534/1245
f 1314/1509/1246 1313/1508/1246 1328/1533/1246 1329/1535/1246
f 1307/1510/1247 1306/1507/1247 1321/1534/1247 1322/1536/1247
f 1315/1511/1248 1314/1509/1248 1329/1535/1248 1330/1537/1248
f 1308/1512/1249 1307/1510/1249 1322/1536/1249 1323/1538/1249
f 1316/1513/1250 1315/1511/1250 1330/1537/1250 1331/1539/1250
f 1309/1514/1251 1308/1512/1251 1323/1538/1251 1324/1523/1251
f 1317/1515/1252 1316/1513/1252 1331/1539/1252 1332/1525/1252
f 1329/1535/1253 1328/1533/1253 1343/1540/1253 1344/1541/1253
f 1322/1536/1254 1321/1534/1254 1336/1542/1254 1337/1543/1254
f 1330/1537/1255 1329/1535/1255 1344/1541/1255 1345/1544/1255
f 1323/1538/1256 1322/1536/1256 1337/1543/1256 1338/1545/1256
f 1331/1539/1257 1330/1537/1257 1345/1544/1257 1346/1546/1257
f 1324/1523/1258 1323/1538/1258 1338/1545/1258 1339/1547/1258
f 1332/1525/1259 1331/1539/1259 1346/1546/1259 1347/1548/1259
f 1325/1524/1260 1324/1523/1260 1339/1547/1260 1340/1549/1260
f 1333/1526/1261 1332/1525/1261 1347/1548/1261 1348/1550/1261
f 1326/1527/1262 1325/1524/1262 1340/1549/1262 1341/1551/1262
f 1334/1528/1263 1333/1526/1263 1348/1550/1263 1349/1552/1263
f 1327/1529/1264 1326/1527/1264 1341/1551/1264 1342/1553/1264
f 1320/1531/1265 1214/1554/1265 1335/1555/1265
f 1440/1556/1266 1334/1528/1266 1349/1552/1266
f 1328/1533/1267 1327/1529/1267 1342/1553/1267 1343/1540/1267
f 1321/1534/1268 1320/1531/1268 1335/1555/1268 1336/1542/1268
f 1348/1550/1269 1347/1548/1269 1362/1557/1269 1363/1558/1269
f 1341/1551/1270 1340/1549/1270 1355/1559/1270 1356/1560/1270
f 1349/1552/1271 1348/1550/1271 1363/1558/1271 1364/1561/1271
f 1342/1553/1272 1341/1551/1272 1356/1560/1272 1357/1562/1272
f 1335/1555/1273 1214/1563/1273 1350/1564/1273
f 1440/1565/1274 1349/1552/1274 1364/1561/1274
f 1343/1540/1275 1342/1553/1275 1357/1562/1275 1358/1566/1275
f 1336/1542/1276 1335/1555/1276 1350/1564/1276 1351/1567/1276
f 1344/1541/1277 1343/1540/1277 1358/1566/1277 1359/1568/1277
f 1337/1543/1278 1336/1542/1278 1351/1567/1278 1352/1569/1278
f 1345/1544/1279 1344/1541/1279 1359/1568/1279 1360/1570/1279
f 1338/1545/1280 1337/1543/1280 1352/1569/1280 1353/1571/1280
f 1346/1546/1281 1345/1544/1281 1360/1570/1281 1361/1572/1281
f 1339/1547/1282 1338/1545/1282 1353/1571/1282 1354/1573/1282
f 1347/1548/1283 1346/1546/1283 1361/1572/1283 1362/1557/1283
f 1340/1549/1284 1339/1547/1284 1354/1573/1284 1355/1559/1284
f 1352/1569/1285 1351/1567/1285 1366/1574/1285 1367/1575/1285
f 1360/1570/1286 1359/1568/1286 1374/1576/1286 1375/1577/1286
f 1353/1571/1287 1352/1569/1287 1367/1575/1287 1368/1578/1287
f 1361/1572/1288 1360/1570/1288 1375/1577/1288 1376/1579/1288
f 1354/1573/1289 1353/1571/1289 1368/1578/1289 1369/1580/1289
f 1362/1557/1290 1361/1572/1290 1376/1579/1290 1377/1581/1290
f 1355/1559/1291 1354/1573/1291 1369/1580/1291 1370/1582/1291
f 1363/1558/1292 1362/1557/1292 1377/1581/1292 1378/1583/1292
f 1356/1560/1293 1355/1559/1293 1370/1582/1293 1371/1584/1293
f 1364/1561/1294 1363/1558/1294 1378/1583/1294 1379/1585/1294
f 1357/1562/1295 1356/1560/1295 1371/1584/1295 1372/1586/1295
f 1350/1564/1296 1214/1587/1296 1365/1588/1296
f 1440/1589/1297 1364/1561/1297 1379/1585/1297
f 1358/1566/1298 1357/1562/1298 1372/1586/1298 1373/1590/1298
f 1351/1567/1299 1350/1564/1299 1365/1588/1299 1366/1574/1299
f 1359/1568/1300 1358/1566/1300 1373/1590/1300 1374/1576/1300
f 1371/1584/1301 1370/1582/1301 1385/1591/1301 1386/1592/1301
f 1379/1585/1302 1378/1583/1302 1393/1593/1302 1394/1594/1302
f 1372/1586/1303 1371/1584/1303 1386/1592/1303 1387/1595/1303
f 1365/1588/1304 1214/1596/1304 1380/1597/1304
f 1440/1598/1305 1379/1585/1305 1394/1594/1305
f 1373/1590/1306 1372/1586/1306 1387/1595/1306 1388/1599/1306
f 1366/1574/1307 1365/1588/1307 1380/1597/1307 1381/1600/1307
f 1374/1576/1308 1373/1590/1308 1388/1599/1308 1389/1601/1308
f 1367/1575/1309 1366/1574/1309 1381/1600/1309 1382/1602/1309
f 1375/1577/1310 1374/1576/1310 1389/1601/1310 1390/1603/1310
f 1368/1578/1311 1367/1575/1311 1382/1602/1311 1383/1604/1311
f 1376/1579/1312 1375/1577/1312 1390/1603/1312 1391/1605/1312
f 1369/1580/1313 1368/1578/1313 1383/1604/1313 1384/1606/1313
f 1377/1581/1314 1376/1579/1314 1391/1605/1314 1392/1607/1314
f 1370/1582/1315 1369/1580/1315 1384/1606/1315 1385/1591/1315
f 1378/1583/1316 1377/1581/1316 1392/1607/1316 1393/1593/1316
f 1390/1603/1317 1389/1601/1317 1404/1608/1317 1405/1609/1317
f 1383/1604/1318 1382/1602/1318 1397/1610/1318 1398/1611/1318
f 1391/1605/1319 1390/1603/1319 1405/1609/1319 1406/1612/1319
f 1384/1606/1320 1383/1604/1320 1398/1611/1320 1399/1613/1320
f 1392/1607/1321 1391/1605/1321 1406/1612/1321 1407/1614/1321
f 1385/1591/1322 1384/1606/1322 1399/1613/1322 1400/1615/1322
f 1393/1593/1323 1392/1607/1323 1407/1614/1323 1408/1616/1323
f 1386/1592/1324 1385/1591/1324 1400/1615/1324 1401/1617/1324
f 1394/1594/1325 1393/1593/1325 1408/1616/1325 1409/1618/1325
f 1387/1595/1326 1386/1592/1326 1401/1617/1326 1402/1619/1326
f 1380/1597/1327 1214/1620/1327 1395/1621/1327
f 1440/1622/1328 1394/1594/1328 1409/1618/1328
f 1388/1599/1329 1387/1595/1329 1402/1619/1329 1403/1623/1329
f 1381/1600/1330 1380/1597/1330 1395/1621/1330 1396/1624/1330
f 1389/1601/1331 1388/1599/1331 1403/1623/1331 1404/1608/1331
f 1382/1602/1332 1381/1600/1332 1396/1624/1332 1397/1610/1332
f 1409/1618/1333 1408/1616/1333 1423/1625/1333 1424/1626/1333
f 1402/1619/1334 1401/1617/1334 1416/1627/1334 1417/1628/1334
f 1395/1621/1335 1214/1629/1335 1410/1630/1335
f 1440/1631/1336 1409/1618/1336 1424/1626/1336
f 1403/1623/1337 1402/1619/1337 1417/1628/1337 1418/1632/1337
f 1396/1624/1338 1395/1621/1338 1410/1630/1338 1411/1633/1338
f 1404/1608/1339 1403/1623/1339 1418/1632/1339 1419/1634/1339
f 1397/1610/1340 1396/1624/1340 1411/1633/1340 1412/1635/1340
f 1405/1609/1341 1404/1608/1341 1419/1634/1341 1420/1636/1341
f 1398/1611/1342 1397/1610/1342 1412/1635/1342 1413/1637/1342
f 1406/1612/1343 1405/1609/1343 1420/1636/1343 1421/1638/1343
f 1399/1613/1344 1398/1611/1344 1413/1637/1344 1414/1639/1344
f 1407/1614/1345 1406/1612/1345 1421/1638/1345 1422/1640/1345
f 1400/1615/1346 1399/1613/1346 1414/1639/1346 1415/1641/1346
f 1408/1616/1347 1407/1614/1347 1422/1640/1347 1423/1625/1347
f 1401/1617/1348 1400/1615/1348 1415/1641/1348 1416/1627/1348
f 1421/1638/1349 1420/1636/1349 1435/1642/1349 1436/1643/1349
f 1414/1639/1350 1413/1637/1350 1428/1644/1350 1429/1645/1350
f 1422/1640/1351 1421/1638/1351 1436/1643/1351 1437/1646/1351
f 1415/1641/1352 1414/1639/1352 1429/1645/1352 1430/1647/1352
f 1423/1625/1353 1422/1640/1353 1437/1646/1353 1438/1648/1353
f 1416/1627/1354 1415/1641/1354 1430/1647/1354 1431/1649/1354
f 1424/1626/1355 1423/1625/1355 1438/1648/1355 1439/1650/1355
f 1417/1628/1356 1416/1627/1356 1431/1649/1356 1432/1651/1356
f 1410/1630/1357 1214/1652/1357 1425/1653/1357
f 1440/1654/1358 1424/1626/1358 1439/1650/1358
f 1418/1632/1359 1417/1628/1359 1432/1651/1359 1433/1655/1359
f 1411/1633/1360 1410/1630/1360 1425/1653/1360 1426/1656/1360
f 1419/1634/1361 1418/1632/1361 1433/1655/1361 1434/1657/1361
f 1412/1635/1362 1411/1633/1362 1426/1656/1362 1427/1658/1362
f 1420/1636/1363 1419/1634/1363 1434/1657/1363 1435/1642/1363
f 1413/1637/1364 1412/1635/1364 1427/1658/1364 1428/1644/1364
f 1425/1653/1365 1214/1659/1365 1441/1660/1365
f 1440/1661/1366 1439/1650/1366 1455/1662/1366
f 1433/1655/1367 1432/1651/1367 1448/1663/1367 1449/1664/1367
f 1426/1656/1368 1425/1653/1368 1441/1660/1368 1442/1665/1368
f 1434/1657/1369 1433/1655/1369 1449/1664/1369 1450/1666/1369
f 1427/1658/1370 1426/1656/1370 1442/1665/1370 1443/1667/1370
f 1435/1642/1371 1434/1657/1371 1450/1666/1371 1451/1668/1371
f 1428/1644/1372 1427/1658/1372 1443/1667/1372 1444/1669/1372
f 1436/1643/1373 1435/1642/1373 1451/1668/1373 1452/1670/1373
f 1429/1645/1374 1428/1644/1374 1444/1669/1374 1445/1671/1374
f 1437/1646/1375 1436/1643/1375 1452/1670/1375 1453/1672/1375
f 1430/1647/1376 1429/1645/1376 1445/1671/1376 1446/1673/1376
f 1438/1648/1377 1437/1646/1377 1453/1672/1377 1454/1674/1377
f 1431/1649/1378 1430/1647/1378 1446/1673/1378 1447/1675/1378
f 1439/1650/1379 1438/1648/1379 1454/1674/1379 1455/1662/1379
f 1432/1651/1380 1431/1649/1380 1447/1675/1380 1448/1663/1380
f 1445/1671/1381 1444/1669/1381 1459/1676/1381 1460/1677/1381
f 1453/1672/1382 1452/1670/1382 1467/1678/1382 1468/1679/1382
f 1446/1673/1383 1445/1671/1383 1460/1677/1383 1461/1680/1383
f 1454/1674/1384 1453/1672/1384 1468/1679/1384 1469/1681/1384
f 1447/1675/1385 1446/1673/1385 1461/1680/1385 1462/1682/1385
f 1455/1662/1386 1454/1674/1386 1469/1681/1386 1470/1683/1386
f 1448/1663/1387 1447/1675/1387 1462/1682/1387 1463/1684/1387
f 1441/1660/1388 1214/1685/1388 1456/1686/1388
f 1440/1687/1389 1455/1662/1389 1470/1683/1389
f 1449/1664/1390 1448/1663/1390 1463/1684/1390 1464/1688/1390
f 1442/1665/1391 1441/1660/1391 1456/1686/1391 1457/1689/1391
f 1450/1666/1392 1449/1664/1392 1464/1688/1392 1465/1690/1392
f 1443/1667/1393 1442/1665/1393 1457/1689/1393 1458/1691/1393
f 1451/1668/1394 1450/1666/1394 1465/1690/1394 1466/1692/1394
f 1444/1669/1395 1443/1667/1395 1458/1691/1395 1459/1676/1395
f 1452/1670/1396 1451/1668/1396 1466/1692/1396 1467/1678/1396
f 1464/1688/1397 1463/1684/1397 1478/1693/1397 1479/1694/1397
f 1457/1689/1398 1456/1686/1398 1471/1695/1398 1472/1696/1398
f 1465/1690/1399 1464/1688/1399 1479/1694/1399 1480/1697/1399
f 1458/1691/1400 1457/1689/1400 1472/1696/1400 1473/1698/1400
f 1466/1692/1401 1465/1690/1401 1480/1697/1401 1481/1699/1401
f 1459/1676/1402 1458/1691/1402 1473/1698/1402 1474/1700/1402
f 1467/1678/1403 1466/1692/1403 1481/1699/1403 1482/1701/1403
f 1460/1677/1404 1459/1676/1404 1474/1700/1404 1475/1702/1404
f 1468/1679/1405 1467/1678/1405 1482/1701/1405 1483/1703/1405
f 1461/1680/1406 1460/1677/1406 1475/1702/1406 1476/1704/1406
f 1469/1681/1407 1468/1679/1407 1483/1703/1407 1484/1705/1407
f 1462/1682/1408 1461/1680/1408 1476/1704/1408 1477/1706/1408
f 1470/1683/1409 1469/1681/1409 1484/1705/1409 1485/1707/1409
f 1463/1684/1410 1462/1682/1410 1477/1706/1410 1478/1693/1410
f 1456/1686/1411 1214/1708/1411 1471/1695/1411
f 1440/1709/1412 1470/1683/1412 1485/1707/1412
f 1483/1703/1413 1482/1701/1413 1497/1710/1413 1498/1711/1413
f 1476/1704/1414 1475/1702/1414 1490/1712/1414 1491/1713/1414
f 1484/1705/1415 1483/1703/1415 1498/1711/1415 1499/1714/1415
f 1477/1706/1416 1476/1704/1416 1491/1713/1416 1492/1715/1416
f 1485/1707/1417 1484/1705/1417 1499/1714/1417 1500/1716/1417
f 1478/1693/1418 1477/1706/1418 1492/1715/1418 1493/1717/1418
f 1471/1695/1419 1214/1718/1419 1486/1719/1419
f 1440/1720/1420 1485/1707/1420 1500/1716/1420
f 1479/1694/1421 1478/1693/1421 1493/1717/1421 1494/1721/1421
f 1472/1696/1422 1471/1695/1422 1486/1719/1422 1487/1722/1422
f 1480/1697/1423 1479/1694/1423 1494/1721/1423 1495/1723/1423
f 1473/1698/1424 1472/1696/1424 1487/1722/1424 1488/1724/1424
f 1481/1699/1425 1480/1697/1425 1495/1723/1425 1496/1725/1425
f 1474/1700/1426 1473/1698/1426 1488/1724/1426 1489/1726/1426
f 1482/1701/1427 1481/1699/1427 1496/1725/1427 1497/1710/1427
f 1475/1702/1428 1474/1700/1428 1489/1726/1428 1490/1712/1428
f 1487/1727/1429 1486/1728/1429 1501/1729/1429 1502/1730/1429
f 1495/1731/1430 1494/1732/1430 1509/1733/1430 1510/1734/1430
f 1488/1735/1431 1487/1727/1431 1502/1730/1431 1503/1736/1431
f 1496/1737/1432 1495/1731/1432 1510/1734/1432 1511/1738/1432
f 1489/1739/1433 1488/1735/1433 1503/1736/1433 1504/1740/1433
f 1497/1741/1434 1496/1737/1434 1511/1738/1434 1512/1742/1434
f 1490/1743/1435 1489/1739/1435 1504/1740/1435 1505/1744/1435
f 1498/1745/1436 1497/1741/1436 1512/1742/1436 1513/1746/1436
f 1491/1747/1437 1490/1743/1437 1505/1744/1437 1506/1748/1437
f 1499/1749/1438 1498/1745/1438 1513/1746/1438 1514/1750/1438
f 1492/1751/1439 1491/1747/1439 1506/1748/1439 1507/1752/1439
f 1500/1753/1440 1499/1749/1440 1514/1750/1440 1515/1754/1440
f 1493/1755/1441 1492/1751/1441 1507/1752/1441 1508/1756/1441
f 1486/1728/1442 1214/1757/1442 1501/1729/1442
f 1440/1758/1443 1500/1753/1443 1515/1754/1443
f 1494/1732/1444 1493/1755/1444 1508/1756/1444 1509/1733/1444
f 1506/1748/1445 1505/1744/1445 1520/1759/1445 1521/1760/1445
f 1514/1750/1446 1513/1746/1446 1528/1761/1446 1529/1762/1446
f 1507/1752/1447 1506/1748/1447 1521/1760/1447 1522/1763/1447
f 1515/1754/1448 1514/1750/1448 1529/1762/1448 1530/1764/1448
f 1508/1756/1449 1507/1752/1449 1522/1763/1449 1523/1765/1449
f 1501/1729/1450 1214/1766/1450 1516/1767/1450
f 1440/1768/1451 1515/1754/1451 1530/1764/1451
f 1509/1733/1452 1508/1756/1452 1523/1765/1452 1524/1769/1452
f 1502/1730/1453 1501/1729/1453 1516/1767/1453 1517/1770/1453
f 1510/1734/1454 1509/1733/1454 1524/1769/1454 1525/1771/1454
f 1503/1736/1455 1502/1730/1455 1517/1770/1455 1518/1772/1455
f 1511/1738/1456 1510/1734/1456 1525/1771/1456 1526/1773/1456
f 1504/1740/1457 1503/1736/1457 1518/1772/1457 1519/1774/1457
f 1512/1742/1458 1511/1738/1458 1526/1773/1458 1527/1775/1458
f 1505/1744/1459 1504/1740/1459 1519/1774/1459 1520/1759/1459
f 1513/1746/1460 1512/1742/1460 1527/1775/1460 1528/1761/1460
f 1525/1771/1461 1524/1769/1461 1539/1776/1461 1540/1777/1461
f 1518/1772/1462 1517/1770/1462 1532/1778/1462 1533/1779/1462
f 1526/1773/1463 1525/1771/1463 1540/1777/1463 1541/1780/1463
f 1519/1774/1464 1518/1772/1464 1533/1779/1464 1534/1781/1464
f 1527/1775/1465 1526/1773/1465 1541/1780/1465 1542/1782/1465
f 1520/1759/1466 1519/1774/1466 1534/1781/1466 1535/1783/1466
f 1528/1761/1467 1527/1775/1467 1542/1782/1467 1543/1784/1467
f 1521/1760/1468 1520/1759/1468 1535/1783/1468 1536/1785/1468
f 1529/1762/1469 1528/1761/1469 1543/1784/1469 1544/1786/1469
f 1522/1763/1470 1521/1760/1470 1536/1785/1470 1537/1787/1470
f 1530/1764/1471 1529/1762/1471 1544/1786/1471 1545/1788/1471
f 1523/1765/1472 1522/1763/1472 1537/1787/1472 1538/1789/1472
f 1516/1767/1473 1214/1790/1473 1531/1791/1473
f 1440/1792/1474 1530/1764/1474 1545/1788/1474
f 1524/1769/1475 1523/1765/1475 1538/1789/1475 1539/1776/1475
f 1517/1770/1476 1516/1767/1476 1531/1791/1476 1532/1778/1476
f 1544/1786/1477 1543/1784/1477 1558/1793/1477 1559/1794/1477
f 1537/1787/1478 1536/1785/1478 1551/1795/1478 1552/1796/1478
f 1545/1788/1479 1544/1786/1479 1559/1794/1479 1560/1797/1479
f 1538/1789/1480 1537/1787/1480 1552/1796/1480 1553/1798/1480
f 1531/1791/1481 1214/1799/1481 1546/1800/1481
f 1440/1801/1482 1545/1788/1482 1560/1797/1482
f 1539/1776/1483 1538/1789/1483 1553/1798/1483 1554/1802/1483
f 1532/1778/1484 1531/1791/1484 1546/1800/1484 1547/1803/1484
f 1540/1777/1485 1539/1776/1485 1554/1802/1485 1555/1804/1485
f 1533/1779/1486 1532/1778/1486 1547/1803/1486 1548/1805/1486
f 1541/1780/1487 1540/1777/1487 1555/1804/1487 1556/1806/1487
f 1534/1781/1488 1533/1779/1488 1548/1805/1488 1549/1807/1488
f 1542/1782/1489 1541/1780/1489 1556/1806/1489 1557/1808/1489
f 1535/1783/1490 1534/1781/1490 1549/1807/1490 1550/1809/1490
f 1543/1784/1491 1542/1782/1491 1557/1808/1491 1558/1793/1491
f 1536/1785/1492 1535/1783/1492 1550/1809/1492 1551/1795/1492
f 1556/1806/1493 1555/1804/1493 1570/1810/1493 1571/1811/1493
f 1549/1807/1494 1548/1805/1494 1563/1812/1494 1564/1813/1494
f 1557/1808/1495 1556/1806/1495 1571/1811/1495 1572/1814/1495
f 1550/1809/1496 1549/1807/1496 1564/1813/1496 1565/1815/1496
f 1558/1793/1497 1557/1808/1497 1572/1814/1497 1573/1816/1497
f 1551/1795/1498 1550/1809/1498 1565/1815/1498 1566/1817/1498
f 1559/1794/1499 1558/1793/1499 1573/1816/1499 1574/1818/1499
f 1552/1796/1500 1551/1795/1500 1566/1817/1500 1567/1819/1500
f 1560/1797/1501 1559/1794/1501 1574/1818/1501 1575/1820/1501
f 1553/1798/1502 1552/1796/1502 1567/1819/1502 1568/1821/1502
f 1546/1800/1503 1214/1822/1503 1561/1823/1503
f 1440/1824/1504 1560/1797/1504 1575/1820/1504
f 1554/1802/1505 1553/1798/1505 1568/1821/1505 1569/1825/1505
f 1547/1803/1506 1546/1800/1506 1561/1823/1506 1562/1826/1506
f 1555/1804/1507 1554/1802/1507 1569/1825/1507 1570/1810/1507
f 1548/1805/1508 1547/1803/1508 1562/1826/1508 1563/1812/1508
f 1575/1820/1509 1574/1818/1509 1589/1827/1509 1590/1828/1509
f 1568/1821/1510 1567/1819/1510 1582/1829/1510 1583/1830/1510
f 1561/1823/1511 1214/1831/1511 1576/1832/1511
f 1440/1833/1512 1575/1820/1512 1590/1828/1512
f 1569/1825/1513 1568/1821/1513 1583/1830/1513 1584/1834/1513
f 1562/1826/1514 1561/1823/1514 1576/1832/1514 1577/1835/1514
f 1570/1810/1515 1569/1825/1515 1584/1834/1515 1585/1836/1515
f 1563/1812/1516 1562/1826/1516 1577/1835/1516 1578/1837/1516
f 1571/1811/1517 1570/1810/1517 1585/1836/1517 1586/1838/1517
f 1564/1813/1518 1563/1812/1518 1578/1837/1518 1579/1839/1518
f 1572/1814/1519 1571/1811/1519 1586/1838/1519 1587/1840/1519
f 1565/1815/1520 1564/1813/1520 1579/1839/1520 1580/1841/1520
f 1573/1816/1521 1572/1814/1521 1587/1840/1521 1588/1842/1521
f 1566/1817/1522 1565/1815/1522 1580/1841/1522 1581/1843/1522
f 1574/1818/1523 1573/1816/1523 1588/1842/1523 1589/1827/1523
f 1567/1819/1524 1566/1817/1524 1581/1843/1524 1582/1829/1524
f 1579/1839/1525 1578/1837/1525 1593/1844/1525 1594/1845/1525
f 1587/1840/1526 1586/1838/1526 1601/1846/1526 1602/1847/1526
f 1580/1841/1527 1579/1839/1527 1594/1845/1527 1595/1848/1527
f 1588/1842/1528 1587/1840/1528 1602/1847/1528 1603/1849/1528
f 1581/1843/1529 1580/1841/1529 1595/1848/1529 1596/1850/1529
f 1589/1827/1530 1588/1842/1530 1603/1849/1530 1604/1851/1530
f 1582/1829/1531 1581/1843/1531 1596/1850/1531 1597/1852/1531
f 1590/1828/1532 1589/1827/1532 1604/1851/1532 1605/1853/1532
f 1583/1830/1533 1582/1829/1533 1597/1852/1533 1598/1854/1533
f 1576/1832/1534 1214/1855/1534 1591/1856/1534
f 1440/1857/1535 1590/1828/1535 1605/1853/1535
f 1584/1834/1536 1583/1830/1536 1598/1854/1536 1599/1858/1536
f 1577/1835/1537 1576/1832/1537 1591/1856/1537 1592/1859/1537
f 1585/1836/1538 1584/1834/1538 1599/1858/1538 1600/1860/1538
f 1578/1837/1539 1577/1835/1539 1592/1859/1539 1593/1844/1539
f 1586/1838/1540 1585/1836/1540 1600/1860/1540 1601/1846/1540
f 1598/1854/1541 1597/1852/1541 1135/1309/1541 1136/1308/1541
f 1591/1856/1542 1214/1861/1542 1606/1312/1542
f 1440/1862/1543 1605/1853/1543 1614/1304/1543
f 1599/1858/1544 1598/1854/1544 1136/1308/1544 1137/1316/1544
f 1592/1859/1545 1591/1856/1545 1606/1312/1545 1607/1318/1545
f 1600/1860/1546 1599/1858/1546 1137/1316/1546 1610/1320/1546
f 1593/1844/1547 1592/1859/1547 1607/1318/1547 1133/1322/1547
f 1601/1846/1548 1600/1860/1548 1610/1320/1548 1138/1324/1548
f 1594/1845/1549 1593/1844/1549 1133/1322/1549 1608/1326/1549
f 1602/1847/1550 1601/1846/1550 1138/1324/1550 1611/1328/1550
f 1595/1848/1551 1594/1845/1551 1608/1326/1551 1134/1330/1551
f 1603/1849/1552 1602/1847/1552 1611/1328/1552 1612/1332/1552
f 1596/1850/1553 1595/1848/1553 1134/1330/1553 1609/1334/1553
f 1604/1851/1554 1603/1849/1554 1612/1332/1554 1613/1305/1554
f 1597/1852/1555 1596/1850/1555 1609/1334/1555 1135/1309/1555
f 1605/1853/1556 1604/1851/1556 1613/1305/1556 1614/1304/1556
